HF_ID,HF_CODE,NAME_KH,NAME_EN,PRO_CODE,PRO_NAME_KH,PRO_NAME_EN,DIS_CODE,DIS_NAME_KH,DIS_NAME_EN,OD_CODE,OD_NAME_KH,OD_NAME_EN,COM_CODE,COM_NAME_KH,COM__NAME_EN,VIL_CODE,VIL_NAME_KH,VIL__NAME_EN,OWNERSHIP,ACRONYM,HF_TYPE_EN,HF_TYPE_KH,HF_LEVEL,HF_HEAD,CONTACT_NO,CONTACT_EMAIL,HF_LAT,HF_LON,START_DATE,GOOGLE_MAP_LINK,STATUS,missing_required_fields
174130,NA,HC ប៉ោយប៉ែត,HC Poipet,01,បន្ទាយមានជ័យ,Banteay Meanchey,0105,ប៉ោយប៉ែត,Poipet,0102,ប៉ោយប៉ែត,Poipet,010509,ប៉ោយប៉ែត,Poipet,01050907,សិលាខ្មែរ,Seila Khmer,DPHI (GPS),HC,Health Center,មណ្ឌលសុខភាព,,Unknown,NA,NA,13.6676066498525,102.58768258095,45292,,Operational,HF_CODE;HF_LEVEL;CONTACT_NO
198108,,HC គុត្តសត,HC KutShort,01,បន្ទាយមានជ័យ,Banteay Meanchey,0105,អូរជ្រៅ,Ou Chrov,0102,ប៉ោយប៉ែត,Poipet,010509,គុត្តសត,KutShort,01050907,សិលាខ្មែរ,Seila Khmer,DPHI (GPS),HC,Health Center,មណ្ឌលសុខភាព,MPA,លោក ឌី​ ប៊ុនយ៉ុង,889363794,yongban639@gmail.com,13.5920013073348,102.763018677879,45292,,Operational,HF_CODE
617549,NA,HC គំរូ,HC Kumrou,01,បន្ទាយមានជ័យ,Banteay Meanchey,0108,ថ្មពួក,thmor  Puok,0104,ថ្មពួក,thmor  Puok,010807,គំរូ,Kumrou,01080706,តាយឹង,Tayeung,DPHI (GPS),HC,Health Center,មណ្ឌលសុខភាព,,លោក ឡេង សោភ័ណ,885 12 600 496,NA,13.9435378971924,103.050892881477,45292,,Operational,HF_CODE;HF_LEVEL
454262,010201,RH មន្ទីរពេទ្យបង្អែកប៉ោយប៉ែត,RH Poipet,01,បន្ទាយមានជ័យ,Banteay Meanchey,0105,ប៉ោយប៉ែត,Poipet,0102,ប៉ោយប៉ែត,Poipet,011003,អូរឫស្សី,Ou Russei,01100304,ប្រជាធម្មកើត,Prachea Thorm Kaeut,DPHI (GPS),HC,Referral Hospital,មន្ទីរពេទ្យបង្អែកក្រុង,CPA2,លោកវេជ្ជ.ឱក ទីណា,885 85 999 917,rhpoipet1@gmail.com,,,,,,HF_LAT;HF_LON;STATUS;START_DATE
916070,010126,HP សាយសាម៉ន,HP Say Samorn,01,បន្ទាយមានជ័យ,Banteay Meanchey,0102,មង្គលបូរី,Mongkol Borei,0101,មង្គលបូរី,Mongkol Borei,010203,ចំណោម,Chamnaom,01020318,សាយសាម៉ន,Say Samon,DPHI (GPS),HP,Health Post,ប៉ុស្តិ៍សុខភាព,,លោក.អំ   សិលា,885 81 36 85 75,sela@168.com,13.4438221381643,102.840037002334,01/01/2006,,Operational,HF_LEVEL
045469,1040701,HP ក្វាវលិច,HP Khave Lech,01,បន្ទាយមានជ័យ,Banteay Meanchey,0108,ស្វាយចេក,Svay Chek,0104,ថ្មពួក,Thma Puok,010804,ស្វាយចេក,Svay Chek,01080410,ខ្វាវលិច,Khvav Lech,DPHI (GPS),HP,Health Post,ប៉ុស្តិ៍សុខភាព,,Unknown,NA,NA,13.8566492156079,102.869665126947,01/01/2006,,Operational,HF_LEVEL;CONTACT_NO
182370,1040401,HP ប្រាសាទត្បែង,HP Prasat Tbeng,01,បន្ទាយមានជ័យ,Banteay Meanchey,0107,ថ្មពួក,Thma Puok,0104,ថ្មពួក,Thma Puok,010701,បន្ទាយឆ្មារ,Banteay Chhmar,01070113,ប្រាសាទត្បែង,Prasat Tbaeng,DPHI (GPS),HP,Health Post,ប៉ុស្តិ៍សុខភាព,,លោក.ភួង វុត្ថា,885 12 248 088,NA,14.12353752,102.9625021,01/01/2006,,Operational,HF_LEVEL
841601,1012301,HP អូដង្កោ,HP Ou dongkoa,01,បន្ទាយមានជ័យ,Banteay Meanchey,0102,មង្គលបូរី,Mongkol Borei,0101,មង្គលបូរី,Mongkol Borei,010208,រហាត់ទឹក,Rohat Tuek,01020809,អូរដង្កោ,Ou Dangkao,DPHI (GPS),HP,Health Post,ប៉ុស្តិ៍សុខភាព,,លោក.វ៉ន សុភត្ត្រា,885 89 658 267,sopheaktravorn88@gmail.com,13.49251567,102.9912068,01/01/2006,,Operational,HF_LEVEL
164549,,HPកំបោរ,HP Kamboa,01,បន្ទាយមានជ័យ,Banteay Meanchey,0104,ព្រះនេត្រព្រះ,Preah Netr Preah,0103,ព្រះ​នេត្រ​ព្រះ,Preah Net Preah,010403,ភ្នំលៀប,Phnum Lieb,01040302,កំបោរ,kamboa,DPHI (GPS),HP,Health Post,ប៉ុស្តិ៍សុខភាព,,លោកស្រី រស់ ដាណែត,885 77z 776 554,,,,,,,HF_CODE;HF_LEVEL;HF_LAT;HF_LON;STATUS;START_DATE
319158,010315,HP គោកកី,HP Kouk Key,01,បន្ទាយមានជ័យ,Banteay Meanchey,0104,ព្រះនេត្រព្រះ,Preah Netr Preah,0103,ព្រះ​នេត្រ​ព្រះ,Preah Net Preah,010408,ទឹកជោរ,Tuek Chour,01040804,គោកកី,Kouk Kei,DPHI (GPS),HP,Health Post,ប៉ុស្តិ៍សុខភាព,,លោក ច្រឹក លួង,885 88 941 38 56,NA,13.63941757,103.3531041,01/01/2016,,Operational,HF_LEVEL
116347,,HP បឹងជង្រុក,HPBoeung Chungruk Techo Chhneas Chhneas,01,បន្ទាយមានជ័យ,Banteay Meanchey,0109,ម៉ាឡៃ,Malai,0109,ម៉ាឡៃ,Malai,010901,ទួលពង្រ,Tuol Pongro,,បឹងជង្រុកតេជោឈ្នះឈ្នះ,Boeung Chungruk Techo Chhneas Chhneas,DPHI (GPS),HP,Health Post,ប៉ុស្តសុខភាព,,កញ្ញា ខុប គន្ធា,885 87 241 619,,,,,,,HF_CODE;HF_LEVEL;VIL_CODE;HF_LAT;HF_LON;STATUS;START_DATE
903415,010122,HP ព្រីងកោង,HP Pring Koang,01,បន្ទាយមានជ័យ,Banteay Meanchey,0104,ព្រះនេត្រព្រះ,Preah Netr Preah,0103,ព្រះ​នេត្រ​ព្រះ,Preah Net Preah,010409,បុស្សស្បូវ,Bos Sbov,01040911,ព្រីងកោង,Prignkorng,DPHI (GPS),HP,Health Post,ប៉ុស្តិ៍សុខភាព,,លោកស្រីស៊ុម សុជាតិ,885 77 814 106,NA,13.72986385,103.0670239,01/01/2023,,Operational,HF_LEVEL
868274,010314,HP កូនខ្លែង,HP Kuon Klaeng,01,បន្ទាយមានជ័យ,Banteay Meanchey,0103,ភ្នំស្រុក,Phnum Srok,0103,ព្រះ​នេត្រ​ព្រះ,Preah Net Preah,010302,ប៉ោយចារ,Poy Char,01030202,ប៉ោយចារ,Poy Char,DPHI (GPS),HP,Health Post,ប៉ុស្តិ៍សុខភាព,,លោកស្រី វៀន ម៉ូរតនា,885 88 553 93 89,NA,13.9092907815627,103.299629077871,01/03/2018,,Operational,HF_LEVEL
411323,,HP ស្លែង,HP Sleng,01,បន្ទាយមានជ័យ,Banteay Meanchey,0108,ស្វាយចេក,Svay Chek,0104,ថ្មពួក,thmor  Puok,,ស្វាយចេក,Svay Chek,,ស្លែង,Sleng,DPHI (GPS),HP,Health Post,ប៉ុស្តសុខភាព,,លោក មូល បៀត,885 97 247 0005,NA,,,,,,HF_CODE;HF_LEVEL;COM_CODE;VIL_CODE;HF_LAT;HF_LON;STATUS;START_DATE
672887,,HP ក្វាវលិច,HP Khav Lech,01,បន្ទាយមានជ័យ,Banteay Meanchey,0108,ស្វាយចេក,Svay Chek,0104,ថ្មពួក,thmor  Puok,,ស្វាយចេក,Svay Chek,,ខ្វាវលិច,Khav Lech,DPHI (GPS),HP,Health Post,ប៉ុស្តសុខភាព,,លោក ប៊ុន សារ៉ន,885 12 269 527,NA,,,,,,HF_CODE;HF_LEVEL;COM_CODE;VIL_CODE;HF_LAT;HF_LON;STATUS;START_DATE
616183,010215,HP អន្លង់ស្វាយ,HP Anlong Svay,01,បន្ទាយមានជ័យ,Banteay Meanchey,0105,អូរជ្រៅ,Ou Chrov,0102,ប៉ោយប៉ែត,Poipet,011001,និមិត្ដ,Nimitt,01100113,គួបធំ,Koub Thum,DPHI (GPS),HP,Health Post,ប៉ុស្តិ៍សុខភាព,,លោក ដែង ថងដាំ,885 71 3227 223,deingthongdam@gmail.com,13.6491363252849,102.883994217535,01/11/2022,,Operational,HF_LEVEL
145994,,HP ការ៉េ២,HP Kuon Klaeng,01,បន្ទាយមានជ័យ,Banteay Meanchey,0103,ភ្នំស្រុក,Phnum Srok,0103,ព្រះ​នេត្រ​ព្រះ,Preah Net Preah,010302,ប៉ោយចារ,Poy Char,01030202,ប៉ោយចារ,Poy Char,DPHI (GPS),HP,Health Post,ប៉ុស្តិ៍សុខភាព,,លោក.ហាយ ប៊ុនឬទ្ធិ,855 87 444 422,NA,13.9092907815627,103.299629077871,01/03/2018,,Operational,HF_CODE;HF_LEVEL
764235,010121,HP ខ្ចាស់,HP Khchas,01,បន្ទាយមានជ័យ,Banteay Meanchey,0104,ព្រះនេត្រព្រះ,Preah Netr Preah,0103,ព្រះ​នេត្រ​ព្រះ,Preah Net Preah,010409,បុស្សស្បូវ,Bos Sbov,01040913,ខ្ចាស់,Khchas,DPHI (GPS),HP,Health Post,ប៉ុស្តិ៍សុខភាព,,លោកស្រី.ស៊ិន វ៉ាន់យីន,855 17 624 161,NA,13.690861680114,103.110877937312,01/02/2021,,Operational,HF_LEVEL
927151,010507,HP ពន្ធធនាគារ,HP Punterniekea,01,បន្ទាយមានជ័យ,Banteay Meanchey,0106,សិរីសោភ័ណ,Serei Saophoan,0106,សិរីសោភ័ណ,Serei Saophoan,010608,ទឹកថ្លា,Tuek Thla,,ទំនប់ជ្រៃ,Tumnob Chrey,DPHI (GPS),HP,Health Post,ប៉ុស្តសុខភាព,,លោក.អូ សុធី,885 12 340 333,?,,,,,,HF_LEVEL;VIL_CODE;HF_LAT;HF_LON;STATUS;START_DATE
885979,,HP ថ្មបាំង,HP Thmorbang,01,បន្ទាយមានជ័យ,Banteay Meanchey,0109,ម៉ាឡៃ,Malai,0109,ម៉ាឡៃ,Malai,010901,បឹងបេង,Boeng Beng,,ថ្មបាំង,Thmorbang,DPHI (GPS),HP,Health Post,ប៉ុស្តសុខភាព,,លោក  ឈីវ លីហួ,885 16 231 026,,,,,,,HF_CODE;HF_LEVEL;VIL_CODE;HF_LAT;HF_LON;STATUS;START_DATE
910587,100101,RH មន្ទីរពេទ្យបង្អែកឆ្លូង,RH Chhlong,10,ក្រចេះ,Kratie,1001,ឆ្លូង,Chhloung,1001,ឆ្លូង,Chhlong,100101,ឆ្លូង,Chhloung,10010102,ជ្រោយថ្មក្រោម,Chrouy Thma Kraom,DPHI (GPS),RH,Referral Hospital,មន្ទីរពេទ្យបង្អែកស្រុក,,ប៊ិន ប៊ុណ្ណាវេត,855 977722955,NA,12.2582790184474,105.964287527015,01/01/2006,,Operational,HF_LEVEL
800139,100102,HC ចំបក់,HC Chambak,10,ក្រចេះ,Kratie,1003,ព្រែកប្រសព្វ,Prek Prasab,1001,ឆ្លូង,Chhlong,100301,ចំបក់,Chambâk,10030101,ចំបក់ ១,Chambâk 1,DPHI (GPS),HC,Health Center,មណ្ឌលសុខភាព,,យ៉ន សុពល,855 972605412,NA,12.2751806490777,105.810518405222,01/01/2006,,Operational,HF_LEVEL
145861,100103,HC តាម៉ៅ,HC Ta Mao,10,ក្រចេះ,Kratie,1003,ព្រែកប្រសព្វ,Prek Prasab,1001,ឆ្លូង,Chhlong,100308,តាម៉ៅ,Ta Mao,10030807,តាម៉ៅក្រោម,Ta Mau Kraom,DPHI (GPS),HC,Health Center,មណ្ឌលសុខភាព,,សេង គឹមលេង,855 978829433,NA,12.2851627863422,105.91863287636,01/01/2006,,Operational,HF_LEVEL
109242,100105,HC ខ្សាច់អណ្តែត,HC Khsach Andet,10,ក្រចេះ,Kratie,1001,ឆ្លូង,Chhloung,1001,ឆ្លូង,Chhlong,100106,ខ្សាច់អណ្ដែត,Khsach Andeth,10010601,ព្រែកសំរោងទី១,Preaek Samrong Ti Muoy,DPHI (GPS),HC,Health Center,មណ្ឌលសុខភាព,,ធីន ណាល់,855 975176918,NA,12.2521145670041,105.868623946358,01/01/2006,,Operational,HF_LEVEL
391501,100106,HC ពង្រ,HC Pongro,10,ក្រចេះ,Kratie,1001,ឆ្លូង,Chhloung,1001,ឆ្លូង,Chhlong,100107,ពង្រ,Pongro,10010702,ពង្រ ១,Pongro Muoy,DPHI (GPS),HC,Health Center,មណ្ឌលសុខភាព,,ហុង ណារិន,855 12780069,NA,12.25245754,105.9221745,01/01/2006,,Operational,HF_LEVEL
194648,100107,HC ជ្រោយថ្ម,HC Chroy Thmor,10,ក្រចេះ,Kratie,1001,ឆ្លូង,Chhloung,1001,ឆ្លូង,Chhlong,100101,ឆ្លូង,Chhloung,10010102,ជ្រោយថ្មក្រោម,Chrouy Thma Kraom,DPHI (GPS),HC,Health Center,មណ្ឌលសុខភាព,,ជា សេងធួន,855 12224328,NA,12.2577028325975,105.964467481916,01/01/2006,,Operational,HF_LEVEL
015044,100108,HC កញ្ជរ,HC Kanhchor,10,ក្រចេះ,Kratie,1001,ឆ្លូង,Chhloung,1001,ឆ្លូង,Chhlong,100105,កញ្ជរ,Kanhchor,10010502,ឈើទាលភ្លោះក្រោម,Chheu Teal Phluoh Kraom,DPHI (GPS),HC,Health Center,មណ្ឌលសុខភាព,,យ៉ឹក សុខណា,855 884400767,NA,12.2995372479746,106.036748808545,01/01/2006,,Operational,HF_LEVEL
962563,100109,HC ដំរីផុង,HC Damrei Phong,10,ក្រចេះ,Kratie,1001,ឆ្លូង,Chhloung,1001,ឆ្លូង,Chhlong,100102,ដំរីផុង,Damrei Phong,10010202,បុស្ស,Bos,DPHI (GPS),HC,Health Center,មណ្ឌលសុខភាព,,មាន ប៊ុណ្ណា,855 978444456,NA,12.1659901786556,106.07400202861,01/01/2006,,Operational,HF_LEVEL
376309,100110,HC ឫស្សីកែវ,HC Russey Keo,10,ក្រចេះ,Kratie,1003,ព្រែកប្រសព្វ,Prek Prasab,1001,ឆ្លូង,Chhlong,100306,ឫស្សីកែវ,Russey Keo,10030602,ឫស្សីកែវ,Russey Keo,DPHI (GPS),HC,Health Center,មណ្ឌលសុខភាព,,ឆូវ ឡុម,855 77758668,NA,12.282483411931,105.778736933908,24/01/2013,,Operational,HF_LEVEL
321516,100111,RH មន្ទីរពេទ្យបង្អែកព្រែកប្រសព្វ,RH Prek Prasob,10,ក្រចេះ,Kratie,1003,ព្រែកប្រសព្វ,Prek Prasab,1001,ឆ្លូង,Chhlong,100305,ព្រែកប្រសព្វ,Preaek Prasab,10030507,ព្រែកប្រសព្វក្រោម,Preaek Prasab Kraom,DPHI (GPS),RH,Referral Hospital,មន្ទីរពេទ្យបង្អែកស្រុក,,តៅ វែងទី,855 318008009,NA,12.3399099859523,106.03649522019,01/01/2021,,Operational,HF_LEVEL
362450,100112,HC ព្រែកប្រសព្វ,HC Prek Prasob,10,ក្រចេះ,Kratie,1003,ព្រែកប្រសព្វ,Prek Prasab,1001,ឆ្លូង,Chhlong,100305,ព្រែកប្រសព្វ,Preaek Prasab,10030507,ព្រែកប្រសព្វក្រោម,Preaek Prasab Kraom,DPHI (GPS),HC,Health Center,មណ្ឌលសុខភាព,,លេង ច័ន្ទធី,855 974869751,NA,12.340068171614,106.035726618823,01/01/2021,,Operational,HF_LEVEL
399430,100113,HC ព្រែកសាម៉ាន់,HC Prek Saman,10,ក្រចេះ,Kratie,1001,ឆ្លូង,Chhloung,1001,ឆ្លូង,Chhlong,100108,ព្រែកសាម៉ាន់,Preaek Saman,10010805,ព្រែកសាម៉ាន់,Preaek Saman,DPHI (GPS),HC,Health Center,មណ្ឌលសុខភាព,,លី សូផាត,855 886688844,NA,12.277659,106.022673,01/02/2021,,Operational,HF_LEVEL
591227,100114,HC កំពង់គរ,HC Kampong Kor,10,ក្រចេះ,Kratie,1003,ព្រែកប្រសព្វ,Prek Prasab,1001,ឆ្លូង,Chhlong,100303,កំពង់គរ,Kampong Kor,10030303,កំពង់គរ,Kampong Kor,DPHI (GPS),HC,Health Center,មណ្ឌលសុខភាព,,សេង ហៃ,855 883774630,NA,12.275824,105.961207,01/02/2021,,Operational,HF_LEVEL
526832,100201,PH មន្ទីរពេទ្យខេត្តក្រចេះ,PH Kratie,10,ក្រចេះ,Kratie,1002,ក្រចេះ,Kracheh,1002,ក្រចេះ,Kratie,100209,ក្រចេះ,Kracheh,10020902,ក្រចេះ,Kracheh,DPHI (GPS),PH,Provincial Hospital,មន្ទីរពេទ្យខេត្ត,,ហេង សុខន,855 12881880,NA,12.4765178950379,106.021908407256,01/01/2006,,Operational,HF_LEVEL
363573,100202,HC បុសលាវ,HC Bos Leav,10,ក្រចេះ,Kratie,1006,ចិត្របុរី,Chetr Borei,1002,ក្រចេះ,Kratie,100601,បុសលាវ,Bos Leav,10060108,តាលុស,Ta Lus,DPHI (GPS),HC,Health Center,មណ្ឌលសុខភាព,,ផាប់ កាណា,855 11245551,NA,12.4303065325291,106.032357954573,01/01/2006,,Operational,HF_LEVEL
710724,100203,HC កន្ទួត,HC Kantuot,10,ក្រចេះ,Kratie,1006,ចិត្របុរី,Chetr Borei,1002,ក្រចេះ,Kratie,100604,កន្ទួត,Kantuot,10060404,កន្ទួត,Kantuot,DPHI (GPS),HC,Health Center,មណ្ឌលសុខភាព,,សរ ម៉ាឡា,855 12232419,NA,12.4576452370859,106.173064250934,01/01/2006,,Operational,HF_LEVEL
615094,100204,HC ថ្មគ្រែ,HC Thma Krae,10,ក្រចេះ,Kratie,1006,ចិត្របុរី,Chetr Borei,1002,ក្រចេះ,Kratie,100609,ថ្មគ្រែ,Thma Kreae,10060902,ថ្មគ្រែកណ្ដាល,Thma Krae Kandal,DPHI (GPS),HC,Health Center,មណ្ឌលសុខភាព,,ឈាង សុខអូន,855 979544546,NA,12.5478328657975,106.005483569103,01/01/2006,,Operational,HF_LEVEL
397229,100205,HC ថ្មី,HC Thmei,10,ក្រចេះ,Kratie,1006,ចិត្របុរី,Chetr Borei,1002,ក្រចេះ,Kratie,100610,ថ្មី,Thmei,10061008,ត្នោត,Tnaot,DPHI (GPS),HC,Health Center,មណ្ឌលសុខភាព,,គួយ ឆេងទាង,855 972100611,NA,12.4814346700618,106.213444556375,01/01/2006,,Operational,HF_LEVEL
538585,100206,HC រការកណ្តាល,HC Rakar Kandal,10,ក្រចេះ,Kratie,1002,ក្រចេះ,Kracheh,1002,ក្រចេះ,Kratie,100211,រកាកណ្ដាល,Rakar Kandal,10021101,រកាកណ្ដាល១,Rakar Kandal1,DPHI (GPS),HC,Health Center,មណ្ឌលសុខភាព,,លាង យុទ្ធារី,855 92125230,NA,12.4672910367865,106.027931763215,01/01/2006,,Operational,HF_LEVEL
596122,100207,HC អូរឬស្សី,HC Ou Ruessei,10,ក្រចេះ,Kratie,1002,ក្រចេះ,Kracheh,1002,ក្រចេះ,Kratie,100210,អូរឫស្សី,Ou Ruessei,10021003,អូរឫស្សី ទី១,Ou Ruessei Ti Muoy,DPHI (GPS),HC,Health Center,មណ្ឌលសុខភាព,,លន់ ណារ៉ែន,855 12685680,NA,12.4965297277318,106.033259482248,01/01/2006,,Operational,HF_LEVEL
706433,100208,HC ជ្រោយបន្ទាយ,HC Chrouy Banteay,10,ក្រចេះ,Kratie,1003,ព្រែកប្រសព្វ,Prek Prasab,1001,ឆ្លូង,Chhlong,100302,ជ្រោយបន្ទាយ,Chrouy Banteay,10030206,រកាធំ,Roka Thum,DPHI (GPS),HC,Health Center,មណ្ឌលសុខភាព,,ថោង សុផាត,855 977552300,NA,12.5554057121239,105.991232599961,01/04/2016,,Operational,HF_LEVEL
924404,100209,HC សោប,HC Saob,10,ក្រចេះ,Kratie,1003,ព្រែកប្រសព្វ,Prek Prasab,1001,ឆ្លូង,Chhlong,100307,សោប,Saob,10030706,សោបក្រោម,Saob Kraom,DPHI (GPS),HC,Health Center,មណ្ឌលសុខភាព,,គ្រួច សុវ៉ាន់ឌី,855 313337778,NA,12.4723782737941,106.001688301428,01/04/2016,,Operational,HF_LEVEL
901385,100210,HC សណ្តាន់,HC Sandan,10,ក្រចេះ,Kratie,1004,សំបូរ,Sambour,1002,ក្រចេះ,Kratie,100408,សណ្ដាន់,Sandan,10040803,សណ្ដាន់,Sandan,DPHI (GPS),HC,Health Center,មណ្ឌលសុខភាព,,វ៉ាន់ មឿន,855 12285058,NA,12.6863889781414,106.017477545597,01/01/2006,,Operational,HF_LEVEL
966193,100212,HC អូរគ្រៀង,HC Ou Krieng,10,ក្រចេះ,Kratie,1007,អូរគ្រៀងសែនជ័យ,O'Krieng Senchey,1002,ក្រចេះ,Kratie,100702,អូរគ្រៀង,Ou Krieng,10070204,អូរគ្រៀង,Ou Krieng,DPHI (GPS),HC,Health Center,មណ្ឌលសុខភាព,,សំ សូដាលី,855 973808070,NA,13.0271139015351,106.180663095058,01/01/2006,,Operational,HF_LEVEL
102660,100215,HC រលួស,HC Rolours,10,ក្រចេះ,Kratie,1007,អូរគ្រៀងសែនជ័យ,O'Krieng Senchey,1002,ក្រចេះ,Kratie,100704,រលួសមានជ័យ,Roluos Mean Chey,10070402,ស្រែរលួស,Srae Roluos,DPHI (GPS),HC,Health Center,មណ្ឌលសុខភាព,,ម៉ៅ វួចហេង,855 978372003,NA,12.95999533,106.3917238,01/01/2006,,Operational,HF_LEVEL
517322,100216,HC ចង្រ្កង់,HC Changkrang,10,ក្រចេះ,Kratie,1006,ចិត្របុរី,Chetr Borei,1002,ក្រចេះ,Kratie,100602,ចង្ក្រង់,Changkrang,10060202,កសាង,Kasang,DPHI (GPS),HC,Health Center,មណ្ឌលសុខភាព,,អ៊ឹម រ៉ាវង,855 92306886,NA,12.6205171418407,106.088917427744,01/02/2011,,Operational,HF_LEVEL
254394,100230,HC មនោរម្យ,HC Monorum,10,ក្រចេះ,Kratie,1002,ក្រចេះ,Kracheh,1002,ក្រចេះ,Kratie,100208,ក្រគរ,Krakor,10020802,ទួលមនោរម្យ,Tuol Monourom,DPHI (GPS),HC,Health Center,មណ្ឌលសុខភាព,,ញឹម សីហា,855 888664064,NA,12.51886908,106.0292974,13/02/2013,,Operational,HF_LEVEL
875939,100232,HC ដារ,HC Da,10,ក្រចេះ,Kratie,1006,ចិត្របុរី,Chetr Borei,1002,ក្រចេះ,Kratie,100603,ដារ,Dar,10060303,ដារ,Dar,DPHI (GPS),HC,Health Center,មណ្ឌលសុខភាព,,សែម ចន្ធូ,855 977507774,NA,12.4848994231302,106.114464790757,13/02/2013,,Operational,HF_LEVEL
940433,100233,RH មន្ទីរពេទ្យបង្អែកសំបូរ,RH Sambo,10,ក្រចេះ,Kratie,1004,សំបូរ,Sambour,1002,ក្រចេះ,Kratie,100407,សំបូរ,Sambour,10040706,សំបូរ,Sambour,DPHI (GPS),RH,Referral Hospital,មន្ទីរពេទ្យបង្អែកស្រុក,,ផាត់ តុលា,855 12581193,NA,12.7749154399594,105.968141789711,01/01/2021,,Operational,HF_LEVEL
986671,100234,HC សំបូរ,HC Sambo,10,ក្រចេះ,Kratie,1004,សំបូរ,Sambour,1002,ក្រចេះ,Kratie,100407,សំបូរ,Sambour,10040706,សំបូរ,Sambour,DPHI (GPS),HC,Health Center,មណ្ឌលសុខភាព,,ឡោ ធុល,855 973681565,NA,12.7748833862516,105.968130265699,01/01/2021,,Operational,HF_LEVEL
855186,100235,HC វឌ្ឍនៈ,HC Vathanak,10,ក្រចេះ,Kratie,1004,សំបូរ,Sambour,1002,ក្រចេះ,Kratie,100410,វឌ្ឍនៈ,Vathanak,10041003,វឌ្ឍនៈ,Vathanak,DPHI (GPS),HC,Health Center,មណ្ឌលសុខភាព,,ងួន ប៊ុនថន,855 979926222,NA,12.6881286361229,105.985256813452,01/02/2021,,Operational,HF_LEVEL
511353,100236,HC ក្បាលដំរី,HC Kbal Domrei,10,ក្រចេះ,Kratie,1007,អូរគ្រៀងសែនជ័យ,O'Krieng Senchey,1002,ក្រចេះ,Kratie,100701,ក្បាលដំរី,Kbal Domrei,10070103,អូរតាណឹង,O'ta Neong,DPHI (GPS),HC,Health Center,មណ្ឌលសុខភាព,,ប៊ុន ស៊ីថា,855 889240444,NA,12.8431784242204,106.176462003278,01/02/2021,,Operational,HF_LEVEL
913504,100237,HC ស្រែជិះ,HC Srae Chis,10,ក្រចេះ,Kratie,1007,អូរគ្រៀងសែនជ័យ,O'Krieng Senchey,1002,ក្រចេះ,Kratie,100705,ស្រែជិះ,Srae Chis,10070505,ស្រែជិះ,Srae Chis,DPHI (GPS),HC,Health Center,មណ្ឌលសុខភាព,,ចាន់ រចនា,855 887222720,NA,12.9403639615813,106.468532366583,01/02/2021,,Operational,HF_LEVEL
546955,100238,HC ថ្មអណ្តើក,HC Thmar Anderk,10,ក្រចេះ,Kratie,1006,ចិត្របុរី,Chetr Borei,1002,ក្រចេះ,Kratie,100608,ថ្មអណ្ដើក,Thmar Andaeuk,10060801,ជួរក្រូច,Chour Krouch,DPHI (GPS),HC,Health Center,មណ្ឌលសុខភាព,,ផាត ភាន,855 886001987,NA,12.432497,106.151223,01/02/2021,,Operational,HF_LEVEL
683878,100239,HC គោលាប់,HC Ko Lorb,10,ក្រចេះ,Kratie,1002,ក្រចេះ,Kracheh,1002,ក្រចេះ,Kratie,100605,គោលាប់,Kou Loab,10060501,បន្ទាយ,Banteay,DPHI (GPS),HC,Health Center,មណ្ឌលសុខភាព,,ទាន កញ្ញា,855 12377425,NA,12.5363175486492,106.070558597804,01/02/2021,,Operational,HF_LEVEL
618342,100240,HC សំបុក,HC Sambok,10,ក្រចេះ,Kratie,1006,ចិត្របុរី,Chetr Borei,1002,ក្រចេះ,Kratie,100607,សំបុក,Sambok,10060708,កាំពី,Kampi,DPHI (GPS),HC,Health Center,មណ្ឌលសុខភាព,,អ៊ុក សាមីន,855 92413158,NA,12.6157965065321,106.022298392924,01/02/2021,,Operational,HF_LEVEL
767896,100301,RH មន្ទីរពេទ្យបង្អែកស្នួល,RH Snoul,10,ក្រចេះ,Kratie,1005,ស្នួល,Snuol,1003,ស្នួល,Snoul,100503,ស្នួល,Snuol,10050308,ផ្សារស្នួល,Psar Snuol,DPHI (GPS),RH,Referral Hospital,មន្ទីរពេទ្យបង្អែកស្រុក,,លី ធាវុធ,855 77696867,NA,12.08312362,106.423069,01/01/2020,,Operational,HF_LEVEL
970591,100302,HC ពីរធ្នូ,HC Pi Thnou,10,ក្រចេះ,Kratie,1005,ស្នួល,Snuol,1003,ស្នួល,Snoul,100502,ពីរធ្នូ,Phi Tnu,10050202,ជើងឃ្លូ,Cherng Klou,DPHI (GPS),HC,Health Center,មណ្ឌលសុខភាព,,ឈិន សាត,855 886464874,NA,12.0675521028559,106.412693595399,01/01/2020,,Operational,HF_LEVEL
817845,100303,HC ក្បាលត្រាច,HC kbal Tach,10,ក្រចេះ,Kratie,1005,ស្នួល,Snuol,1003,ស្នួល,Snoul,100504,ស្រែចារ,Srae Char,10050402,ក្បាលត្រាច,Kbal Trach,DPHI (GPS),HC,Health Center,មណ្ឌលសុខភាព,,ឃាន ចំរើន,855 12598829,NA,12.021769,106.401822,01/01/2020,,Operational,HF_LEVEL
858807,100304,HC ស្នួល,HC Snuol,10,ក្រចេះ,Kratie,1005,ស្នួល,Snuol,1003,ស្នួល,Snoul,100503,ស្នួល,Snuol,10050308,ផ្សារស្នួល,Psar Snuol,DPHI (GPS),HC,Health Center,មណ្ឌលសុខភាព,,ឈីវ ទិត្យា,855 973333087,NA,12.0830892220297,106.423131159286,01/01/2020,,Operational,HF_LEVEL
048593,100305,HC ឃ្សឹម,HC Ksim,10,ក្រចេះ,Kratie,1005,ស្នួល,Snuol,1003,ស្នួល,Snoul,100501,ឃ្សឹម,Khsuem,10050105,ឃ្សឹមក្រៅ,Khsuem Krau,DPHI (GPS),HC,Health Center,មណ្ឌលសុខភាព,,ជាម ពិសី,855 883221818,NA,12.1683497576555,106.448131334733,01/01/2020,,Operational,HF_LEVEL
589794,100306,HC ស្វាយជ្រះ,HC Svay Chreah,10,ក្រចេះ,Kratie,1005,ស្នួល,Snuol,1003,ស្នួល,Snoul,100505,ស្វាយជ្រះ,Svay Chreah,10050501,ថ្នល់,Thnal,DPHI (GPS),HC,Health Center,មណ្ឌលសុខភាព,,ញិប ម៉ាឡែត,855 977213080,NA,12.3002841858332,106.305261526481,01/01/2020,,Operational,HF_LEVEL
054325,100307,HC គ្រញូងសែនជ័យ,HC Kror nhoung Sen Chey,10,ក្រចេះ,Kratie,1005,ស្នួល,Snuol,1003,ស្នួល,Snoul,100506,គ្រញូងសែនជ័យ,Kronhoung Saen Chey,10050605,សែនអភិវឌ្ឍន៍,Sen Akphivoadth,DPHI (GPS),HC,Health Center,មណ្ឌលសុខភាព,,ម៉ែន តុងថេង,855 972644599,NA,12.1302090645512,106.756772962567,01/01/2020,,Operational,HF_LEVEL
320408,10022102,HC កំពង់ចាម,HC Kampong Cham,10,ក្រចេះ,Kratie,1004,សំបូរ,Sambour,1002,ក្រចេះ,Kratie,100402,កំពង់ចាម,Kampong Cham,10040203,កំពង់ក្របី,Kampong Krabei,DPHI (GPS),HC,Health Center,មណ្ឌលសុខភាព,,វ៉ា កាទីយ៉ា,855 976644468,NA,12.866665,105.944677,01/01/2016,,Operational,HF_LEVEL
650038,100115,HC កំពង់ដំរី,HC Kampong Domrei,10,ក្រចេះ,Kratie,1001,ឆ្លូង,Chhloung,1001,ឆ្លូង,Chhlong,100104,កំពង់ដំរី,Kampong Domrei,10010401,ប្រម៉ា,Prama,DPHI (GPS),HC,Health Center,មណ្ឌលសុខភាព,,ហេង សុខា,855 973367779,NA,12.0476378780517,106.188130313438,01/02/2021,,Operational,HF_LEVEL
346431,110101,PH មន្ទីរពេទ្យខេត្តមណ្ឌលគីរី,PH Mondul Kiri,11,មណ្ឌលគីរី,Mondul Kiri,1105,សែនមនោរម្យ,Saen Monourom,1101,សែនមនោរម្យ,Sen Monorom,110503,ស្ពានមានជ័យ,Spean Mean Chey,11050301,អូរស្ពាន,Ou Spean,DPHI (GPS),PH,Provincial Hospital,មន្ទីរពេទ្យខេត្ត,,ទុយ ស្រស់,855 975802144,None,12.4536975756488,107.18776324473,01/01/2006,,Operational,HF_LEVEL
362912,110102,HC សែនមនោរម្យ,HC Sen Monorom,11,មណ្ឌលគីរី,Mondul Kiri,1105,សែនមនោរម្យ,Saen Monourom,1101,សែនមនោរម្យ,Sen Monorom,110503,ស្ពានមានជ័យ,Spean Mean Chey,11050301,អូរស្ពាន,Ou Spean,DPHI (GPS),HC,Health Center,មណ្ឌលសុខភាព,,សឿ គាហ៊ួយ,855 12714523,None,12.453681468569,107.187992583752,01/01/2006,,Operational,HF_LEVEL
594666,110103,HC កោះញែក,HC Koh Nhek,11,មណ្ឌលគីរី,Mondul Kiri,1102,កោះញែក,Kaoh Nheaek,1101,សែនមនោរម្យ,Sen Monorom,110206,ស្រែសង្គម,Srae Sangkum,11020607,រង្សី,Reangsei,DPHI (GPS),HC,Health Center,មណ្ឌលសុខភាព,,ផន ​សុភា,855 886780627,None,13.0742827617079,107.040671841691,01/09/2006,,Operational,HF_LEVEL
360808,110104,HC ពេជ្រាដា,HC Pichreada,11,មណ្ឌលគីរី,Mondul Kiri,1104,ពេជ្រាដា,Pech Chreada,1101,សែនមនោរម្យ,Sen Monorom,110404,ប៊ូស្រា,Bu Sra,11040406,ពូចា,Pu Cha,DPHI (GPS),HC,Health Center with beds,មណ្ឌលសុខភាពមានគ្រែ,,ចាង ឃុន,855 977612031,None,12.535547049529,107.43351462417,01/01/2006,,Operational,HF_LEVEL
962073,110105,HC អូររាំង,HC O Raing,11,មណ្ឌលគីរី,Mondul Kiri,1103,អូររាំង,Ou Reang,1101,សែនមនោរម្យ,Sen Monorom,110302,សែនមនោរម្យ,Saen Monourom,11030204,ពូរ៉ាង,Pu Rang,DPHI (GPS),HC,Health Center with beds,មណ្ឌលសុខភាពមានគ្រែ,,សុខខេង ហ្គោវណ្តា,855 974538006,None,12.3338215628464,107.17069282105,01/01/2006,,Operational,HF_LEVEL
036944,110106,HC កែវសីមា,HC Keo Seima,11,មណ្ឌលគីរី,Mondul Kiri,1101,កែវសីមា,Kaev Seima,1101,សែនមនោរម្យ,Sen Monorom,110104,ស្រែខ្ទុម,Srae Khtum,11010407,ស្រែខ្ទុម,Srae Khtum,DPHI (GPS),HC,Health Center with beds,មណ្ឌលសុខភាពមានគ្រែ,,ប្រាក់ បូណារិទ្ធ,855 12266152,None,12.1837618214187,106.881533049041,01/01/2006,,Operational,HF_LEVEL
995779,110107,HC មេម៉ង់,HC Me Mang,11,មណ្ឌលគីរី,Mondul Kiri,1101,កែវសីមា,Kaev Seima,1101,សែនមនោរម្យ,Sen Monorom,110102,មេម៉ង់,Memang,11010205,ទួល,Tuol,DPHI (GPS),HC,Health Center with beds,មណ្ឌលសុខភាពមានគ្រែ,,ថាច ស៊ីថាច,855 887627952,None,12.5902738030645,106.926082712277,01/01/2006,,Operational,HF_LEVEL
226940,110109,HC អូអាម,HC O Am,11,មណ្ឌលគីរី,Mondul Kiri,1101,កែវសីមា,Kaev Seima,1101,សែនមនោរម្យ,Sen Monorom,110104,ស្រែខ្ទុម,Srae Khtum,11010401,អូរអាម,Ou Am,DPHI (GPS),HC,Health Center,មណ្ឌលសុខភាព,,ហ៊ាត ស្រេង,855 978779966,None,12.1116811632304,106.886585497106,01/01/2006,,Operational,HF_LEVEL
239267,110111,HP រយ៉,HP Royor,11,មណ្ឌលគីរី,Mondul Kiri,1102,កោះញែក,Kaoh Nheaek,1101,សែនមនោរម្យ,Sen Monorom,110203,រយ៉,Roya,11020301,រយ៉,Roya,DPHI (GPS),HP,Health Post,ប៉ុស្តិ៍សុខភាព,,ហៃ គឹមភ័ណ,855 90694713,None,13.11464185,107.047023,01/01/2006,,Operational,HF_LEVEL
945464,110115,HC ពូជ្រៃ,HC PuChrey,11,មណ្ឌលគីរី,Mondul Kiri,1104,ពេជ្រាដា,Pech Chreada,1101,សែនមនោរម្យ,Sen Monorom,110402,ពូជ្រៃ,Pu Chrey,11040202,ពូជ្រៃចាង,Pu Chrey Chang,DPHI (GPS),HC,Health Center,មណ្ឌលសុខភាព,,ថេង ប៊ុនធឿន,855 979210000,None,12.6432449089531,107.211826050615,01/01/2006,,Operational,HF_LEVEL
326126,110117,HP ពូលូង,HP Pou Loung,11,មណ្ឌលគីរី,Mondul Kiri,1105,សែនមនោរម្យ,Saen Monourom,1101,សែនមនោរម្យ,Sen Monorom,110504,រមនា,Romonea,11050403,ពូលូង,Pu Lung,DPHI (GPS),HP,Health Post,ប៉ុស្តិ៍សុខភាព,,ខ្លេង សំអូន,855 888088001,None,12.48509651,107.2409373,01/01/2006,,Operational,HF_LEVEL
550464,110118,HC ដាក់ដាំ,HC Dakdam,11,មណ្ឌលគីរី,Mondul Kiri,1103,អូររាំង,Ou Reang,1101,សែនមនោរម្យ,Sen Monorom,110301,ដាក់ដាំ,Dak Dam,11030101,ពូត្រែង,Pu Traeng,DPHI (GPS),HC,Health Center,មណ្ឌលសុខភាព,,អ៊ី សុខជា,855 979178626,None,12.4223556143168,107.307548477916,01/01/2014,,Operational,HF_LEVEL
470477,110120,HC ក្រងតេះ,HC Krang Tes,11,មណ្ឌលគីរី,Mondul Kiri,1104,ពេជ្រាដា,Pech Chreada,1101,សែនមនោរម្យ,Sen Monorom,110401,ក្រង់តេះ,Krang Teh,11040101,ក្រង់តេះ,Krang Teh,DPHI (GPS),HC,Health Center,មណ្ឌលសុខភាព,,ផាត សុភិន,855 977876600,None,12.6375387587806,107.348601334268,01/01/2014,,Operational,HF_LEVEL
118958,110121,HC ទួល,HC Tuol,11,មណ្ឌលគីរី,Mondul Kiri,1102,កោះញែក,Kaoh Nheaek,1101,សែនមនោរម្យ,Sen Monorom,110202,អ បួនលើ,A Buon Leu,11020201,ទួល,Tuol,DPHI (GPS),HC,Health Center,មណ្ឌលសុខភាព,,យន់ សោភា,855 977400626,None,13.0756324211001,107.036455112879,01/01/2015,,Operational,HF_LEVEL
622354,110122,HC ស្រែឈូក,HC Srae Chhouk,11,មណ្ឌលគីរី,Mondul Kiri,1103,អូររាំង,Ou Reang,1101,សែនមនោរម្យ,Sen Monorom,110198,ស្រែឈូក,Srae Chhouk,11020197,ចក់ចារ,Chork Cha,DPHI (GPS),HC,Health Center,មណ្ឌលសុខភាព,,ពេ ញ៉ាស្រី,855 90712255,None,12.3639052680959,106.730478259518,01/01/2023,,Operational,HF_LEVEL
158638,110123,HC ស្រែអំពូម,HC Srae Ampom,11,មណ្ឌលគីរី,Mondul Kiri,1103,អូររាំង,Ou Reang,1101,សែនមនោរម្យ,Sen Monorom,110199,ស្រែអំពូម,Srae Ampom,11020198,ពូក្រូច,Pu Kroch,DPHI (GPS),HC,Health Center,មណ្ឌលសុខភាព,,សុន វិសាល,855 69870301,None,12.5487009680546,107.340423546323,01/01/2023,,Operational,HF_LEVEL
936515,110124,HC ពាមជីមៀត,HC Peam Chimeat,11,មណ្ឌលគីរី,Mondul Kiri,1103,អូររាំង,Ou Reang,1101,សែនមនោរម្យ,Sen Monorom,110200,ណងឃីលិក,Nang Khi Lik,11020199,ពាមជីមៀត,Peam Chimeat,DPHI (GPS),HC,Health Center,មណ្ឌលសុខភាព,,សន ប៊ុនសឺន,855 886689333,None,13.2777386215983,107.147512382778,01/01/2023,,Operational,HF_LEVEL
693299,110125,HC រវាក់,HC Roveak,11,មណ្ឌលគីរី,Mondul Kiri,1103,អូររាំង,Ou Reang,1101,សែនមនោរម្យ,Sen Monorom,110201,រយ៉,Royoy,11020200,រវ៉ាក់,Roveak,DPHI (GPS),HC,Health Center,មណ្ឌលសុខភាព,,យ៉ា ច័ន្ទរឿន,855 977577446,None,13.1589142024176,106.902458,01/01/2023,,Operational,HF_LEVEL
963112,11010202,HP ពូត្រុំ,HP Pou Trom,11,មណ្ឌលគីរី,Mondul Kiri,1105,សែនមនោរម្យ,Saen Monourom,1101,សែនមនោរម្យ,Sen Monorom,110504,រមនា,Romonea,11050403,ពូត្រុំ,Pu Trom,DPHI (GPS),HP,Health Post,ប៉ុស្តិ៍សុខភាព,,យី សូនី,855 887747279,None,12.525489,107.045157,01/01/2006,,Operational,HF_LEVEL
003189,11010203,HP ស្រែអ៊ី,HP Sre Y,11,មណ្ឌលគីរី,Mondul Kiri,1105,សែនមនោរម្យ,Saen Monourom,1101,សែនមនោរម្យ,Sen Monorom,110504,រមនា,Romonea,11050404,ស្រែអ៊ី,Srae I,DPHI (GPS),HP,Health Post,ប៉ុស្តិ៍សុខភាព,,ទុំ សាវុធ,855 977725815,None,12.5253606875208,107.04519454658,01/01/2006,,Operational,HF_LEVEL
589319,11010303,HP ស្រែធំ,HP Sre Thom,11,មណ្ឌលគីរី,Mondul Kiri,1102,កោះញែក,Kaoh Nheaek,1101,សែនមនោរម្យ,Sen Monorom,110204,សុខសាន្ដ,Sokh Sant,11020403,ស្រែធំ,Srae Thum,DPHI (GPS),HP,Health Post,ប៉ុស្តិ៍សុខភាព,,វី ​ឡាំ,855 888080111,None,12.8970945376266,107.022891447263,01/01/2006,,Operational,HF_LEVEL
055300,11010304,HP ស្រែជ្រៃ,HP Sre Chrey,11,មណ្ឌលគីរី,Mondul Kiri,1102,កោះញែក,Kaoh Nheaek,1101,សែនមនោរម្យ,Sen Monorom,110201,ណងឃីលិក,Nang Khi Lik,11020102,ណងប៊ួ,Nang Buo,DPHI (GPS),HP,Health Post,ប៉ុស្តិ៍សុខភាព,,កែវ តុលា,855 315556690,None,13.234007,107.078142,01/01/2006,,Operational,HF_LEVEL
203379,11010306,HP ម្យើល,HP Myeul,11,មណ្ឌលគីរី,Mondul Kiri,1102,កោះញែក,Kaoh Nheaek,1101,សែនមនោរម្យ,Sen Monorom,110201,ណងឃីលិក,Nang Khi Lik,11020104,កោះម្យើលក្រោម,Kaoh Moeal Kraom,DPHI (GPS),HP,Health Post,ប៉ុស្តិ៍សុខភាព,,ហាន វណ្ណៈ,855 885386850,None,13.335359,107.27796,01/01/2006,,Operational,HF_LEVEL
680726,11010307,HP ក្តោយ,HP Kadoy,11,មណ្ឌលគីរី,Mondul Kiri,1102,កោះញែក,Kaoh Nheaek,1101,សែនមនោរម្យ,Sen Monorom,110203,រយ៉,Roya,11020304,ក្ដោយ,Kdaoy,DPHI (GPS),HP,Health Post,ប៉ុស្តិ៍សុខភាព,,ថន ប៊ុនឈឿន,855 888456709,None,12.912321,106.699753,01/01/2006,,Operational,HF_LEVEL
626649,11010402,HP ពូជ្រៃចាង,HP Pou Chrey chang,11,មណ្ឌលគីរី,Mondul Kiri,1104,ពេជ្រាដា,Pech Chreada,1101,សែនមនោរម្យ,Sen Monorom,110402,ពូជ្រៃ,Pu Chrey,11040202,ពូជ្រៃចាង,Pu Chrey Chang,DPHI (GPS),HP,Health Post,ប៉ុស្តិ៍សុខភាព,,ចាស់ ​ញិល,855 977265852,None,12.593336,107.240233,31-01-2011,,Operational,HF_LEVEL
186478,11010502,HP អណ្តូងក្រឡឹង,HP Andaung Kraloeng,11,មណ្ឌលគីរី,Mondul Kiri,1103,អូររាំង,Ou Reang,1101,សែនមនោរម្យ,Sen Monorom,110302,សែនមនោរម្យ,Saen Monourom,11030202,អណ្ដូងក្រឡឹង,Andoung Kraloeng,DPHI (GPS),HP,Health Post,ប៉ុស្តិ៍សុខភាព,,ឈួន ឆាន់នី,855 963766639,None,12.31926737,107.0880934,01/01/2006,,Operational,HF_LEVEL
291131,11010602,HP អូរច្រា,HP Ochra,11,មណ្ឌលគីរី,Mondul Kiri,1101,កែវសីមា,Kaev Seima,1101,សែនមនោរម្យ,Sen Monorom,110105,ស្រែព្រះ,Srae Preah,11010503,ពូកុង,Pu Kong,DPHI (GPS),HP,Health Post,ប៉ុស្តិ៍សុខភាព,,ឡើស ស្រីណូប,855 976803282,None,12.2374533501402,106.848449669242,01/01/2006,,Operational,HF_LEVEL
748534,11010701,HC អូរក្ល,HC Oklor Health,11,មណ្ឌលគីរី,Mondul Kiri,1101,កែវសីមា,Kaev Seima,1101,សែនមនោរម្យ,Sen Monorom,110101,ចុងផ្លាស់,Chong Phlah,11010101,ពូទុង,Pu Tong,DPHI (GPS),HC,Health Center,មណ្ឌលសុខភាព,,ចាន់ សំអុល,855 975163164,None,12.6123554122505,106.879908654017,01/01/2006,,Operational,HF_LEVEL
722710,11010702,RH មន្ទីរពេទ្យបង្អែកកោះញែក,RH Koh Nhek,11,មណ្ឌលគីរី,Mondul Kiri,1102,កោះញែក,Kaoh Nheaek,1101,សែនមនោរម្យ,Sen Monorom,110206,ស្រែសង្គម,Srae Sangkum,11020607,រង្សី,Reangsei,DPHI (GPS),RH,Referral Hospital,មន្ទីរពេទ្យបង្អែកស្រុក,,រុន ហា,855 884881234,None,13.0742252827484,107.040162222003,01/01/2016,,Operational,HF_LEVEL
668516,NA,HP ពន្ធនាគារ,HP Prison,11,មណ្ឌលគីរី,Mondul Kiri,1105,សែនមនោរម្យ,Saen Monourom,1101,សែនមនោរម្យ,Sen Monorom,110502,សុខដុម,Sokh Dom,11050202,ដោះក្រមុំ,Daoh Kramom,DPHI (GPS),HP,Health Post,ប៉ុស្តិ៍សុខភាព,,លាង សុខវឿន,855 71798400,None,12.463686,107.182619,01-01-2014,,Operational,HF_CODE;HF_LEVEL
372081,120101,RH មន្ទីរពេទ្យបង្អែកសម្តេចឪ សម្តេចម៉ែ,RH Samdech Ov Samdech Me,12,ភ្នំពេញ,Phnom Penh,1207,ឫស្សីកែវ,Russey Keo,1201,មេគង្គ,Mekong,120704,គីឡូម៉ែត្រលេខ៦,Kilomaetr Lekh Prammuoy,12070402,ស្ពានខ្ពស់,Spean Khpos,DPHI (GPS),RH,Referral Hospital,មន្ទីរពេទ្យបង្អែកស្រុក,,អ៊ុន សុភ័ស្ត,855 12864684,"unsophoas@yahoo.com, sophoasun@yahoo.com",11.619496,104.912391,20/06/2025,,Operational,HF_LEVEL
232084,120102,HC គីឡូម៉ែត្រលេខ ៩,HC Kilometr Lekh 9,12,ភ្នំពេញ,Phnom Penh,1207,ឫស្សីកែវ,Russey Keo,1201,មេគង្គ,Mekong,120703,ច្រាំងចំរេះទី១,Chrang Chamreh 1,12070303,ភូមិ ៤,Phum 4,DPHI (GPS),HC,Health Center,មណ្ឌលសុខភាព,,ស៊ាង សុវត្ថិ,855 12972308,None,11.63712,104.885314,20/06/2025,,Operational,HF_LEVEL
967712,120103,HC ជ្រោយចង្វារ,HC Chrouy Changva,12,ភ្នំពេញ,Phnom Penh,1210,ជ្រោយចង្វារ,Chraoy Chongvar,1201,មេគង្គ,Mekong,121001,ជ្រោយចង្វារ,Chrouy Changvar,12100102,ភូមិ ២,Phum 2,DPHI (GPS),HC,Health Center,មណ្ឌលសុខភាព,,គុយ ចាន់ស្រីណាក់,855 69987363,None,11.580908,104.936147,20/06/2025,,Operational,HF_LEVEL
243480,120104,HC កោះដាច់,HC Koh Dach,12,ភ្នំពេញ,Phnom Penh,1210,ជ្រោយចង្វារ,Chraoy Chongvar,1201,មេគង្គ,Mekong,121004,កោះដាច់,Kaoh Dach,12100403,ក្បាលកោះ,Kbal Kaoh,DPHI (GPS),HC,Health Center,មណ្ឌលសុខភាព,,ឃុយ គឹមឡេង,855 12771994,None,11.686484,104.955443,20/06/2025,,Operational,HF_LEVEL
314881,120105,HC គីឡូម៉ែត្រលេខ៦,HC Kilometr Lekh 6,12,ភ្នំពេញ,Phnom Penh,1207,ឫស្សីកែវ,Russey Keo,1201,មេគង្គ,Mekong,120704,គីឡូម៉ែត្រលេខ៦,Kilomaetr Lekh Prammuoy,12070402,ស្ពានខ្ពស់,Spean Khpos,DPHI (GPS),HC,Health Center,មណ្ឌលសុខភាព,,ជា ម៉ាលី្លកា,855 12553494,malika.chea@yahoo.com,11.619747,104.912712,20/06/2025,,Operational,HF_LEVEL
415774,,HP បាក់ខែង,HP Back Kheng,12,ភ្នំពេញ,Phnom Penh,,,,,,,,,,,,,,,,,,,,,,,,,,HF_CODE;HF_TYPE_EN;HF_LEVEL;OWNERSHIP;DIS_CODE;OD_CODE;COM_CODE;VIL_CODE;HF_LAT;HF_LON;CONTACT_NO;STATUS;START_DATE
740608,120201,PH មន្ទីរពេទ្យបង្អែករាជធានីភ្នំពេញ,PH Municipal Hospital,12,ភ្នំពេញ,Phnom Penh,1203,៧មករា,Prampir Meakkakra,1202,ចតុមុខ,Chaktomouk,120307,វាលវង់,Veal Vong,12030704,ភូមិ ៤,Phum 4,DPHI (GPS),PH,Provincial Hospital,មន្ទីរពេទ្យខេត្ត,CPA3,នេត សុវីរៈ,855 77559983,nethsovirak@yahoo.com,11.5673919798123,104.912474513428,,https://maps.app.goo.gl/QqNmydWdF76bkmL2A?g_st=it,Operational,START_DATE
497761,120202,HC ផ្សារដើមថ្កូវ,HC Phsar Durm Thkov,12,ភ្នំពេញ,Phnom Penh,1201,ចំការមន,Chamkar Mon,1202,ចតុមុខ,Chaktomouk,120112,ផ្សារដើមថ្កូវ,Phsar Daeum Thkov,12011203,ភូមិ ៣,Phum 3,DPHI (GPS),HC,Health Center,មណ្ឌលសុខភាព,,ស្រី រតនា,855 17536622/855 98222243,None,11.5332313343783,104.913993109733,01/01/2006,https://maps.app.goo.gl/hRdjJD93KJwQkWcq7,Operational,HF_LEVEL
168213,120203,HC ៧ មករា,HC 7 Makara,12,ភ្នំពេញ,Phnom Penh,1203,៧មករា,Prampir Meakkakra,1202,ចតុមុខ,Chaktomouk,120307,វាលវង់,Veal Vong,12030704,ភូមិ ៤,Phum 4,DPHI (GPS),HC,Health Center,មណ្ឌលសុខភាព,,អ៊ុំ សាម៉េត,855 11861350,None,11.56508975,104.9152049,01/01/2006,https://maps.app.goo.gl/W63ZoVio6MFvDdCw7,Operational,HF_LEVEL
613625,120204,HC ទួលស្វាយព្រៃ,HC Turl Svay Prey,12,ភ្នំពេញ,Phnom Penh,1201,បឹងកេងកង,Boeung Keng Kang,1202,ចតុមុខ,Chaktomouk,120107,ទួលស្វាយព្រៃទី ២,Tuol Svay Prey Ti Pir,12010707,ភូមិ ៧,Phum 7,DPHI (GPS),HC,Health Center,មណ្ឌលសុខភាព,,កែវ បូរឿន,855 11219922,None,11.5530376845082,104.90442990287,01/01/2006,https://maps.app.goo.gl/TUHohyYNBGB45BMc9,Operational,HF_LEVEL
525679,120205,HC ទួលគោក,HC Tuol Kork,12,ភ្នំពេញ,Phnom Penh,1204,ទួលគោក,Tuol Kouk,1202,ចតុមុខ,Chaktomouk,120407,បឹងកក់ទី ១,Boeng Kak Ti Muoy,12040703,ភូមិ ៣,Phum 3,DPHI (GPS),HC,Health Center,មណ្ឌលសុខភាព,,អាន ពិសិដ្ឋ,855 12257385,None,11.5861004366237,104.898070066805,01/01/2006,https://maps.app.goo.gl/7mEJK2Ht4ayDSyWP7,Operational,HF_LEVEL
652036,120206,HC ដូនពេញ,HC Daun Penh,12,ភ្នំពេញ,Phnom Penh,1202,ដូនពេញ,Doun Penh,1202,ចតុមុខ,Chaktomouk,120210,ស្រះចក,Srah Chak,12021017,ភូមិ ១៧,Phum 17,DPHI (GPS),HC,Health Center,មណ្ឌលសុខភាព,,ហ៊ូ សុភារម្យ,855 12685845,None,11.587788550761,104.918671729151,01/01/2006,https://maps.app.goo.gl/DsDxsf6ntoH4ZuSW9,Operational,HF_LEVEL
313121,120207,RH មន្ទីរពេទ្យបង្អែកចតុមុខ,RH Chaktokmok,12,ភ្នំពេញ,Phnom Penh,1202,ដូនពេញ,Doun Penh,1203,ចតុមុខ,Chaktomouk,120210,ស្រះចក,Srah Chak,12020701,ដូនពេញ,Duan Penh,DPHI (GPS),RH,Referral Hospital,មន្ទីរពេទ្យបង្អែកស្រុក,,ហ៊ី សិលារិទ្ធ,855 11828787,None,11.5878860404609,104.918596933023,01/01/2019,https://maps.app.goo.gl/SfnCz2Hz28n1VjKr5,Operational,HF_LEVEL
543711,,HP ប៉ុស្តិសុខភាពសម្តេចព្រះរាជគ្រូ ប៊ូ គ្រី,HP Samdech Presh Reach Krou Bou Kry,12,ភ្នំពេញ,Phnom Penh,,បឹងកេងកង,Boeung Keng Kang,1202,ចតុមុខ,Chaktomouk,,,,,,,,,,,,,,,,,,,,HF_CODE;HF_TYPE_EN;HF_LEVEL;OWNERSHIP;DIS_CODE;COM_CODE;VIL_CODE;HF_LAT;HF_LON;CONTACT_NO;STATUS;START_DATE
618505,120301,RH មន្ទីរពេទ្យបង្អែកពោធិ៍ចិនតុង,RH Po Chentong,12,ភ្នំពេញ,Phnom Penh,1209,ពោធិ៍សែនជ័យ,Por SenChey,1203,ពោធិសែនជ័យ,Por Senchey,120917,កាកាបទី១,Kakab 1,12091703,តាងួន១,Ta Nguon 1,DPHI (GPS),RH,Referral Hospital,មន្ទីរពេទ្យបង្អែកស្រុក,,អ៊ុក ណារិទ្ធ,855 12853013/855 966188350,ouk.Nonerith92@yahoo.com,11.5605214415211,104.848476324937,01/01/2006,https://maps.app.goo.gl/yetb3yXRbM7BJW2eA,Operational,HF_LEVEL
998992,120302,HC សំរោងក្រោម,HC Samraong Krom,12,ភ្នំពេញ,Phnom Penh,1209,ពោធិ៍សែនជ័យ,Pur SenChey,1203,ពោធិសែនជ័យ,Por Senchey,120906,សំរោងក្រោម,Samraong Kraom,12090604,តិកូបញ្ញេ,Tekapanhao,DPHI (GPS),HC,Health Center,មណ្ឌលសុខភាព,,ទឹម សុភី,855 010336232,timsophy168@gmail.com,11.5669154541058,104.810572872698,01/01/2006,https://maps.app.goo.gl/dnbATz3pU7Dqq4JV8,Operational,HF_LEVEL
532355,120303,HC កំបូល,HC Kambol,12,ភ្នំពេញ,Phnom Penh,1214,កំបូល,Kamboul,1203,ពោធិសែនជ័យ,Por Senchey,121409,កំបូល,Kamboul,12140901,ផ្សារកំបូល,Phsar Kamboul,DPHI (GPS),HC,Health Center,មណ្ឌលសុខភាព,,ពេជ្រ វីរះ,855 12281914,pichsokha68@gmail.com,11.5232604068228,104.783080729465,01/01/2006,https://maps.app.goo.gl/BcTZi116pGrz2RxT8,Operational,HF_LEVEL
245030,120304,HC ស្នោរ,HC Snor,12,ភ្នំពេញ,Phnom Penh,1214,កំបូល,Kamboul,1203,ពោធិសែនជ័យ,Por Senchey,121404,ស្នោរ,Snaor,12140416,ទួលលៀប,Tuol Lieb,DPHI (GPS),HC,Health Center,មណ្ឌលសុខភាព,,ឡេង ចាន់ធូ,855 98 269908,sophanny2015@gmail.com,11.573780098364,104.758955566751,01/01/2006,https://maps.app.goo.gl/w8skszom54d6UDRx9,Operational,HF_LEVEL
788371,120305,HC សាមគ្គី,HC Samaky,12,ភ្នំពេញ,Phnom Penh,1209,ពោធិ៍សែនជ័យ,Pur SenChey,1203,ពោធិសែនជ័យ,Por Senchey,120901,ត្រពាំងក្រសាំង,Trapeang Krasang,12090111,សាមគ្គី ១,Sameakki 1,DPHI (GPS),HC,Health Center,មណ្ឌលសុខភាព,,ប៉ឹង សំណាង,855 81207807,poeungsamang@gmail.com,11.5482798183742,104.80200622547,01/07/2014,https://maps.app.goo.gl/Er2TkEgWHpjPgEmG7,Operational,HF_LEVEL
851168,120306,HC បឹងធំ,HC Boeng Thom,12,ភ្នំពេញ,Phnom Penh,1214,កំបូល,Kamboul,1203,ពោធិសែនជ័យ,Por Senchey,1214082,បឹងធំ,Boeng Thum,121408209,ខ្ចៅ,Khchau,DPHI (GPS),HC,Health Center,មណ្ឌលសុខភាព,,សុខ សុវណ្ណរ័ត្ន,855 98764563,soksovannroath@gmail.com,11.4727051761957,104.760658450155,02/07/2012,https://maps.app.goo.gl/Ar4oF5UVv7zkm2NaA,Operational,HF_LEVEL
855325,120307,HC ពោធិ៍​សែនជ័យ,HC Pur SenChey,12,ភ្នំពេញ,Phnom Penh,1209,ពោធិ៍សែនជ័យ,Pur SenChey,1203,ពោធិសែនជ័យ,Por Senchey,120917,កាកាបទី១,Kakab 1,12091703,តាងួន១,Ta Nguon 1,DPHI (GPS),HC,Health Center,មណ្ឌលសុខភាព,,សោម សុផាណ្ណារា,855 17540786/855 70202198,s.sophanara.ss@gmail.com,11.5606918823602,104.848313748404,01/07/2016,https://maps.app.goo.gl/yetb3yXRbM7BJW2eA,Operational,HF_LEVEL
933440,120308,HC ឪឡោក,HC Oev Lork,12,ភ្នំពេញ,Phnom Penh,1214,កំបូល,Kamboul,1203,ពោធិសែនជ័យ,Por Senchey,121403,ឪឡោក,Ovlaok,12140306,ត្រពាំងពោធិ៍,Trapeang Pou,DPHI (GPS),HC,Health Center,មណ្ឌលសុខភាព,,រុន រតនា,855 17588388,rathana.run88@gmail.com,11.566011,104.753846,01/01/2019,https://maps.app.goo.gl/bVFG4xv6ogrYoQpJ6,Operational,HF_LEVEL
895925,120309,HC ប្រទះឡាង,HC Brateaslang,12,ភ្នំពេញ,Phnom Penh,1214,កំបូល,Kamboul,1203,ពោធិសែនជ័យ,Por Senchey,121407,ប្រទះឡាង,Proteas Lang,12140702,ភា,Phea,DPHI (GPS),HC,Health Center,មណ្ឌលសុខភាព,,ញឹម ស៊ីណាត,855 966240251,None,11.4650408469955,104.793391124699,01/01/2023,https://maps.app.goo.gl/F4vVN9vyZToMbgBt9,Operational,HF_LEVEL
714377,120310,HC ដំណាក់ត្រយឹង,HC Damnak Trayeung,12,ភ្នំពេញ,Phnom Penh,1209,ពោធិ៍សែនជ័យ,Pur SenChey,1203,ពោធិសែនជ័យ,Por Senchey,120915,ចោមចៅទី២,Chaom Chau 2,12091504,ដំណាក់ត្រយឹង,Damnak Troryoeng,DPHI (GPS),HC,Health Center,មណ្ឌលសុខភាព,,ម៉ឺន រិទ្ធីគង់,855 89954944,rithykongmoeun@gmail.com,11.4974775912918,104.832825495639,29/11/2023,https://maps.app.goo.gl/3eL4rYhSsbRgm7Lu6,Operational,HF_LEVEL
677706,120311,HC កន្ទោក,HC Kontork,12,ភ្នំពេញ,Phnom Penh,1214,កំបូល,Kombol,1203,ពោធិសែនជ័យ,Por Senchey,121402,កន្ទោក,Kontork,12140211,កំរៀង,Komreang,DPHI (GPS),HC,Health Center,មណ្ឌលសុខភាព,,ពួយ ស៊ិននី,17459056,sinny.pouy@gmail.com,11.5118064893942,104.784749866355,01/01/2024,https://maps.app.goo.gl/w7AD1EneKUqCJQwLA?,Operational,HF_LEVEL
527944,,HP ព្រៃស្ពឺ,HP Prey Speu,12,ភ្នំពេញ,Phnom Penh,1209,ពោធិ៍សែនជ័យ,Pur SenChey,1203,ពោធិសែនជ័យ,Por Senchey,120915,ចោមចៅទី២,Chaom Chau 2,12091509,ព្រៃស្ពឺ,Prey Spueu,DPHI (GPS),HP,Health Post,ប៉ុស្តិ៍សុខភាព,,ស៊ីម ធីតា,855 12996631,simthida@gmail.com,11.505006530494,104.828026057918,2017,https://maps.app.goo.gl/tk4s2XcyHzFypxP27,Operational,HF_CODE;HF_LEVEL
766704,12030303,HP ត្រពាំងអញ្ចាញ,HP Trapeang Anchanh,12,ភ្នំពេញ,Phnom Penh,1209,ពោធិ៍សែនជ័យ,Pur SenChey,1203,ពោធិសែនជ័យ,Por Senchey,120901,ត្រពាំងក្រសាំង,Trapeang Krasang,12090106,ត្រពាំងអញ្ចាញ,Trapeang Anhchanh,DPHI (GPS),HP,Health Post,ប៉ុស្តិ៍សុខភាព,,ស៊ឹម សុម៉ាលី,855 12530199,lysoma738@gmail.com,11.5833679450572,104.788168786887,01/01/2006,https://maps.app.goo.gl/gKVJRiv7czSYytfU7,Operational,HF_LEVEL
756159,120402,HC ចាក់អង្រែ,HC Chak Ang Re,12,ភ្នំពេញ,Phnom Penh,1206,មានជ័យ,Mean Chey,1204,បាសាក់,Bassak,120607,ចាក់អង្រែក្រោម,Chak Angrae Kraom,12060708,ព្រែកតាឡុង៣,Preaek Ta Long III,DPHI (GPS),HC,Health Center,មណ្ឌលសុខភាព,,គង់ ចំរើន,855 92923766,chamroeunkong163@gmail.com,11.4942823644053,104.943550731273,01/01/2006,https://maps.app.goo.gl/dCUTaXVd5twNMpPZ6,Operational,HF_LEVEL
043484,120403,HC ស្ទឹងមានជ័យ,HC Stoeung Mean Chey,12,ភ្នំពេញ,Phnom Penh,1206,មានជ័យ,Mean Chey,1204,បាសាក់,Bassak,120609,ស្ទឹងមានជ័យទី២,Stueng Mean chey 2,12060901,ភ្នាត,Phneat,DPHI (GPS),HC,Health Center,មណ្ឌលសុខភាព,,ហ៊ាង មករា,855 12839162,hengmakara88@yahoo.com,11.5446002735737,104.895946522414,01/01/2006,https://maps.app.goo.gl/66U3Do8bHMwwQzkBA,Operational,HF_LEVEL
919517,120404,HC និរោធនិ៍,HC Niroth,12,ភ្នំពេញ,Phnom Penh,1212,ច្បារអំពៅ,Chbar Ampov,1204,បាសាក់,Bassak,121203,និរោធ,Nirouth,12120303,ឫស្សីស្រស់,Ruessei Sras,DPHI (GPS),HC,Health Center,មណ្ឌលសុខភាព,,អ៊ុន សុគន្ធី,855 12211651,sokunthy7@gmail.com,11.5339964023376,104.9452855859,01/01/2006,https://maps.app.goo.gl/qMXZ3V6dxrPDRsah7,Operational,HF_LEVEL
604110,120405,HC ព្រែកឯង,HC Prek Eng,12,ភ្នំពេញ,Phnom Penh,1212,ច្បារអំពៅ,Chbar Ampov,1204,បាសាក់,Bassak,121206,ព្រែកឯង,Preaek Aeng,12120601,ក្បាលជ្រោយ,Kbal Chrouy,DPHI (GPS),HC,Health Center,មណ្ឌលសុខភាព,,សុខ សារុន,855 16278278,None,11.5335059532719,104.98813906093,01/01/2006,https://maps.app.goo.gl/qLeX2WG51HhEtRc59,Operational,HF_LEVEL
272848,120406,HC ក្បាលកោះ,HC Kbal Koh,12,ភ្នំពេញ,Phnom Penh,1212,ច្បារអំពៅ,Chbar Ampov,1204,បាសាក់,Bassak,121207,ក្បាលកោះ,Kbal Kaoh,12120703,ព្រែកធំ,Preaek Thum,DPHI (GPS),HC,Health Center,មណ្ឌលសុខភាព,,ទុយ ទិតធារ៉ា,855 12277909,None,11.52299213,105.019808,01/01/2006,https://maps.app.goo.gl/JW7mC4qWFeWoPmkX8?g_st=ic,Operational,HF_LEVEL
821803,120407,HC ព្រែកថ្មី,HC Prek Thmei,12,ភ្នំពេញ,Phnom Penh,1212,ច្បារអំពៅ,Chbar Ampov,1204,បាសាក់,Bassak,121208,ព្រែកថ្មី,Preaek Thmei,12120802,កោះក្របី,Kaoh Krabei,DPHI (GPS),HC,Health Center,មណ្ឌលសុខភាព,,សួង ពិសេស,855 12202270,None,11.4646577208518,104.984862946078,01/01/2006,,Operational,HF_LEVEL
262339,120408,HC ច្បារអំពៅ,HC Chbar Ampov,12,ភ្នំពេញ,Phnom Penh,1212,ច្បារអំពៅ,Chbar Ampov,1204,បាសាក់,Bassak,121201,ច្បារអំពៅទី ១,Chhbar Ampov Ti Muoy,12120102,ដើមម៉ាក់ក្លឿ,Daeum Meakkloea,DPHI (GPS),HC,Health Center,មណ្ឌលសុខភាព,,ស៊ុន ណារ៉ា,855 12852233,Narasun77@gmail.com,11.529935,104.936986,01/07/2014,https://maps.app.goo.gl/RQ82v7YQXAXu3EAB8?g_st=it,Operational,HF_LEVEL
769276,120409,RH មន្ទីរពេទ្យបង្អែកច្បារអំពៅ,RH Chba Ampov,12,ភ្នំពេញ,Phnom Penh,1206,មានជ័យ,Mean Chey,1204,បាសាក់,Bassak,000000,,,00000000,,,DPHI (GPS),RH,Referral Hospital,មន្ទីរពេទ្យបង្អែកស្រុក,,NA,NA,NA,11.5301349699234,104.937250890169,01/01/2022,,Operational,HF_LEVEL;CONTACT_NO
430050,120501,RH មន្ទីរពេទ្យបង្អែកមិត្តភាពកម្ពុជា-ចិន សែនសុខ,RH Kampuchea-Chin Sen Sok Friendship,12,ភ្នំពេញ,Phnom Penh,1208,សែនសុខ,Saensokh,1205,សែន សុខ,Sen Sok,120803,ឃ្មួញ,Khmuonh,12080310,សែនសុខទី៥,Seaen Sokh Ti Pram,DPHI (GPS),RH,Referral Hospital,មន្ទីរពេទ្យបង្អែកស្រុក,,ឈាង សែ,012 781 874,charngse7817@gmail.com,11.6214310378237,104.847684968636,01/01/2014,https://maps.app.goo.gl/dLv3SfbzUEvuCmjU8,Operational,HF_LEVEL
912590,120505,HC ឃ្មួញ,HC Khmuonh,12,ភ្នំពេញ,Phnom Penh,1208,សែនសុខ,Saensokh,1205,សែន សុខ,Sen Sok,120803,ឃ្មួញ,Khmuonh,12080302,បន្លាស្អិត,Banla S'et,DPHI (GPS),HC,Health Center,មណ្ឌលសុខភាព,,ហែម សុធី,012 638 904,hemsothy777@gmail.com,11.6095924427844,104.868587842798,01/01/2006,https://maps.app.goo.gl/VvpBz3BuKPw87dLf9,Operational,HF_LEVEL
297715,120506,HC ទឹកថ្លា,HC Teuk Thla,12,ភ្នំពេញ,Phnom Penh,1208,សែនសុខ,Saensokh,1205,សែន សុខ,Sen Sok,120802,ទឹកថ្លា,Tuek Thla,12080208,ចុងថ្នល់ខាងលិច,Chong Thnal Khang Lech,DPHI (GPS),HC,Health Center,មណ្ឌលសុខភាព,,ដួង​ សុគន្ធា,012 927 052,duongsokunthea168@gmail.com,11.562988210805,104.874746671163,01/01/2006,https://maps.app.goo.gl/NSEuitvR1P82YVTE9,Operational,HF_LEVEL
648960,120507,HC អន្លង់ក្ងាន,HC Anlong Kngan,12,ភ្នំពេញ,Phnom Penh,1208,សែនសុខ,Saensokh,1205,សែន សុខ,Sen Sok,120803,ឃ្មួញ,Khmuonh,12080310,សែនសុខទី៥,Seaen Sokh Ti Pram,DPHI (GPS),HC,Health Center,មណ្ឌលសុខភាព,,អឿន លក្ខិណា,017 866 002,oeunleakhena844@gmail.com,11.6215618359314,104.847756204594,01/01/2006,https://maps.app.goo.gl/kZuuLJeW4yn84fHz5,Operational,HF_LEVEL
020737,120508,HC ភ្នំពេញថ្មី,HC Phnom Penh Thmei,12,ភ្នំពេញ,Phnom Penh,1208,សែនសុខ,Saensokh,1205,សែន សុខ,Sen Sok,120801,ភ្នំពេញថ្មី,Phnom Penh Thmei,12080105,ដំណាក់,Damnak,DPHI (GPS),HC,Health Center,មណ្ឌលសុខភាព,,ឡាំ សុខខេមា,012 306 449,cheaphalla58@gmai.com,11.5696686024322,104.858692355308,01/01/2014,https://maps.app.goo.gl/hyNAxPmcTtK263Ky7,Operational,HF_LEVEL
048736,120509,HC ក្រាំងធ្នង់,HC KraingThnong,12,ភ្នំពេញ,Phnom Penh,1208,សែនសុខ,Saensokh,1205,សែន សុខ,Sen Sok,120807,ក្រាំងធ្នង់,Krang Thnong,12080701,ក្រាំងអង្ក្រង,Krang Angkrang,DPHI (GPS),HC,Health Center,មណ្ឌលសុខភាព,,សំ​ ម៉ាឡៃ,011487748,hckrangtnong2017@gmail.com,11.5832156240314,104.84086531349,01/05/2015,https://maps.app.goo.gl/TnAdgHLKVXkniPbq5,Operational,HF_LEVEL
144421,120510,HC ឱកាសខ្ញុំ,HC Okas Khmom Health,12,ភ្នំពេញ,Phnom Penh,1208,សែនសុខ,Saensokh,1205,សែន សុខ,Sen Sok,120803,ឃ្មួញ,Khmuonh,12080303,សំរោង,Samraong,DPHI (GPS),HC,Health Center,មណ្ឌលសុខភាព,,ឡុង វិបុល,089 940 070,longviboluss@gmail.com,11.6145364465208,104.849939271163,01/01/2019,https://maps.app.goo.gl/rhmPLn4A7Tt7ctEh6,Operational,HF_LEVEL
454993,120601,RH មន្ទីរពេទ្យបង្អែកដង្កោ,RH Dang Kor Hospital,12,ភ្នំពេញ,Phnom Penh,1205,ដង្កោ,Dangkao,1206,ដង្កោ,Dang Koa,120501,ដង្កោ,Dangkao,12050106,ខ្វា,Khva,DPHI (GPS),RH,Referral Hospital,មន្ទីរពេទ្យបង្អែកស្រុក,,តែ  ស៊ុនហេង,855 89 969667,sunhengguss@gmail.com,11.5044982030458,104.891651003495,01/07/2014,,Operational,HF_LEVEL
294605,120602,HC ពងទឹក,HC Pong Tuek,12,ភ្នំពេញ,Phnom Penh,1205,ដង្កោ,Dangkao,1206,ដង្កោ,Dang Koa,120507,ពងទឹក,Pong Tuek,12050704,វត្ដស្លែង,Voat Slaeng,DPHI (GPS),HC,Health Center,មណ្ឌលសុខភាព,,ម៉ៅ  លីណា,855 973122202,lynamao007@gmail.com,11.4617768204503,104.814113288097,01/01/2014,,Operational,HF_LEVEL
521522,120603,HC ចំការដូង,HC Chamkar Doung,12,ភ្នំពេញ,Phnom Penh,1205,ដង្កោ,Dangkao,1206,ដង្កោ,Dang Koa,120501,ដង្កោ,Dangkao,12050106,ខ្វា,Khva,DPHI (GPS),HC,Health Center,មណ្ឌលសុខភាព,,សុខ ផល,855 77788825,077725kh@gmail.com,11.5041906586352,104.891573024937,01/01/2014,,Operational,HF_LEVEL
298446,120604,HC ព្រៃវែង,HC Prey Veng,12,ភ្នំពេញ,Phnom Penh,1205,ដង្កោ,Dangkao,1206,ដង្កោ,Dang Koa,120508,ព្រៃវែង,Prey Veaeng,12050801,ព្រៃវែងខាងលិច,Prey Veaeng Khang Lech,DPHI (GPS),HC,Health Center,មណ្ឌលសុខភាព,,ពេជ្រ វុទ្ធី,855 93612399,vuthypich@yahoo.com,11.4642119750664,104.837343758208,01/01/2014,,Operational,HF_LEVEL
982265,120605,HC រលួស,HC Rolus,12,ភ្នំពេញ,Phnom Penh,1205,ដង្កោ,Dangkao,1206,ដង្កោ,Dang Koa,120518,រលួស,Roluos,12051801,ក្រពើទ្រោម,Krapeu Troum,DPHI (GPS),HC,Health Center,មណ្ឌលសុខភាព,,អៀ វណ្ណះ,855 95 904040,earvanNonek@gmail.com,11.4383696555795,104.870843669252,01/01/2014,,Operational,HF_LEVEL
572299,120606,HC ព្រែកកំពឹស,HC Prek Kampus,12,ភ្នំពេញ,Phnom Penh,1205,ដង្កោ,Dangkao,1206,ដង្កោ,Dang Koa,120517,ព្រែកកំពឹស,Preaek Kampues,12051702,ព្រែករទាំង,Preaek Roteang,DPHI (GPS),HC,Health Center,មណ្ឌលសុខភាព,,មៀច សេរីវឌ្ឍនា,855 89770778,hc120606@gmail.com,11.4459121619457,104.916428424936,01/07/2014,,Operational,HF_LEVEL
472594,120607,HC ជើងឯក,HC ChoeungEk,12,ភ្នំពេញ,Phnom Penh,1205,ដង្កោ,Dangkao,1206,ដង្កោ,Dang Koa,120515,ជើងឯក,Cheung Aek,12051502,រលួស,Roluos,DPHI (GPS),HC,Health Center,មណ្ឌលសុខភាព,,ហេង ណាគ្រី,855 95 980656,hengNonekry.hc@gmail.com,11.484625252339,104.898098471945,01/05/2015,,Operational,HF_LEVEL
754494,120608,HC ព្រៃស,HC PreySor,12,ភ្នំពេញ,Phnom Penh,1205,ដង្កោ,Dangkao,1206,ដង្កោ,Dang Koa,120510,ព្រៃស,Prey Sa,12051008,ធម្មត្រ័យ,Thommeak Trai,DPHI (GPS),HC,Health Center,មណ្ឌលសុខភាព,,សុខហេង សុងហ៊ី,855 78789822,songhysokheng@gmail.com,11.49861188,104.8565878,01/05/2015,,Operational,HF_LEVEL
388954,120610,HC សាក់សំពៅ,HC Sak Sampev,12,ភ្នំពេញ,Phnom Penh,1205,ដង្កោ,Dangkao,1206,ដង្កោ,Dang Koa,120514,សាក់សំពៅ,Sak Sampov,12051406,សាក់សំពៅ,Sak Sampov,DPHI (Google Map),HC,Health Center,មណ្ឌលសុខភាព,,គា​ សុខ​វណ្ឌីណា,855 86 818 386,eangsokoeurn086@gmail.com,11.4534987318492,104.851624632469,01/01/2019,,Operational,HF_LEVEL
585402,NA,HP អន្លង់គង,HP Anlong Korng,12,ភ្នំពេញ,Phnom Penh,1205,ដង្កោ,Dangkao,1206,ដង្កោ,Dang Koa,120510,ព្រៃស,Prey Sa,12051006,អន្លង់គង,Anlong Kong,DPHI (Google Map),HP,Health Post,ប៉ុស្តិ៍សុខភាព,,ស៊ុន ស៊ីម,855 93 356 899,sunsim201712345@gmail.com,11.488791,104.871927,2000,,Operational,HF_CODE;HF_LEVEL
700288,120611,HC ស្ពានថ្ម,HC Spean Thmar,12,ភ្នំពេញ,Phnom Penh,1205,ដង្កោ,Dangkao,1206,ដង្កោ,Dang Koa,120518,ស្ពានថ្ម,Spean Thmor,12050904,ស្ពានថ្ម,Spean Thmor,DPHI (GPS),HC,Health Center,មណ្ឌលសុខភាព,,ជឹង ចាន់​ ថេន,081 438181,Ounthen89@gmail.com,11.467048,104.868471,29/11/2023,,Operational,HF_LEVEL
164525,120701,RH មន្ទីរពេទ្យបង្អែកព្រែកព្នៅ,RH Prek Pnov,12,ភ្នំពេញ,Phnom Penh,1211,ព្រែកព្នៅ,Praek Pnov,1207,ព្រែក​ព្នៅ,Preaek Phnov,121101,ព្រែកព្នៅ,Preaek Phnov,12110102,ពោធិ៍មង្គល,Pou Mongkol,DPHI (Google Map),RH,Referral Hospital,មន្ទីរពេទ្យបង្អែកស្រុក,,កៅ សុផាត,855 12656639,kaosophath9@gmail.com,11.6624392220609,104.861915631783,20/06/2025,https://maps.app.goo.gl/a8iBV9yuknFHduow9,Operational,HF_LEVEL
966052,120702,HC គោករកា,HC Kork Roka,12,ភ្នំពេញ,Phnom Penh,1211,ព្រែកព្នៅ,Praek Pnov,1207,ព្រែក​ព្នៅ,Preaek Phnov,121104,គោករកា,Kouk Roka,12110408,ពុទ្រា,Putrea,DPHI (Google Map),HC,Health Center,មណ្ឌលសុខភាព,,ផល  សូរិយា,855 89517755,sophalsorya1988@gmail.com,11.6022609119726,104.816233049997,20/06/2025,https://maps.app.goo.gl/cwFiniTzwoiTYNdU6,Operational,HF_LEVEL
994060,120703,HC សំរោង,HC Samraong,12,ភ្នំពេញ,Phnom Penh,1211,ព្រែកព្នៅ,Praek Pnov,1207,ព្រែក​ព្នៅ,Preaek Phnov,121103,សំរោង,Samraong,12110301,គ្រួស,Kruos,DPHI (Google Map),HC,Health Center,មណ្ឌលសុខភាព,,ស៊ិន  ស៊ីណា,855 12928225,keovichea12345@gmail.com,11.69951641,104.8406288,20/06/2025,https://maps.app.goo.gl/B2iNW9fwjxfHvQZ59,Operational,HF_LEVEL
785837,120704,HC ពញាពន់,HC Ponhea Pon,12,ភ្នំពេញ,Phnom Penh,1211,ព្រែកព្នៅ,Praek Pnov,1207,ព្រែក​ព្នៅ,Preaek Phnov,121102,ពញាពន់,Ponhea Pon,12110204,បឹង,Boeng,DPHI (Google Map),HC,Health Center,មណ្ឌលសុខភាព,,ចាន់ សារឿន,855 17686499,saroeunchan63@yahoo.com,11.65969008149,104.784753932275,20/06/2025,https://maps.app.goo.gl/x2RAhkVU8sTV5vtc6,Operational,HF_LEVEL
293196,120705,HC ពន្សាំង,HC Ponsaing,12,ភ្នំពេញ,Phnom Penh,1211,ព្រែកព្នៅ,Praek Pnov,1207,ព្រែក​ព្នៅ,Preaek Phnov,121105,ពន្សាំង,Ponsang,12110510,ឧសភា,Osphea,DPHI (Google Map),HC,Health Center,មណ្ឌលសុខភាព,,អោ មី,855 12946575,nochsokhan@gmail.com,11.6234611679579,104.758087241019,20/06/2025,https://maps.app.goo.gl/UoR2eJBwssAQv9pj6,Operational,HF_LEVEL
146778,120706,HC ពោធិ៍​មង្គល,HC Pur Mongkol,12,ភ្នំពេញ,Phnom Penh,1211,ព្រែកព្នៅ,Praek Pnov,1207,ព្រែក​ព្នៅ,Preaek Phnov,121101,ព្រែកព្នៅ,Preaek Phnov,12110102,ពោធិ៍មង្គល,Pou Mongkol,DPHI (Google Map),HC,Health Center,មណ្ឌលសុខភាព,,ជុំ វិចិត្រ,855 70656680,chumvichet@gmail.com,11.6622244781181,104.861806331764,20/06/2025,https://maps.app.goo.gl/ZtSPigsd54Q4EZZ17,Operational,HF_LEVEL
116891,120705,HP អណ្តូងថ្មីរុងរឿង,HP Andoung Thmey Rung Roeung,12,ភ្នំពេញ,Phnom Penh,1211,ព្រែកព្នៅ,Praek Pnov,1207,ព្រែក​ព្នៅ,Preaek Phnov,121105,ពន្សាំង,Ponsang,12110510,ឧសភា,Osphea,DPHI (Google Map),HC,Health Center,មណ្ឌលសុខភាព,,អោ មី,855 12946575,nochsokhan@gmail.com,11.6234611679579,104.758087241019,20/06/2025,https://maps.app.goo.gl/UoR2eJBwssAQv9pj6,Operational,HF_LEVEL
849850,121002,NH មន្ទីរពេទ្យព្រះអង្គឌួង,NH Ang Duong,12,ភ្នំពេញ,Phnom Penh,1202,ដូនពេញ,Doun Penh,1210,មន្ទីរពេទ្យជាតិ,National Hopital,120201,ផ្សារថ្មីទី ១,Phsar Thmei Ti Muoy,12020101,ផ្សារថ្មីទី ១,Phsar Thmei Ti Muoy,DPHI (Google Map),NH,National Hospital,មន្ទីរពេទ្យជាតិ,,NA,None,NA,11.571764,104.92342,39814,,Operational,HF_LEVEL;CONTACT_NO
035965,121004,NH មន្ទីរពេទ្យកាលម៉ែត,NH Calmette,12,ភ្នំពេញ,Phnom Penh,1202,ដូនពេញ,Doun Penh,1210,មន្ទីរពេទ្យជាតិ,National Hopital,120210,ស្រះចក,Srah Chak,12021001,ទួលគោក,Toul Kok,DPHI (Google Map),NH,National Hospital,មន្ទីរពេទ្យជាតិ,,NA,None,NA,11.581424,104.915868,39826,,Operational,HF_LEVEL;CONTACT_NO
040572,121006,NH មជ្ឈមណ្ឌលជាតិកំចាត់ជំងឺរបេង និងហង់សិន,NH National Center for Tuberculosis and Leprosy Control (CENAT),12,ភ្នំពេញ,Phnom Penh,1201,ចំការមន,Chamkar Mon,1210,មន្ទីរពេទ្យជាតិ,National Hopital,120103,បឹងកេងកងទី ២,Boeng Keng Kang Ti Pir,12130202,បឹងកេងកងទី ២,Boeng Keng Kang Ti Pir,DPHI (Google Map),NH,National Hospital,មន្ទីរពេទ្យជាតិ,,NA,None,NA,11.553739,104.919893,42705,,Operational,HF_LEVEL;CONTACT_NO
361305,121010,NH មន្ទីរពេទ្យមិត្តភាពខ្មែរសូវៀត,NH Khmer-Soviet Friendship,12,ភ្នំពេញ,Phnom Penh,1201,ចំការមន,Chamkar Mon,1210,មន្ទីរពេទ្យជាតិ,National Hopital,120108,ទំនប់ទឹក,Tumnob Tuek,12130501,ទំនប់ទឹក,Tumnob Tuek,DPHI (Google Map),NH,National Hospital,មន្ទីរពេទ្យជាតិ,,NA,None,NA,11.5449484062678,104.903314086245,39826,,Operational,HF_LEVEL;CONTACT_NO
226146,121012,NH មន្ទីរពេទ្យមិត្តិភាពកម្ពុជា-ចិន ព្រះកុសមៈ,NH Kossamak,12,ភ្នំពេញ,Phnom Penh,1204,ទួលគោក,Tuol Kouk,1210,មន្ទីរពេទ្យជាតិ,National Hopital,120405,ទឹកល្អក់ទី ២,Tuek L'ak Ti Pir,12040501,សេប៉េសេ,Se Pe Se,DPHI (Google Map),NH,National Hospital,មន្ទីរពេទ្យជាតិ,,NA,None,NA,11.5639310230705,104.890526983402,42370,,Operational,HF_LEVEL;CONTACT_NO
307136,121014,NH មន្ទីរពេទ្យគន្ធបុប្ផា,NH Kantha Bopha II,12,ភ្នំពេញ,Phnom Penh,0103,ដូនពេញ,Doun Penh,1210,មន្ទីរពេទ្យជាតិ,National Hopital,120208,ជ័យជំនះ,Chey Chumnas,12021101,ជ័យជំនះ,Chey Chumnas,DPHI (Google Map),NH,National Hospital,មន្ទីរពេទ្យជាតិ,,NA,None,NA,11.561451,104.93094,39814,,Operational,HF_LEVEL;CONTACT_NO
972769,121016,NH មជ្ឈមណ្ឌលជាតិគាំពារមាតានិងទារក,NH MCH,12,ភ្នំពេញ,Phnom Penh,1202,ដូនពេញ,Doun Penh,1210,មន្ទីរពេទ្យជាតិ,National Hopital,120210,ស្រះចក,Srah Chak,12021001,ទួលគោក,Toul Kok,DPHI (Google Map),NH,National Hospital,មន្ទីរពេទ្យជាតិ,,NA,None,NA,11.579297,104.920609,38749,,Operational,HF_LEVEL;CONTACT_NO
917546,121018,NH មន្ទីរពេទ្យកុមារជាតិ,NH National Pediatric,12,ភ្នំពេញ,Phnom Penh,1204,ទួលគោក,Tuol Kouk,1210,មន្ទីរពេទ្យជាតិ,National Hopital,120404,ទឹកល្អក់ទី ១,Tuek L'ak Ti Muoy,12040401,ទឹកល្អក់ទី ១,Tuek L'ak Ti Muoy,DPHI (Google Map),NH,National Hospital,មន្ទីរពេទ្យជាតិ,,NA,None,NA,11.5685453173754,104.897441988341,38718,,Operational,HF_LEVEL;CONTACT_NO
251896,121020,NH មន្ទីរពេទ្យព្រះសីហនុ មណ្ឌលនៃក្តីសង្ឃឹម,NH Preah Sihanouk Hope Center,12,ភ្នំពេញ,Phnom Penh,1202,ដូនពេញ,Doun Penh,1210,មន្ទីរពេទ្យជាតិ,National Hopital,120210,ស្រះចក,Srah Chak,12021001,ទួលគោក,Toul Kok,DPHI (GPS),NH,National Hospital,មន្ទីរពេទ្យជាតិ,,NA,NA,NA,11.5668863974966,104.912644585945,44866,,Operational,HF_LEVEL;CONTACT_NO
255651,121022,NH មន្ទីរពេទ្យ ហ្លួង ម៉ែ,NH Loung Mae,12,ភ្នំពេញ,Phnom Penh,1202,ដូនពេញ,Doun Penh,1210,មន្ទីរពេទ្យជាតិ,National Hopital,120210,ស្រះចក,Srah Chak,12021001,ទួលគោក,Toul Kok,DPHI (GPS),NH,National Hospital,មន្ទីរពេទ្យជាតិ,,NA,NA,NA,11.497257,104.858738,44866,,Operational,HF_LEVEL;CONTACT_NO
842665,121023,NH មន្ទីរពេទ្យជាតិតេជោសន្តិភាព,NH Techo Santepheap,12,ភ្នំពេញ,Phnom Penh,1202,កំបូល,Kamboul,1201,មន្ទីរពេទ្យជាតិ,National Hopital,120203,Kamboul,Kamboul,12020102,កំបូល,Kamboul,DPHI (Google Map),NH,National Hospital,មន្ទីរពេទ្យជាតិ,,NA,None,NA,11.6057015382325,104.803972910978,39814,,Operational,HF_LEVEL;CONTACT_NO
869527,270101,NH គ្លីនិកជាតិព្យាបាល​ជំងឺ​អេដស៍ សើ​ស្បែក និង​កាមរោគ,"NH National Center for HIV/AIDS, Dermatology and STD",12,ភ្នំពេញ,Phnom Penh,1202,ដូនពេញ,Doun Penh,1210,មន្ទីរពេទ្យជាតិ,National Hopital,120210,ស្រះចក,Srah Chak,12021001,ទួលគោក,Toul Kok,DPHI (GPS),NH,National Hospital,មជ្ឈមណ្ឌល​ជាតិ,,NA,NA,NA,11.62174,104.923562,44317,,Operational,HF_LEVEL;CONTACT_NO
124438,12030303,HC ត្រពាំងអញ្ចាញ,HC Trapeang Anchanh,12,ភ្នំពេញ,Phnom Penh,1209,ពោធិ៍សែនជ័យ,Pur SenChey,1203,ពោធិសែនជ័យ,Por Senchey,120901,ត្រពាំងក្រសាំង,Trapeang Krasang,12090106,ត្រពាំងអញ្ចាញ,Trapeang Anhchanh,DPHI (GPS),HC,Health Center,មណ្ឌលសុខភាព,,ស៊ឹម សុម៉ាលី,855 12530199,lysoma738@gmail.com,11.5833679450572,104.788168786887,01/01/2006,,Operational,HF_LEVEL
045771,NA,HP អន្លង់គង,HP Anlong Korng,12,ភ្នំពេញ,Phnom Penh,1205,ដង្កោ,Dangkao,1206,ដង្កោ,Dang Koa,120510,ព្រៃស,Prey Sa,12051006,អន្លង់គង,Anlong Kong,DPHI (Google Map),HP,Health Post,ប៉ុស្តិ៍សុខភាព,,សំ ហ៊ស់,855 78785 877,None,11.488791,104.871927,2000,,Operational,HF_CODE;HF_LEVEL
208871,NA,HC ស្ពានថ្ម,HC Spean Thmar,12,ភ្នំពេញ,Phnom Penh,1205,ដង្កោ,Dangkao,1206,ដង្កោ,Dang Koa,120518,រលួស,Roluos,12051801,ក្រពើទ្រោម,Krapeu Troum,DPHI (GPS),HC,Health Center,មណ្ឌលសុខភាព,,អៀ វណ្ណះ,855 95 904040,earvanNonek@gmail.com,11.4669193205388,104.868722386224,01/01/2014,,Operational,HF_CODE;HF_LEVEL
572856,NA,HC ដំណាក់ត្រយឹង,HC Damnak Trayeung,12,ភ្នំពេញ,Phnom Penh,1209,ពោធិ៍សែនជ័យ,Pur SenChey,1203,ពោធិសែនជ័យ,Por Senchey,000000,,,00000000,,,DPHI (GPS),HC,Health Center,មណ្ឌលសុខភាព,,,,,11.4974775912918,104.832825495639,,,Operational,HF_CODE;HF_LEVEL;CONTACT_NO;START_DATE
067915,NA,HC កន្ទោក,HC Kantok,12,ភ្នំពេញ,Phnom Penh,1209,ពោធិ៍សែនជ័យ,Pur SenChey,1203,ពោធិសែនជ័យ,Por Senchey,000000,,,00000000,,,DPHI (GPS),HC,Health Center,មណ្ឌលសុខភាព,,,,,11.5118064893942,104.784749866355,,,Operational,HF_CODE;HF_LEVEL;CONTACT_NO;START_DATE
310693,NA,HP ព្រៃស្ពឺ,HP Prey Speu,12,ភ្នំពេញ,Phnom Penh,1209,ពោធិ៍សែនជ័យ,Pur SenChey,1203,ពោធិសែនជ័យ,Por Senchey,120915,ចោមចៅទី២,Chaom Chau 2,12091509,ព្រៃស្ពឺ,Prey Spueu,DPHI (GPS),HP,Health Post,ប៉ុស្តិ៍សុខភាព,,មិញ សុវណ្ណា,855 12250790,None,11.505006530494,104.828026057918,2017,,Operational,HF_CODE;HF_LEVEL
339930,130101,PH មន្ទីរពេទ្យ ១៦មករា,PH Preah Vihear 16 Makara,13,ព្រះវិហារ,Preah Vihear,1307,ត្បែងមានជ័យ,Tbaeng Mean Chey,1301,ត្បែងមានជ័យ,Tbeng Meanchey,130801,កំពង់ប្រណាក,Kampong Pranak,13080104,អណ្ដូងពោធិ,Andoung Pou,DPHI (GPS),PH,Provincial Hospital,មន្ទីរពេទ្យខេត្ត,,ជូ ប៉ូនីណា,855 899855,None,13.7968875252169,104.980788929185,01/01/2006,,Operational,HF_LEVEL
359675,130103,HC ស្រអែម,HC Sra Em,13,ព្រះវិហារ,Preah Vihear,1303,ជាំក្សាន្ដ,Choam Ksant,1301,ត្បែងមានជ័យ,Tbeng Meanchey,130306,កន្ទួត,Kantuot,13030602,ស្រអែមខាងត្បូង,Sra Em Khang Tboung,DPHI (GPS),HC,Health Center with beds,មណ្ឌលសុខភាពមានគ្រែ,,ថៃ ធារ៉ា,855 972795 777,None,14.2462215845399,104.724841995537,01/01/2006,,Operational,HF_LEVEL
144236,130104,HC យាង,HC Yeang,13,ព្រះវិហារ,Preah Vihear,1303,ជាំក្សាន្ដ,Choam Ksant,1301,ត្បែងមានជ័យ,Tbeng Meanchey,130305,យាង,Yeang,13030501,យាង,Yeang,DPHI (GPS),HC,Health Center with beds,មណ្ឌលសុខភាពមានគ្រែ,,វ៉ា គឹមរ៉ាវី,855 963451106,None,14.0620741898662,104.671430838336,01/01/2016,,Operational,HF_LEVEL
283992,130105,HC គូលែន,HC Koulen,13,ព្រះវិហារ,Preah Vihear,1304,គូលែន,Kuleaen,1301,ត្បែងមានជ័យ,Tbeng Meanchey,130401,គូលែនត្បូង,Koulen Tboung,13040101,គូលែនត្បូង,Koulen Tboung,DPHI (GPS),HC,Health Center with beds,មណ្ឌលសុខភាពមានគ្រែ,,ទិត សារ៉ុម,855 9755 98203,None,13.8187969646901,104.698411804881,01/01/2006,,Operational,HF_LEVEL
074935,130106,HC បរិបូណ៌,HC Boribo,13,ព្រះវិហារ,Preah Vihear,1304,គូលែន,Kuleaen,1301,ត្បែងមានជ័យ,Tbeng Meanchey,130405,ត្បែងពីរ,Tbaeng Pir,13040501,ឈូក,Chhuk,DPHI (GPS),HC,Health Center with beds,មណ្ឌលសុខភាពមានគ្រែ,,យូ វ៉ាន់,855 887079959,None,13.7314038986392,104.771405084449,01/01/2016,,Operational,HF_LEVEL
476280,130107,HC ចំរើន,HC Chamreun,13,ព្រះវិហារ,Preah Vihear,1306,សង្គមថ្មី,Sangkum Thmei,1301,ត្បែងមានជ័យ,Tbeng Meanchey,130601,ចំរើន,Chamraeun,13060102,ត្បែង,Tbaeng,DPHI (GPS),HC,Health Center with beds,មណ្ឌលសុខភាពមានគ្រែ,,ព្រំ ញ៉ី,855 972685618,None,13.579024871428,104.903215986846,01/01/2006,,Operational,HF_LEVEL
986332,130108,HC រវៀង,HC Rovieng,13,ព្រះវិហារ,Preah Vihear,1305,រវៀង,Rovieng,1301,ត្បែងមានជ័យ,Tbeng Meanchey,130501,របៀប,Robieb,13050104,បាក់ក្ដោង,Bak Kdaong,DPHI (GPS),HC,Health Center with beds,មណ្ឌលសុខភាពមានគ្រែ,,ហែម ភីរិទ្ធ,855 888222400,None,13.3667923076664,105.116435074781,01/01/2006,,Operational,HF_LEVEL
440468,130109,HC ភ្នំដែក,HC Phnom Dek,13,ព្រះវិហារ,Preah Vihear,1305,រវៀង,Rovieng,1301,ត្បែងមានជ័យ,Tbeng Meanchey,130512,រមណីយ,Romoneiy,13051204,ភ្នំដែក,Phnum Daek,DPHI (GPS),HC,Health Center with beds,មណ្ឌលសុខភាពមានគ្រែ,,យូ សាង,855 92227616,None,13.3082706648809,105.001458596869,01/01/2016,,Operational,HF_LEVEL
291604,130110,HC ឈ្នន,HC Chhoun,13,ព្រះវិហារ,Preah Vihear,1305,រវៀង,Rovieng,1301,ត្បែងមានជ័យ,Tbeng Meanchey,130506,រួសរាន់,Ruos Roan,13050601,ឈ្នួន,Chhnuon,DPHI (GPS),HC,Health Center with beds,មណ្ឌលសុខភាពមានគ្រែ,,ងិន សុក្រិត,855 978244292,None,13.4287435360391,105.212360982726,01/01/2016,,Operational,HF_LEVEL
770855,130111,HC ស្អាង,HC Sa Ang,13,ព្រះវិហារ,Preah Vihear,1301,ជ័យសែន,Chey Saen,1301,ត្បែងមានជ័យ,Tbeng Meanchey,130101,ស្អាង,Sa Ang,13010101,ស្អាង,Sa Ang,DPHI (GPS),HC,Health Center with beds,មណ្ឌលសុខភាពមានគ្រែ,,យឹម សុងអាន,855 972161079,None,13.6539151909524,105.259967058545,01/01/2006,,Operational,HF_LEVEL
854207,130112,HC ត្បែងមានជ័យ,HC Tbeng Meanchey,13,ព្រះវិហារ,Preah Vihear,1307,ត្បែងមានជ័យ,Tbaeng Mean Chey,1301,ត្បែងមានជ័យ,Tbeng Meanchey,130802,ប៉ាលហាល,Pal Hal,13080208,ឯកភាព,Aekakpheap,DPHI (GPS),HC,Health Center,មណ្ឌលសុខភាព,,សុខ រដ្ឋា,855 978989505,None,13.8061858461754,104.957862074913,01/01/2006,,Operational,HF_LEVEL
859681,130113,HC ជា​ស៊ីម,HC Chea Sim,13,ព្រះវិហារ,Preah Vihear,1303,ជាំក្សាន្ដ,Choam Ksant,1301,ត្បែងមានជ័យ,Tbeng Meanchey,130307,ស្រអែម,Sra Em,13030701,ធម្មជាតិសម្ដេចតេជោ,Thomacheat Samdach Te Chhor,DPHI (GPS),HC,Health Center with beds,មណ្ឌលសុខភាពមានគ្រែ,,អៀង មុន្នី,855 97268655 8,None,14.2623991894179,104.708850453061,01/01/2015,,Operational,HF_LEVEL
724496,130114,HC ឆែប,HC Chheb,13,ព្រះវិហារ,Preah Vihear,1302,ឆែប,Chhaeb,1301,ត្បែងមានជ័យ,Tbeng Meanchey,130201,ឆែបមួយ,Chhaeb Muoy,13020101,ឆែបលិច,Chhaeb Lech,DPHI (GPS),HC,Health Center with beds,មណ្ឌលសុខភាពមានគ្រែ,,ខាវ ឡេង,855 88345 9816,None,13.7678465575104,105.406485133217,01/01/2006,,Operational,HF_LEVEL
595735,130115,HC កំពង់ស្រឡៅ,HC Kampong Sralao,13,ព្រះវិហារ,Preah Vihear,1302,ឆែប,Chhaeb,1301,ត្បែងមានជ័យ,Tbeng Meanchey,130207,កំពង់ស្រឡៅមួយ,Kampong Sralao Muoy,13020701,កំពង់ស្រឡៅ,Kampong Sralao,DPHI (GPS),HC,Health Center with beds,មណ្ឌលសុខភាពមានគ្រែ,,សូ បូរិន,855 886413344,None,14.0780823358375,105.783095271144,01/10/2016,,Operational,HF_LEVEL
716636,130116,HC ច្រាច់,HC Chrach,13,ព្រះវិហារ,Preah Vihear,1301,ជ័យសែន,Chey Saen,1301,ត្បែងមានជ័យ,Tbeng Meanchey,130104,ច្រាច់,Chrach,13010401,បដិវត្ដន៍,Pakdevoat,DPHI (GPS),HC,Health Center,មណ្ឌលសុខភាព,,ហ៊ោន ពិសិដ្ឋ,855 124255 67,None,13.6116657923841,105.378805109767,17/01/2012,,Operational,HF_LEVEL
559271,130132,HC កោះកេរ្តិ៍,HC Koh Ke,13,ព្រះវិហារ,Preah Vihear,1304,គូលែន,Kuleaen,1301,ត្បែងមានជ័យ,Tbeng Meanchey,130406,ស្រយ៉ង់,Srayong,13040601,ស្រយ៉ង់ជើង,Srayong Cheung,DPHI (GPS),HC,Health Center with beds,មណ្ឌលសុខភាពមានគ្រែ,,ពិន ចន្ថុល,855 977918771,None,13.70338,104.55709,01/01/2015,,Operational,HF_LEVEL
406711,130134,HC សែនតេជៈ,HC Sen Techas,13,ព្រះវិហារ,Preah Vihear,1303,ជាំក្សាន្ដ,Choam Ksant,1301,ត្បែងមានជ័យ,Tbeng Meanchey,130308,មរកត,Morokot,13030802,សែនតេជៈ,Sen Techas,DPHI (GPS),HC,Health Center,មណ្ឌលសុខភាព,,រស់ វណ្ណារ៉ុង,855 976622622,None,14.23289208,105.1942876,30/05/2011,,Operational,HF_LEVEL
705667,130135,HC តេជោមរកត,HC Techo Morakot,13,ព្រះវិហារ,Preah Vihear,1303,ជាំក្សាន្ដ,Choam Ksant,1301,ត្បែងមានជ័យ,Tbeng Meanchey,130308,មរកត,Morokot,13030803,តេជោមរកត,Te Chhor Morokot,DPHI (GPS),HC,Health Center,មណ្ឌលសុខភាព,,ជិន រចនា,855 974988469,None,14.3314278621681,105.200376577748,30/05/2011,,Operational,HF_LEVEL
445970,130136,HC តេជោបុស្សស្បូវ,HC Techo Bosbov,13,ព្រះវិហារ,Preah Vihear,1303,ជាំក្សាន្ដ,Choam Ksant,1301,ត្បែងមានជ័យ,Tbeng Meanchey,130307,ស្រអែម,Sra Em,13030704,តេជោបុស្សស្បូវ,Te Chhor Bosbov,DPHI (GPS),HC,Health Center,មណ្ឌលសុខភាព,,ឆេង ចាន់រស្មី,855 978658587,None,14.4136484215192,104.79228661408,30/05/2011,,Operational,HF_LEVEL
171168,130137,HC សែនរុងរឿង១,HC Sen Rong Reoung1,13,ព្រះវិហារ,Preah Vihear,1303,ជាំក្សាន្ដ,Choam Ksant,1301,ត្បែងមានជ័យ,Tbeng Meanchey,130302,ទឹកក្រហម,Teuk Kraham,13030209,សែនរុងរឿង១,Sen Rung Roeung 1,DPHI (GPS),HC,Health Center,មណ្ឌលសុខភាព,,កិម ហេង,855 888803466,None,14.1526943719328,105.071331646622,30/05/2011,,Operational,HF_LEVEL
928107,130104003,HC តាកឹង,HC Takeoung,13,ព្រះវិហារ,Preah Vihear,1304,គូលែន,Kuleaen,1301,ត្បែងមានជ័យ,Tbeng Meanchey,130403,ថ្មី,Thmei,13040303,ពង្រ,Pongro,DPHI (GPS),HC,Health Center with beds,មណ្ឌលសុខភាពមានគ្រែ,,ទិត សីហា,855 978875 064,None,13.8698407161011,104.82724668066,01/01/2016,,Operational,HF_LEVEL
066080,130104004,HC សែនរុងរឿង២,HC Sen Rong Reurng 2,13,ព្រះវិហារ,Preah Vihear,1303,ជាំក្សាន្ដ,Choam Ksant,1301,ត្បែងមានជ័យ,Tbeng Meanchey,130308,មរកត,Morokot,13030804,សែនរុងរឿង២,Sen Rung Roeung 2,DPHI (GPS),HC,Health Center,មណ្ឌលសុខភាព,,ថោង ថាវង្ស,855 889867937,None,14.11119701,105.1286285,01/02/2015,,Operational,HF_LEVEL
217849,130104005,HC តេជោសែនជ័យ,HC Texho SenChey,13,ព្រះវិហារ,Preah Vihear,1303,ជាំក្សាន្ដ,Choam Ksant,1301,ត្បែងមានជ័យ,Tbeng Meanchey,130307,ស្រអែម,Sra Em,13030703,សែនជ័យ,Sen Chey,DPHI (GPS),HC,Health Center,មណ្ឌលសុខភាព,,លី ម៉េងហ៊ួរ,855 973633355,None,14.31824748,104.7965054,01/02/2016,,Operational,HF_LEVEL
636713,130104006,HC ពើក,HC Peuk,13,ព្រះវិហារ,Preah Vihear,1301,ជ័យសែន,Chey Saen,1301,ត្បែងមានជ័យ,Tbeng Meanchey,130106,ពុទ្រា,Putrea,13010602,ពើក,Peuk,DPHI (GPS),HC,Health Center with beds,មណ្ឌលសុខភាពមានគ្រែ,,អ៊ុក វណ្ណៈ,855 977329997,None,13.5140617358928,105.237995082779,01/10/2016,,Operational,HF_LEVEL
487112,130104007,HC សែនរុងរឿង៣,HC Sen Rung Reoung 3,13,ព្រះវិហារ,Preah Vihear,1303,ជាំក្សាន្ដ,Choam Ksant,1301,ត្បែងមានជ័យ,Tbeng Meanchey,130308,ទឹកក្រហម,Teuk kraham,13030805,សែនរុងរឿង៣,Sen Rung Roeung 3,DPHI (GPS),HC,Health Center,មណ្ឌលសុខភាព,,អ៊ុន ពិសី,855 976706699,None,14.102076779449,105.147908186487,01/01/2016,,Operational,HF_LEVEL
659625,130104008,HC សែនរុងរឿង៤,HC Sen Rung Reoung 4,13,ព្រះវិហារ,Preah Vihear,1303,ជាំក្សាន្ដ,Choam Ksant,1301,ត្បែងមានជ័យ,Tbeng Meanchey,130308,ទឹកក្រហម,Morokot,13030806,សែនរុងរឿង៤,Sen Rung Roeung 4,DPHI (GPS),HC,Health Center,មណ្ឌលសុខភាព,,សេង មករា,855 11887142,None,14.1123073329213,105.23456378279,01/01/2016,,Operational,HF_LEVEL
556490,130104009,HC ម្លូព្រៃ,HC Mluo Prey,13,ព្រះវិហារ,Preah Vihear,1302,ឆែប,Chhaeb,1301,ត្បែងមានជ័យ,Tbeng Meanchey,130205,ម្លូព្រៃមួយ,Mlu Prey Muoy,13020501,ម្លូព្រៃ,Mlu Prey,DPHI (GPS),HC,Health Center with beds,មណ្ឌលសុខភាពមានគ្រែ,,ទឹម ឡាលីន,855 12867716,None,13.8046817361367,105.281180968332,01/01/2016,,Operational,HF_LEVEL
900684,130104010,HC សែនរុងរឿង៥,HC Sen Rong Reoung 5,13,ព្រះវិហារ,Preah Vihear,1303,ជាំក្សាន្ដ,Choam Ksant,1301,ត្បែងមានជ័យ,Tbeng Meanchey,130302,ទឹកក្រហម,Tuek Kraham,13030213,សែនរុងរឿង៥,Sen Rung Roeung 5,DPHI (GPS),HC,Health Center,មណ្ឌលសុខភាព,,ញ៉ែម សុវិមាន,855 884719808,None,14.18987434,105.1525185,01/06/2017,,Operational,HF_LEVEL
945698,130104011,RH មន្ទីរពេទ្យបង្អែកជាំក្សាន,RH Chamksan,13,ព្រះវិហារ,Preah Vihear,1303,ជាំក្សាន្ដ,Choam Ksant,1301,ត្បែងមានជ័យ,Tbeng Meanchey,130301,ជាំក្សាន្ដ,Cham Ksant,13030101,ជាំក្សាន្ដ,Cham Ksant,DPHI (GPS),RH,Referral Hospital,មន្ទីរពេទ្យបង្អែកស្រុក,,ឡេង គឹមឈាង,855 9745 55 244,None,14.217399970308,104.94338726975,01/07/2018,,Operational,HF_LEVEL
497510,130104012,HC ឈើទាលគង,HC ChheurtealKorng,13,ព្រះវិហារ,Preah Vihear,1303,ជាំក្សាន្ដ,Choam Ksant,1301,ត្បែងមានជ័យ,Tbeng Meanchey,130301,ជាំក្សាន្ដ,Cham Ksant,13030101,ជាំក្សាន្ដ,Cham Ksant,DPHI (GPS),HC,Health Center,មណ្ឌលសុខភាព,,អ៊ក ដុល្លា,855 318924168,None,14.3595466370434,104.858385894308,01/01/2019,,Operational,HF_LEVEL
970698,130104013,HC រណៈសិរ្យ,HC Ronak Se,13,ព្រះវិហារ,Preah Vihear,1306,សង្គមថ្មី,Sangkum Thmei,1301,ត្បែងមានជ័យ,Tbeng Meanchey,130605,រណសិរ្ស,Ronak Ser,13060501,តាសែងកណ្ដាល,Ta Saeng Kandal,DPHI (GPS),HC,Health Center,មណ្ឌលសុខភាព,,ព្រំ ញ៉ី,855 972685618,None,13.3937454491619,104.778439604702,01/09/2019,,Operational,HF_LEVEL
170315,130104023,HC ប្រមេរ,HC Prome,13,ព្រះវិហារ,Preah Vihear,1303,ត្បែងមានជ័យ,Tbaeng Mean Chey,1301,ត្បែងមានជ័យ,Tbeng Meanchey,130704,ពោធិ៏,Pou,13070401,ពោធិ៏,Pou,DPHI (GPS),HC,Health Center,មណ្ឌលសុខភាព,,ស៊ុន ធារី,885 77360667,None,13.8631246139168,105.03357192796,01/02/2021,,Operational,HF_LEVEL
415944,140101,RH មន្ទីរពេទ្យបង្អែកបាភ្នំ,RH RH Baphnom,14,ព្រៃវែង,Prey Veng,1401,បាភ្នំ,Ba Phnum,1410,បាភ្នំ,Baphnom,140103,ឈើកាច់,Chheu Kach,14010301,ឈើកាច់,Chheu Kach,DPHI (GPS),RH,Referral Hospital,មន្ទីរពេទ្យបង្អែកស្រុក,,NA,None,None,11.58033,105.66559,01/05/2015,,Operational,HF_LEVEL;CONTACT_NO
229609,140102,HC បឹងព្រះ,HC Boeng Preah,14,ព្រៃវែង,Prey Veng,1401,បាភ្នំ,Ba Phnum,1410,បាភ្នំ,Baphnom,140101,បឹងព្រះ,Boeng Preah,14010101,អង្រ្កង,Angkrong,DPHI (GPS),HC,Health Center,មណ្ឌលសុខភាព,,NA,None,None,11.3254646074882,105.440826536946,01/01/2015,,Operational,HF_LEVEL;CONTACT_NO
083663,140103,HC ជើងភ្នំ,HC Cheung Phnom,14,ព្រៃវែង,Prey Veng,1401,បាភ្នំ,Ba Phnum,1410,បាភ្នំ,Baphnom,140103,ឈើកាច់,Chheu Kach,14010301,ឈើកាច់,Chheu Kach,DPHI (GPS),HC,Health Center,មណ្ឌលសុខភាព,,NA,None,None,11.254198385917,105.399223369222,01/01/2006,,Operational,HF_LEVEL;CONTACT_NO
590936,140104,HC រក្សជ័យ,HC Reaks Chey,14,ព្រៃវែង,Prey Veng,1401,បាភ្នំ,Ba Phnum,1410,បាភ្នំ,Baphnom,140104,រក្សជ័យ,Reaks Chey,14010412,ឈើត្រែង,Chheu Traeng,DPHI (GPS),HC,Health Center,មណ្ឌលសុខភាព,,NA,None,None,11.3175984052361,105.392802669932,01/01/2015,,Operational,HF_LEVEL;CONTACT_NO
618661,140105,HC រោងដំរី,HC Roung Damrei,14,ព្រៃវែង,Prey Veng,1401,បាភ្នំ,Ba Phnum,1410,បាភ្នំ,Baphnom,140105,រោងដំរី,Roung Damrei,14010501,ក្ដីដូង,Kdei Doung,DPHI (GPS),HC,Health Center,មណ្ឌលសុខភាព,,NA,None,None,11.2908391705958,105.396340542386,01/01/2015,,Operational,HF_LEVEL;CONTACT_NO
657351,140106,HC ស្តៅកោង,HC Sdau Kaung,14,ព្រៃវែង,Prey Veng,1401,បាភ្នំ,Ba Phnum,1410,បាភ្នំ,Baphnom,140106,ស្តៅកោង,Sdau Kaong,14010603,សៀម,Siem,DPHI (GPS),HC,Health Center,មណ្ឌលសុខភាព,,NA,None,None,11.2360406079978,105.459426519681,01/01/2015,,Operational,HF_LEVEL;CONTACT_NO
718013,140107,HC ស្ពឺ ក,HC Speu Kor,14,ព្រៃវែង,Prey Veng,1401,បាភ្នំ,Ba Phnum,1410,បាភ្នំ,Baphnom,140107,ស្ពឺ ក,Speu Kar,14010703,ស្វាយពក,Svay Pok,DPHI (GPS),HC,Health Center,មណ្ឌលសុខភាព,,NA,None,None,11.2703794511451,105.440954686495,01/01/2015,,Operational,HF_LEVEL;CONTACT_NO
714504,140108,HC ស្ពឺ ខ,HC Speu Khor,14,ព្រៃវែង,Prey Veng,1401,បាភ្នំ,Ba Phnum,1410,បាភ្នំ,Baphnom,140108,ស្ពឺ ខ,Speu Kha,14010802,ចាន់រ៉ា ក,Chan Ra Ka,DPHI (GPS),HC,Health Center,មណ្ឌលសុខភាព,,NA,None,None,11.2542604727183,105.511798424933,01/01/2015,,Operational,HF_LEVEL;CONTACT_NO
196182,140109,HC ធាយ,HC Theay,14,ព្រៃវែង,Prey Veng,1401,បាភ្នំ,Ba Phnum,1410,បាភ្នំ,Baphnom,140109,ធាយ,Theay,14010910,កំពង់ស្នែ,Kampong Snae,DPHI (GPS),HC,Health Center,មណ្ឌលសុខភាព,,NA,None,None,11.3788231895545,105.389407849808,01/01/2015,,Operational,HF_LEVEL;CONTACT_NO
160266,140201,RH មន្ទីរពេទ្យបង្អែកកំចាយមារ,RH Kamchay Mear,14,ព្រៃវែង,Prey Veng,1402,កំចាយមារ,Kamchay Mear,1401,កំចាយមារ,Kamchay Mear,140203,ក្រញូង,Kranhung,14020302,ជោរទី ២,Chour Ti Pir,DPHI (GPS),RH,Referral Hospital,មន្ទីរពេទ្យបង្អែកស្រុក,,NA,None,None,11.5802728266771,105.665607324938,01/01/2006,,Operational,HF_LEVEL;CONTACT_NO
831211,140202,HC ជាច,HC Cheach,14,ព្រៃវែង,Prey Veng,1402,កំចាយមារ,Kamchay Mear,1401,កំចាយមារ,Kamchay Mear,140201,ជាច,Cheach,14020102,ទួលសង្កែបណ្ដោយ,Tuol Sangkae Bandaoy,DPHI (GPS),HC,Health Center,មណ្ឌលសុខភាព,,NA,None,None,11.6870358743736,105.700926392806,01/01/2006,,Operational,HF_LEVEL;CONTACT_NO
700836,140203,HC ដូនកឹង,HC Don Koeng,14,ព្រៃវែង,Prey Veng,1402,កំចាយមារ,Kamchay Mear,1401,កំចាយមារ,Kamchay Mear,140202,ដូនកឹង,Doun Koeng,14020202,ដូនកឹង,Doun Koeng,DPHI (GPS),HC,Health Center,មណ្ឌលសុខភាព,,NA,None,None,11.571231633341,105.582031039518,01/01/2006,,Operational,HF_LEVEL;CONTACT_NO
960810,140204,HC ក្របៅ,HC Krabau,14,ព្រៃវែង,Prey Veng,1402,កំចាយមារ,Kamchay Mear,1401,កំចាយមារ,Kamchay Mear,140204,ក្របៅ,Krabau,14020405,អណ្ដូងស្អាត,Andoung S'at,DPHI (GPS),HC,Health Center,មណ្ឌលសុខភាព,,NA,None,None,11.6244191813569,105.741371795491,01/01/2006,,Operational,HF_LEVEL;CONTACT_NO
202317,140205,HC ក្រញូង,HC Kranhung,14,ព្រៃវែង,Prey Veng,1402,កំចាយមារ,Kamchay Mear,1401,កំចាយមារ,Kamchay Mear,140203,ក្រញូង,Kranhung,14020302,ជោរទី ២,Chour Ti Pir,DPHI (GPS),HC,Health Center,មណ្ឌលសុខភាព,,NA,None,None,11.5802172155873,105.665328946056,01/01/2006,,Operational,HF_LEVEL;CONTACT_NO
664798,140206,HC ស៊ាងឃ្វាង,HC Seang Khveang,14,ព្រៃវែង,Prey Veng,1402,កំចាយមារ,Kamchay Mear,1401,កំចាយមារ,Kamchay Mear,140205,ស៊ាងឃ្វាង,Seang Khveang,14020509,សង្កែ,Sangkae,DPHI (GPS),HC,Health Center,មណ្ឌលសុខភាព,,NA,None,None,11.6455462620967,105.486332444184,01/01/2006,,Operational,HF_LEVEL;CONTACT_NO
731838,140207,HC ស្មោងជើង,HC Smaong Cheung,14,ព្រៃវែង,Prey Veng,1402,កំចាយមារ,Kamchay Mear,1401,កំចាយមារ,Kamchay Mear,140206,ស្មោងជើង,Smaong Cheung,14020602,ទានភ្លើង,Tean Phleung,DPHI (GPS),HC,Health Center,មណ្ឌលសុខភាព,,NA,None,None,11.5536040130771,105.624638940471,01/01/2006,,Operational,HF_LEVEL;CONTACT_NO
732555,140208,HC ស្មោងត្បូង,HC Smaong Tboung,14,ព្រៃវែង,Prey Veng,1402,កំចាយមារ,Kamchay Mear,1401,កំចាយមារ,Kamchay Mear,140207,ស្មោងត្បូង,Smaong Tboung,14020717,ព្រៃធំ,Prey Thum,DPHI (GPS),HC,Health Center,មណ្ឌលសុខភាព,,NA,None,None,11.5222952763806,105.660266201883,01/01/2006,,Operational,HF_LEVEL;CONTACT_NO
954663,140209,HC ត្របែក,HC Trabek,14,ព្រៃវែង,Prey Veng,1402,កំចាយមារ,Kamchay Mear,1401,កំចាយមារ,Kamchay Mear,140208,ត្របែក,Trabaek,14020803,ច្រេសខាងកើត,Chres Khang Kaeut,DPHI (GPS),HC,Health Center,មណ្ឌលសុខភាព,,NA,None,None,11.6071075383861,105.540327292792,01/01/2017,,Operational,HF_LEVEL;CONTACT_NO
421828,140301,RH មន្ទីរពេទ្យបង្អែកកំពង់ត្របែក,RH Kampong Trabek,14,ព្រៃវែង,Prey Veng,1403,កំពង់ត្របែក,Kampong Trabaek,1402,កំពង់ត្របែក,Kampong Trabek,140309,ប្រាសាទ,Prasat,14030902,ចំបក់,Chambak,DPHI (GPS),RH,Referral Hospital,មន្ទីរពេទ្យបង្អែកស្រុក,,NA,None,None,11.1480589750156,105.536387706057,01/01/2006,,Operational,HF_LEVEL;CONTACT_NO
953929,140302,HC អន្សោង,HC Ansaong,14,ព្រៃវែង,Prey Veng,1403,កំពង់ត្របែក,Kampong Trabaek,1402,កំពង់ត្របែក,Kampong Trabek,140301,អន្សោង,Ansaong,14030103,អន្សោង,Ansaong,DPHI (GPS),HC,Health Center,មណ្ឌលសុខភាព,,NA,None,None,11.1272376,105.5407963,01/01/2017,,Operational,HF_LEVEL;CONTACT_NO
240673,140303,HC ចាម,HC Cham,14,ព្រៃវែង,Prey Veng,1403,កំពង់ត្របែក,Kampong Trabaek,1402,កំពង់ត្របែក,Kampong Trabek,140302,ចាម,Cham,14030203,កាធំ,Ka Thum,DPHI (GPS),HC,Health Center,មណ្ឌលសុខភាព,,NA,None,None,10.9973197010961,105.555384951005,01/01/2006,,Operational,HF_LEVEL;CONTACT_NO
714462,140304,HC ជាងដែក,HC Cheang Dek,14,ព្រៃវែង,Prey Veng,1403,កំពង់ត្របែក,Kampong Trabaek,1402,កំពង់ត្របែក,Kampong Trabek,140303,ជាងដែក,Cheang Daek,14030309,អង្គ,Ang,DPHI (GPS),HC,Health Center,មណ្ឌលសុខភាព,,NA,None,None,11.0202692781151,105.52887245617,01/01/2006,,Operational,HF_LEVEL;CONTACT_NO
981998,140305,HC ជ្រៃកំពង់ត្របែក,HC Chrey Kampong Trabek,14,ព្រៃវែង,Prey Veng,1403,កំពង់ត្របែក,Kampong Trabaek,1402,កំពង់ត្របែក,Kampong Trabek,140304,ជ្រៃ,Chrey,14030405,ជ្រៃ,Chrey,DPHI (GPS),HC,Health Center,មណ្ឌលសុខភាព,,NA,None,None,11.0639448358543,105.591019789044,01/01/2017,,Operational,HF_LEVEL;CONTACT_NO
342457,140306,HC កន្សោមអក,HC Kansom Ork,14,ព្រៃវែង,Prey Veng,1403,កំពង់ត្របែក,Kampong Trabaek,1402,កំពង់ត្របែក,Kampong Trabek,140305,កន្សោមអក,Kansaom Ak,14030501,កន្សោមអក,Kansaom Ak,DPHI (GPS),HC,Health Center,មណ្ឌលសុខភាព,,NA,None,None,11.1824843301261,105.51204406742,01/01/2006,,Operational,HF_LEVEL;CONTACT_NO
073828,140307,HC គោខ្ចក,HC Ko Kchork,14,ព្រៃវែង,Prey Veng,1403,កំពង់ត្របែក,Kampong Trabaek,1402,កំពង់ត្របែក,Kampong Trabek,140306,គោខ្ចក,Kou Khchak,14030601,គោខ្ចក,Kou Khchak,DPHI (GPS),HC,Health Center,មណ្ឌលសុខភាព,,NA,None,None,11.2026353471575,105.556859228814,01/01/2006,,Operational,HF_LEVEL;CONTACT_NO
716072,140308,HC កំពង់ត្របែក,HC Kompong Trabek,14,ព្រៃវែង,Prey Veng,1403,កំពង់ត្របែក,Kampong Trabaek,1402,កំពង់ត្របែក,Kampong Trabek,140307,កំពង់ត្របែក,Kampong Trabaek,14030703,ព្រែកផ្ដៅ,Preaek Phdau,DPHI (GPS),HC,Health Center,មណ្ឌលសុខភាព,,NA,None,None,11.1419389172943,105.483904211174,01/01/2006,,Operational,HF_LEVEL;CONTACT_NO
127809,140309,HC ពាមមុន្ទារ,HC Peam Muntea,14,ព្រៃវែង,Prey Veng,1403,កំពង់ត្របែក,Kampong Trabaek,1402,កំពង់ត្របែក,Kampong Trabek,140308,ពាមមុន្ទារ,Peam Montear,14030808,តាកែវ,Ta Kaev,DPHI (GPS),HC,Health Center,មណ្ឌលសុខភាព,,NA,None,None,11.0612322664964,105.470259557751,01/01/2006,,Operational,HF_LEVEL;CONTACT_NO
287244,140310,HC ប្រាសាទ,HC Prasat,14,ព្រៃវែង,Prey Veng,1403,កំពង់ត្របែក,Kampong Trabaek,1402,កំពង់ត្របែក,Kampong Trabek,140309,ប្រាសាទ,Prasat,14030902,ចំបក់,Chambak,DPHI (GPS),HC,Health Center,មណ្ឌលសុខភាព,,NA,None,None,11.1478530771577,105.536083409736,01/01/2006,,Operational,HF_LEVEL;CONTACT_NO
925116,140311,HC ប្រធាតុ,HC Pratheath,14,ព្រៃវែង,Prey Veng,1403,កំពង់ត្របែក,Kampong Trabaek,1402,កំពង់ត្របែក,Kampong Trabek,140310,ប្រធាតុ,Pratheat,14031003,ឆ្វាង,Chhvang,DPHI (GPS),HC,Health Center,មណ្ឌលសុខភាព,,NA,None,None,11.1118852723208,105.59625692582,01/01/2006,,Operational,HF_LEVEL;CONTACT_NO
132575,140312,HC ព្រៃឈរ,HC Prey Chhor,14,ព្រៃវែង,Prey Veng,1403,កំពង់ត្របែក,Kampong Trabaek,1402,កំពង់ត្របែក,Kampong Trabek,140311,ព្រៃឈរ,Prey Chhor,14031107,ព្រៃម្នាស់់,Prey Mnoas,DPHI (GPS),HC,Health Center,មណ្ឌលសុខភាព,,NA,None,None,12.0752750469938,105.189828169261,01/01/2006,,Operational,HF_LEVEL;CONTACT_NO
448208,140313,HC ព្រៃពោន,HC Prey Pon,14,ព្រៃវែង,Prey Veng,1403,កំពង់ត្របែក,Kampong Trabaek,1402,កំពង់ត្របែក,Kampong Trabek,140312,ព្រៃពោន,Prey Poun,14031204,ព្រៃសំរោង,Prey Samraong,DPHI (GPS),HC,Health Center,មណ្ឌលសុខភាព,,NA,None,None,11.0367997673233,105.562109795885,01/01/2006,,Operational,HF_LEVEL;CONTACT_NO
669189,140314,HC ថ្កូវ,HC Tkov,14,ព្រៃវែង,Prey Veng,1403,កំពង់ត្របែក,Kampong Trabaek,1402,កំពង់ត្របែក,Kampong Trabek,140313,ថ្កូវ,Thkov,14031302,ធំ,Thum,DPHI (GPS),HC,Health Center,មណ្ឌលសុខភាព,,NA,None,None,11.0953599399569,105.568025349667,01/01/2006,,Operational,HF_LEVEL;CONTACT_NO
166384,140401,RH មន្ទីរពេទ្យបង្អែក​កញ្រ្ចៀច,RH Kanhchriech,14,ព្រៃវែង,Prey Veng,1404,កញ្ជ្រៀច,Kanhchriech,1412,កញ្ជ្រៀច,Kanhchriech,140407,ថ្មពូន,Thma Pun,14040709,ព្រងើយទី១,Prongeuy Ti Muoy,DPHI (GPS),RH,Referral Hospital,មន្ទីរពេទ្យបង្អែកស្រុក,,NA,None,None,11.6923560582364,105.559583572374,01/01/2017,,Operational,HF_LEVEL;CONTACT_NO
060671,140402,HC ចុងអំពិល,HC Chong Ampil,14,ព្រៃវែង,Prey Veng,1404,កញ្ជ្រៀច,Kanhchriech,1412,កញ្ជ្រៀច,Kanhchriech,140401,ចុងអំពិល,Chong Ampil,14040103,កណ្ដាច់,Kandach,DPHI (GPS),HC,Health Center,មណ្ឌលសុខភាព,,NA,None,None,11.6642063080854,105.425831588247,01/01/2006,,Operational,HF_LEVEL;CONTACT_NO
638957,140403,HC កញ្ជ្រៀច,HC Kanhchriech,14,ព្រៃវែង,Prey Veng,1404,កញ្ជ្រៀច,Kanhchriech,1412,កញ្ជ្រៀច,Kanhchriech,140402,កញ្ជ្រៀច,Kanhchriech,14040206,ឆ្អឹងជំនីរ,Chh'oeng Chumnir,DPHI (GPS),HC,Health Center,មណ្ឌលសុខភាព,,NA,None,None,11.71010958,105.5507656,01/01/2006,,Operational,HF_LEVEL;CONTACT_NO
621505,140404,HC ក្តឿងរាយ,HC Kdoeng Reay,14,ព្រៃវែង,Prey Veng,1404,កញ្ជ្រៀច,Kanhchriech,1412,កញ្ជ្រៀច,Kanhchriech,140403,ក្តឿងរាយ,Kdoeang Reay,14040312,ពានាផ្សារ,Peanea Phsar,DPHI (GPS),HC,Health Center,មណ្ឌលសុខភាព,,NA,None,None,11.7063264926221,105.452748753489,01/01/2006,,Operational,HF_LEVEL;CONTACT_NO
483975,140405,HC គោកគង់លិច,HC Korkong Lech,14,ព្រៃវែង,Prey Veng,1404,កញ្ជ្រៀច,Kanhchriech,1412,កញ្ជ្រៀច,Kanhchriech,140405,គោកគង់លិច,Kouk Kong Lech,14040515,ទួលពពេល,Tuol Popel,DPHI (GPS),HC,Health Center,មណ្ឌលសុខភាព,,NA,None,None,11.73120544,105.5701796,01/01/2015,,Operational,HF_LEVEL;CONTACT_NO
267582,140406,HC គោកគង់កើត,HC Kouk Kong​ Keut,14,ព្រៃវែង,Prey Veng,1404,កញ្ជ្រៀច,Kanhchriech,1412,កញ្ជ្រៀច,Kanhchriech,140404,គោកគង់កើត,Kouk Kong Kaeut,14040407,សេរីចរចារ,Serei Charchar,DPHI (GPS),HC,Health Center,មណ្ឌលសុខភាព,,NA,None,None,11.7291906726223,105.674824118977,01/01/2006,,Operational,HF_LEVEL;CONTACT_NO
107555,140407,HC ព្រាល,HC Preal,14,ព្រៃវែង,Prey Veng,1404,កញ្ជ្រៀច,Kanhchriech,1412,កញ្ជ្រៀច,Kanhchriech,140406,ព្រាល,Preal,14040612,ល្ហើយ,Lhaeuy,DPHI (GPS),HC,Health Center,មណ្ឌលសុខភាព,,NA,None,None,11.663505938611,105.616332444403,01/01/2006,,Operational,HF_LEVEL;CONTACT_NO
748253,140408,HC ថ្មពូន,HC Thmar Poun,14,ព្រៃវែង,Prey Veng,1404,កញ្ជ្រៀច,Kanhchriech,1412,កញ្ជ្រៀច,Kanhchriech,140407,ថ្មពូន,Thma Pun,14040709,ព្រងើយទី១,Prongeuy Ti Muoy,DPHI (GPS),HC,Health Center,មណ្ឌលសុខភាព,,NA,None,None,11.6924804372446,105.559395117733,01/01/2017,,Operational,HF_LEVEL;CONTACT_NO
135103,140409,HC ត្នោត,HC Tnaot,14,ព្រៃវែង,Prey Veng,1404,កញ្ជ្រៀច,Kanhchriech,1412,កញ្ជ្រៀច,Kanhchriech,140408,ត្នោត,Tnaot,14040805,តារាជ,Ta Reach,DPHI (GPS),HC,Health Center,មណ្ឌលសុខភាព,,NA,None,None,11.7386097462278,105.535489915309,01/01/2006,,Operational,HF_LEVEL;CONTACT_NO
734691,140501,PH មន្ទីរពេទ្យខេត្តព្រៃវែង,PH Prey Veng,14,ព្រៃវែង,Prey Veng,1410,ព្រៃវែង,Prey Veng,1409,ក្រុងព្រៃវែង,Krong Prey Veng,141003,កំពង់លាវ,Kampong Leav,14100302,លេខ២,Lekh Pir,DPHI (GPS),PH,Provincial Hospital,មន្ទីរពេទ្យខេត្ត,,NA,None,None,11.4835371426057,105.32460572015,01/01/2015,,Operational,HF_LEVEL;CONTACT_NO
529872,140502,HC កំពង់លាវ,HC Kampong Leav,14,ព្រៃវែង,Prey Veng,1410,ព្រៃវែង,Prey Veng,1409,ក្រុងព្រៃវែង,Krong Prey Veng,141003,កំពង់លាវ,Kampong Leav,14100303,លេខ៣,Lekh Bei,DPHI (GPS),HC,Health Center,មណ្ឌលសុខភាព,,NA,None,None,11.4844018916994,105.325190895326,01/01/2015,,Operational,HF_LEVEL;CONTACT_NO
001288,140503,HC កំពង់ឫស្សី,HC Kampong Russei,14,ព្រៃវែង,Prey Veng,1411,ពោធិ៍រៀង,Pur Rieng,1409,ក្រុងព្រៃវែង,Krong Prey Veng,141106,កំពង់ឫស្សី,Kampong Ruessei,14110604,ត្នោត,Tnaot,DPHI (GPS),HC,Health Center,មណ្ឌលសុខភាព,,NA,None,None,11.5902102654238,105.21364650136,01/01/2015,,Operational,HF_LEVEL;CONTACT_NO
515397,140504,HC ពោធិរៀង,HC Porrieng,14,ព្រៃវែង,Prey Veng,1411,ពោធិ៍រៀង,Pur Rieng,1409,ក្រុងព្រៃវែង,Krong Prey Veng,141101,ពោធិ៍រៀង,Pou Rieng,14110102,ពោធិ៍រៀងត្បូង,Pou Rieng Tboung,DPHI (GPS),HC,Health Center,មណ្ឌលសុខភាព,,NA,None,None,11.5630150343208,105.259480018852,01/01/2015,,Operational,HF_LEVEL;CONTACT_NO
021667,140505,HC ព្រែកជ្រៃ,HC Preaek Chrey,14,ព្រៃវែង,Prey Veng,1411,ពោធិ៍រៀង,Pur Rieng,1409,ក្រុងព្រៃវែង,Krong Prey Veng,141103,ព្រែកជ្រៃ,Preaek Chrey,14110301,ព្រែកជ្រៃលើ,Preaek Chrey Leu,DPHI (GPS),HC,Health Center,មណ្ឌលសុខភាព,,NA,None,None,11.474415546556,105.227561413456,01/01/2015,,Operational,HF_LEVEL;CONTACT_NO
694535,140506,HC ព្រែកអន្ទះ,HC Prek Anteah,14,ព្រៃវែង,Prey Veng,1411,ពោធិ៍រៀង,Pur Rieng,1409,ក្រុងព្រៃវែង,Krong Prey Veng,141102,ព្រែកអន្ទះ,Preaek Anteah,14110205,តាមែង,Ta Meaeng,DPHI (GPS),HC,Health Center,មណ្ឌលសុខភាព,,NA,None,None,11.53309404,105.218244,01/01/2015,,Operational,HF_LEVEL;CONTACT_NO
242251,140507,HC ព្រែកតាសរ,HC Prek Tasor,14,ព្រៃវែង,Prey Veng,1411,ពោធិ៍រៀង,Pur Rieng,1409,ក្រុងព្រៃវែង,Krong Prey Veng,141107,ព្រែកតាសរ,Preaek Ta Sar,14110702,ព្រែកឈ្មោះ,Preaek Chhmuoh,DPHI (GPS),HC,Health Center,មណ្ឌលសុខភាព,,NA,None,None,11.530907205008,105.137764471885,01/02/2015,,Operational,HF_LEVEL;CONTACT_NO
261410,140508,HC ព្រៃកន្លោង,HC Prey Kanlaong,14,ព្រៃវែង,Prey Veng,1411,ពោធិ៍រៀង,Pur Rieng,1409,ក្រុងព្រៃវែង,Krong Prey Veng,141104,ព្រៃកន្លោង,Prey Kanlaong,14110405,ព្រៃកន្លោង,Prey Kanlaong,DPHI (GPS),HC,Health Center,មណ្ឌលសុខភាព,,NA,None,None,11.5561421781429,105.334084598634,01/01/2017,,Operational,HF_LEVEL;CONTACT_NO
231394,140509,HC តាកោ,HC Takor,14,ព្រៃវែង,Prey Veng,1411,ពោធិ៍រៀង,Pur Rieng,1409,ក្រុងព្រៃវែង,Krong Prey Veng,141105,តាកោ,Ta Kao,14110503,ខ្នយ,Khnoy,DPHI (GPS),HC,Health Center,មណ្ឌលសុខភាព,,NA,None,None,11.5246449216254,105.361112406779,01/01/2015,,Operational,HF_LEVEL;CONTACT_NO
891301,140601,RH មន្ទីរពេទ្យបង្អែកមេសាង,RH Mesang,14,ព្រៃវែង,Prey Veng,1405,មេសាង,Me Sang,1403,មេសាង,Mesang,140503,ជីផុច,Chi Phoch,14050313,វាំង,Veang,DPHI (GPS),RH,Referral Hospital,មន្ទីរពេទ្យបង្អែកស្រុក,,NA,None,None,11.3266599210117,105.547758080502,01/01/2006,,Operational,HF_LEVEL;CONTACT_NO
186455,140602,HC អង្គរស,HC Angkor Sar,14,ព្រៃវែង,Prey Veng,1405,មេសាង,Me Sang,1403,មេសាង,Mesang,140501,អង្គរសរ,Angkor Sar,14050105,អង្គរសរ,Angkor Sar,DPHI (GPS),HC,Health Center,មណ្ឌលសុខភាព,,NA,None,None,11.2521285574785,105.623342244501,01/01/2006,,Operational,HF_LEVEL;CONTACT_NO
672566,140603,HC ជីផុច,HC Chi Phoch,14,ព្រៃវែង,Prey Veng,1405,មេសាង,Me Sang,1403,មេសាង,Mesang,140503,ជីផុច,Chi Phoch,14050313,វាំង,Veang,DPHI (GPS),HC,Health Center,មណ្ឌលសុខភាព,,NA,None,None,11.3268505915789,105.547769997454,01/01/2006,,Operational,HF_LEVEL;CONTACT_NO
495880,140604,HC ច្រេស,HC Chres,14,ព្រៃវែង,Prey Veng,1405,មេសាង,Me Sang,1403,មេសាង,Mesang,140502,ច្រេស,Chres,14050210,ចន្ទ័គ្រឹស្នា,Chant Kruesna,DPHI (GPS),HC,Health Center,មណ្ឌលសុខភាព,,NA,None,None,11.3403291423798,105.623713541162,01/01/2006,,Operational,HF_LEVEL;CONTACT_NO
239828,140605,HC ព្រៃឃ្នេស,HC Prey Khnes,14,ព្រៃវែង,Prey Veng,1405,មេសាង,Me Sang,1403,មេសាង,Mesang,140504,ព្រៃឃ្នេស,Prey Khnes,14050422,កែវស្នា,Kaev Sna,DPHI (GPS),HC,Health Center,មណ្ឌលសុខភាព,,NA,None,None,11.3545041042889,105.495254158851,01/01/2006,,Operational,HF_LEVEL;CONTACT_NO
891330,140606,HC ព្រៃរំដេង,HC Prey Rumdeng,14,ព្រៃវែង,Prey Veng,1405,មេសាង,Me Sang,1403,មេសាង,Mesang,140505,ព្រៃរំដេង,Prey Rumdeng,14050502,ចារ,Char,DPHI (GPS),HC,Health Center,មណ្ឌលសុខភាព,,NA,None,None,11.307264003258,105.602281279955,01/01/2006,,Operational,HF_LEVEL;CONTACT_NO
254276,140607,HC ព្រៃទទឹង,HC Prey Toteung,14,ព្រៃវែង,Prey Veng,1405,មេសាង,Me Sang,1403,មេសាង,Mesang,140506,ព្រៃទទឹង,Prey Totueng,14050609,ព្រៃទទឹង,Prey Totueng,DPHI (GPS),HC,Health Center,មណ្ឌលសុខភាព,,NA,None,None,11.4320884368194,105.596147214151,01/01/2006,,Operational,HF_LEVEL;CONTACT_NO
162049,140608,HC ស្វាយអណ្តូង,HC Svay Andaung,14,ព្រៃវែង,Prey Veng,1405,មេសាង,Me Sang,1403,មេសាង,Mesang,140503,ស្វាយណ្តូង,Chi Phoch,14050314,ស្វាយអណ្ដូង,Svay Andoung,DPHI (GPS),HC,Health Center,មណ្ឌលសុខភាព,,NA,None,None,11.3698297350921,105.533879145113,01/01/2006,,Operational,HF_LEVEL;CONTACT_NO
709062,140609,HC ស្វាយជ្រុំ,HC Svay Chrum,14,ព្រៃវែង,Prey Veng,1405,មេសាង,Me Sang,1403,មេសាង,Mesang,140507,ស្វាយជ្រុំ,Svay Chrum,14050707,ពោតាមុំ,PouTa Mom,DPHI (GPS),HC,Health Center,មណ្ឌលសុខភាព,,NA,None,None,11.3743561539114,105.56420308149,01/01/2006,,Operational,HF_LEVEL;CONTACT_NO
310803,140610,HC ត្រពាំងស្រែ,HC Trapeang Srae,14,ព្រៃវែង,Prey Veng,1405,មេសាង,Me Sang,1403,មេសាង,Mesang,140508,ត្រពាំងស្រែ,Trapeang Srae,14050811,ព្រៃគុយ,Prey Kuy,DPHI (GPS),HC,Health Center,មណ្ឌលសុខភាព,,NA,None,None,11.2625187630524,105.551523527259,01/01/2006,,Operational,HF_LEVEL;CONTACT_NO
094975,140701,RH មន្ទីរពេទ្យ​បង្អែក​ពាមជរ៍,RH Peam Chor,14,ព្រៃវែង,Prey Veng,1406,ពាមជរ,Peam Chor,1411,ពាមជរ៍,Peam Chor,140610,ស្វាយភ្លោះ,Svay Phluoh,14061003,បង្អែក,Bang'aek,DPHI (GPS),RH,Referral Hospital,មន្ទីរពេទ្យបង្អែកស្រុក,,NA,None,None,11.1028718024074,105.220725529911,22/11/2016,,Operational,HF_LEVEL;CONTACT_NO
191165,140702,HC អង្គរអង្គ,HC Angkor Ang,14,ព្រៃវែង,Prey Veng,1406,ពាមជរ,Peam Chor,1411,ពាមជរ៍,Peam Chor,140601,អង្គរអង្គ,Angkor Angk,14060102,ព្រែកត្រែង,Preaek Traeng,DPHI (GPS),HC,Health Center,មណ្ឌលសុខភាព,,NA,None,None,11.1654198706594,105.31346598306,01/07/2015,,Operational,HF_LEVEL;CONTACT_NO
876778,140703,HC កំពង់ប្រាសាទ,HC Kampong Prasat,14,ព្រៃវែង,Prey Veng,1406,ពាមជរ,Peam Chor,1411,ពាមជរ៍,Peam Chor,140602,កំពង់ប្រាសាទ,Kampong Prasat,14060201,តាហ៊ុយ,Ta Huy,DPHI (GPS),HC,Health Center,មណ្ឌលសុខភាព,,NA,None,None,11.0112389265003,105.267744145247,01/01/2006,,Operational,HF_LEVEL;CONTACT_NO
787484,140704,HC កោះ​ចេក,HC Koh Chek,14,ព្រៃវែង,Prey Veng,1406,ពាមជរ,Peam Chor,1411,ពាមជរ៍,Peam Chor,140603,កោះចេក,Kaoh Chek,14060302,កោះចេក,Kaoh Chek,DPHI (GPS),HC,Health Center,មណ្ឌលសុខភាព,,NA,None,None,11.0602806194941,105.211979576763,22/11/2016,,Operational,HF_LEVEL;CONTACT_NO
115573,140705,HC កោះរកា,HC Koh Roka,14,ព្រៃវែង,Prey Veng,1406,ពាមជរ,Peam Chor,1411,ពាមជរ៍,Peam Chor,140604,កោះរកា,Kaoh Roka,14060403,ជ្រៃថ្មី,Chrey Thmei,DPHI (GPS),HC,Health Center,មណ្ឌលសុខភាព,,NA,None,None,10.95884105,105.1897232,22/11/2016,,Operational,HF_LEVEL;CONTACT_NO
276014,140706,HC កោះសំពៅ,HC Koh Sampov,14,ព្រៃវែង,Prey Veng,1406,ពាមជរ,Peam Chor,1411,ពាមជរ៍,Peam Chor,140605,កោះសំពៅ,Kaoh Sampov,14060502,អំពៅព្រៃ,Ampov Prey,DPHI (GPS),HC,Health Center,មណ្ឌលសុខភាព,,NA,None,None,10.9263451624989,105.282763584855,01/07/2015,,Operational,HF_LEVEL;CONTACT_NO
239246,140707,HC ក្រាំងតាយ៉ង,HC Kraing Tayang,14,ព្រៃវែង,Prey Veng,1406,ពាមជរ,Peam Chor,1411,ពាមជរ៍,Peam Chor,140606,ក្រាំងតាយ៉ង,Krang Ta Yang,14060603,ក្រាំងព្រៃផ្ដៅ,Krang Prey Phdau,DPHI (GPS),HC,Health Center,មណ្ឌលសុខភាព,,NA,None,None,11.035272743839,105.286474376383,22/11/2016,,Operational,HF_LEVEL;CONTACT_NO
257978,140708,HC ព្រែកក្របៅ,HC Prek Krabau,14,ព្រៃវែង,Prey Veng,1406,ពាមជរ,Peam Chor,1411,ពាមជរ៍,Peam Chor,140607,ព្រែកក្របៅ,Preaek Krabau,14060701,ព្រែកក្របៅ,Preaek Krabau,DPHI (GPS),HC,Health Center,មណ្ឌលសុខភាព,,NA,None,None,11.1948753051195,105.265898998494,22/11/2016,,Operational,HF_LEVEL;CONTACT_NO
773112,140709,HC ព្រែកសំបួរ,HC Prek Sambour,14,ព្រៃវែង,Prey Veng,1406,ពាមជរ,Peam Chor,1411,ពាមជរ៍,Peam Chor,140608,ព្រែកសំបួរ,Preaek Sambuor,14060801,ខ្ពប,Khpob,DPHI (GPS),HC,Health Center,មណ្ឌលសុខភាព,,NA,None,None,11.0155705555943,105.205048307138,01/01/2006,,Operational,HF_LEVEL;CONTACT_NO
168928,140710,HC ឫស្សីស្រុក,HC Russei Srok,14,ព្រៃវែង,Prey Veng,1406,ពាមជរ,Peam Chor,1411,ពាមជរ៍,Peam Chor,140609,ឫស្សីស្រុក,Ruessei Srok,14060901,ពែន,Peaen,DPHI (GPS),HC,Health Center,មណ្ឌលសុខភាព,,NA,None,None,10.9641174937395,105.297166179626,01/01/2006,,Operational,HF_LEVEL;CONTACT_NO
253540,140711,HC ស្វាយភ្លោះ,HC Svay Phluos,14,ព្រៃវែង,Prey Veng,1406,ពាមជរ,Peam Chor,1411,ពាមជរ៍,Peam Chor,140610,ស្វាយភ្លោះ,Svay Phluoh,14061003,បង្អែក,Bang'aek,DPHI (GPS),HC,Health Center,មណ្ឌលសុខភាព,,NA,None,None,11.1030685390937,105.22085952493,01/01/2006,,Operational,HF_LEVEL;CONTACT_NO
571890,140801,RH មន្ទីរពេទ្យបង្អែកអ្នកលឿង,RH Neak Leung,14,ព្រៃវែង,Prey Veng,1407,ពាមរក៍,Peam Ro,1404,ពាមរក៍,Peam Ror,140707,ព្រែកខ្សាយ ខ,Preaek Khsay Kha,14070703,ភូមិ ៣,Phum Bei,DPHI (GPS),RH,Referral Hospital,មន្ទីរពេទ្យបង្អែកស្រុក,,NA,None,None,11.260782811723,105.284747880343,01/01/2006,,Operational,HF_LEVEL;CONTACT_NO
329447,140802,HC បាបោង,HC Ba Baong,14,ព្រៃវែង,Prey Veng,1407,ពាមរក៍,Peam Ro,1404,ពាមរក៍,Peam Ror,140701,បាបោង,Ba Baong,14070103,ជោគជ័យ,Chouk Chey,DPHI (GPS),HC,Health Center,មណ្ឌលសុខភាព,,NA,None,None,11.3812250856121,105.331109284396,01/01/2006,,Operational,HF_LEVEL;CONTACT_NO
280955,140803,HC បន្លិចប្រាសាទ,HC Banlich Prasat,14,ព្រៃវែង,Prey Veng,1407,ពាមរក៍,Peam Ro,1404,ពាមរក៍,Peam Ror,140702,បន្លិចប្រាសាទ,Banlich Prasat,14070202,ប្រាសាទជើង,Prasat Cheung,DPHI (GPS),HC,Health Center,មណ្ឌលសុខភាព,,NA,None,None,11.2923110978805,105.30007597156,01/01/2006,,Operational,HF_LEVEL;CONTACT_NO
473107,140804,HC ពាមមានជ័យ,HC Peam Mean Chey,14,ព្រៃវែង,Prey Veng,1407,ពាមរក៍,Peam Ro,1404,ពាមរក៍,Peam Ror,140704,ពាមមានជ័យ,Peam Mean Chey,14070403,បឹងផ្សោត,Boeng Phsaot,DPHI (GPS),HC,Health Center,មណ្ឌលសុខភាព,,NA,None,None,11.35894583015,105.269500353837,01/01/2006,,Operational,HF_LEVEL;CONTACT_NO
909002,140805,HC ពាមរក៍,HC Peam Ro,14,ព្រៃវែង,Prey Veng,1407,ពាមរក៍,Peam Ro,1404,ពាមរក៍,Peam Ror,140705,ពាមរក៍,Peam Ro,14070501,ពាមកោះ,Peam Kaoh,DPHI (GPS),HC,Health Center with beds,មណ្ឌលសុខភាពមានគ្រែ,,NA,None,None,11.3125616141973,105.281011496878,01/01/2006,,Operational,HF_LEVEL;CONTACT_NO
094187,140806,HC ព្រែកខ្សាយ ខ,HC Preaek Khsay Khor,14,ព្រៃវែង,Prey Veng,1407,ពាមរក៍,Peam Ro,1404,ពាមរក៍,Peam Ror,140707,ព្រែកខ្សាយ ខ,Preaek Khsay Kha,14070703,ភូមិ ៣,Phum Bei,DPHI (GPS),HC,Health Center,មណ្ឌលសុខភាព,,NA,None,None,11.2609475292266,105.284644544496,01/01/2006,,Operational,HF_LEVEL;CONTACT_NO
591885,140807,HC ព្រែកអ្នកលឿង,HC Prek Neak Loeng,14,ព្រៃវែង,Prey Veng,1407,ពាមរក៍,Peam Ro,1404,ពាមរក៍,Peam Ror,140703,ព្រែកអ្នកលឿង,Neak Loeang,14070301,អ្នកលឿង,Neak Loeang,DPHI (GPS),HC,Health Center,មណ្ឌលសុខភាព,,NA,None,None,11.2498604861646,105.284652060044,01/01/2006,,Operational,HF_LEVEL;CONTACT_NO
674757,140808,HC ព្រៃកណ្តៀង,HC Prey kandeang,14,ព្រៃវែង,Prey Veng,1407,ពាមរក៍,Peam Ro,1404,ពាមរក៍,Peam Ror,140708,ព្រៃកណ្តៀង,Prey Kandieng,14070801,ព្រៃកណ្ដៀង,Prey Kandieng,DPHI (GPS),HC,Health Center,មណ្ឌលសុខភាព,,NA,None,None,11.4308634714885,105.349389157256,01/01/2006,,Operational,HF_LEVEL;CONTACT_NO
335370,140901,RH មន្ទីរពេទ្យបង្អែកពារាំង,RH Peareang,14,ព្រៃវែង,Prey Veng,1408,ពារាំង,Pea Reang,1405,ពារាំង,Pearaing,140811,រកា,Roka,14081101,ស្នាយពល,Snay Pol,DPHI (GPS),RH,Referral Hospital,មន្ទីរពេទ្យបង្អែកស្រុក,,NA,None,None,11.6643580064202,105.227899600157,01/01/2006,,Operational,HF_LEVEL;CONTACT_NO
698309,140902,HC កំពង់ពពិល,HC Kampong Popil,14,ព្រៃវែង,Prey Veng,1408,ពារាំង,Pea Reang,1405,ពារាំង,Pearaing,140801,កំពង់ពពិល,Kampong Popil,14080102,កំពង់ពពិល,Kampong Popil,DPHI (GPS),HC,Health Center,មណ្ឌលសុខភាព,,NA,None,None,11.6564298284871,105.138372870561,01/01/2006,,Operational,HF_LEVEL;CONTACT_NO
974719,140903,HC កំពង់ប្រាំង,HC Kampong Prang,14,ព្រៃវែង,Prey Veng,1408,ពារាំង,Pea Reang,1405,ពារាំង,Pearaing,140803,កំពង់ប្រាំង,Kampong Prang,14080304,សំបួរ,Sambuor,DPHI (GPS),HC,Health Center,មណ្ឌលសុខភាព,,NA,None,None,11.5988543870609,105.111868111628,01/01/2006,,Operational,HF_LEVEL;CONTACT_NO
810962,140904,HC កញ្ចំ,HC Kanhchom,14,ព្រៃវែង,Prey Veng,1408,ពារាំង,Pea Reang,1405,ពារាំង,Pearaing,140802,កញ្ចំ,Kanhcham,14080211,កញ្ចំ ខ,Kanhcham Khor,DPHI (GPS),HC,Health Center,មណ្ឌលសុខភាព,,NA,None,None,11.7017587452465,105.303070060494,01/01/2006,,Operational,HF_LEVEL;CONTACT_NO
220157,140905,HC មេសរប្រចាន់,HC Mesa Prachan,14,ព្រៃវែង,Prey Veng,1408,ពារាំង,Pea Reang,1405,ពារាំង,Pearaing,140805,មេសរប្រចាន់,Mesa Prachan,14080503,មេសរប្រចាន់ក្រោម,Mesar Prachan Kraom,DPHI (GPS),HC,Health Center,មណ្ឌលសុខភាព,,NA,None,None,11.7191490403276,105.15791710977,01/01/2006,,Operational,HF_LEVEL;CONTACT_NO
371032,140906,HC ព្រៃព្នៅ,HC Prey Pnoeu,14,ព្រៃវែង,Prey Veng,1408,ពារាំង,Pea Reang,1405,ពារាំង,Pearaing,140807,ព្រៃព្នៅ,Prey Pnov,14080706,ព្រៃព្នៅ,Prey Pnov,DPHI (GPS),HC,Health Center,មណ្ឌលសុខភាព,,NA,None,None,11.6453793688781,105.339441744904,01/01/2006,,Operational,HF_LEVEL;CONTACT_NO
598835,140907,HC ព្រៃស្នៀត,HC Prey Sneat,14,ព្រៃវែង,Prey Veng,1413,ពារាំង,Pearaing,1405,ពារាំង,Pearaing,140808,ព្រៃស្នៀត,Prey Sneat,14080802,កំពង់ពោធិ៏,Kampong Pou,DPHI (GPS),HC,Health Center,មណ្ឌលសុខភាព,,NA,None,None,11.6389992609033,105.226828474151,05/01/2012,,Operational,HF_LEVEL;CONTACT_NO
456934,140908,HC ព្រៃស្រឡិត,HC Prey Sralet,14,ព្រៃវែង,Prey Veng,1408,ពារាំង,Pea Reang,1405,ពារាំង,Pearaing,140809,ព្រៃស្រឡិត,Prey Sralet,14080910,ព្រៃក្រឡាញ់តូច,Prey Kralanh Touch,DPHI (GPS),HC,Health Center,មណ្ឌលសុខភាព,,NA,None,None,11.7197676917706,105.221275061009,01/01/2006,,Operational,HF_LEVEL;CONTACT_NO
109203,140909,HC រាប,HC Reab,14,ព្រៃវែង,Prey Veng,1408,ពារាំង,Pea Reang,1405,ពារាំង,Pearaing,140810,រាប,Reab,14081003,វៃវេទ,Vey Vet,DPHI (GPS),HC,Health Center,មណ្ឌលសុខភាព,,NA,None,None,11.6631727653834,105.190476598012,01/01/2006,,Operational,HF_LEVEL;CONTACT_NO
964982,140910,HC រកា,HC Roka,14,ព្រៃវែង,Prey Veng,1408,ពារាំង,Pea Reang,1405,ពារាំង,Pearaing,140811,រកា,Roka,14081101,ស្នាយពល,Snay Pol,DPHI (GPS),HC,Health Center,មណ្ឌលសុខភាព,,NA,None,None,11.6645565687097,105.22759620732,01/01/2006,,Operational,HF_LEVEL;CONTACT_NO
574658,141001,RH មន្ទីរពេទ្យបង្អែកព្រះស្តេច,RH Preah Sdach,14,ព្រៃវែង,Prey Veng,1409,ព្រះស្ដេច,Preah Sdach,1406,ព្រះស្តេច,Preah Sdach,140901,អង្គររាជ្យ,Angkor Reach,14090117,ក្រសាំងទង,Krasang Tong,DPHI (GPS),RH,Referral Hospital,មន្ទីរពេទ្យបង្អែកស្រុក,,NA,None,None,11.0909839223057,105.384956721953,01/01/2006,,Operational,HF_LEVEL;CONTACT_NO
244062,141002,HC អង្គររាជ្យ,HC Angkor Reach,14,ព្រៃវែង,Prey Veng,1409,ព្រះស្ដេច,Preah Sdach,1406,ព្រះស្តេច,Preah Sdach,140901,អង្គររាជ្យ,Angkor Reach,14090117,ក្រសាំងទង,Krasang Tong,DPHI (GPS),HC,Health Center,មណ្ឌលសុខភាព,,NA,None,None,11.0907179827457,105.384433951304,01/01/2006,,Operational,HF_LEVEL;CONTACT_NO
751902,141003,HC បន្ទាយចក្រី,HC Banteay Chakrei,14,ព្រៃវែង,Prey Veng,1409,ព្រះស្ដេច,Preah Sdach,1406,ព្រះស្តេច,Preah Sdach,140902,បន្ទាយចក្រី,Banteay Chakrei,14090214,ប្របុសរលួយ,Prabos Roluoy,DPHI (GPS),HC,Health Center,មណ្ឌលសុខភាព,,NA,None,None,11.0273195786091,105.381686310549,01/01/2006,,Operational,HF_LEVEL;CONTACT_NO
318797,141004,HC បឹងដោល,HC Boeng Daol,14,ព្រៃវែង,Prey Veng,1409,ព្រះស្ដេច,Preah Sdach,1406,ព្រះស្តេច,Preah Sdach,140903,បឹងដោល,Boeng Daol,14090304,បឹងដោល,Boeng Daol,DPHI (GPS),HC,Health Center,មណ្ឌលសុខភាព,,NA,None,None,11.0433206692783,105.336081421174,01/01/2006,,Operational,HF_LEVEL;CONTACT_NO
424119,141005,HC ជៃកំពក,HC Chey Kampok,14,ព្រៃវែង,Prey Veng,1409,ព្រះស្ដេច,Preah Sdach,1406,ព្រះស្តេច,Preah Sdach,140904,ជៃកំពក,Chey Kampok,14090406,ត្រស់,Tras,DPHI (GPS),HC,Health Center,មណ្ឌលសុខភាព,,NA,None,None,11.1243579989341,105.368031848413,01/01/2006,,Operational,HF_LEVEL;CONTACT_NO
653200,141006,HC កំពង់សឹង,HC Kampong Soeng,14,ព្រៃវែង,Prey Veng,1409,ព្រះស្ដេច,Preah Sdach,1406,ព្រះស្តេច,Preah Sdach,140905,កំពង់សឹង,Kampong Soeng,14090510,ស្រះថ្កូវ,kandal,DPHI (GPS),HC,Health Center,មណ្ឌលសុខភាព,,NA,None,None,11.2016065581443,105.331307384472,01/01/2006,,Operational,HF_LEVEL;CONTACT_NO
153903,141007,HC ក្រាំងស្វាយ,HC Kraing Svay,14,ព្រៃវែង,Prey Veng,1409,ព្រះស្ដេច,Preah Sdach,1406,ព្រះស្តេច,Preah Sdach,140906,ក្រាំងស្វាយ,Kraing Svay,14090607,ព្រីង,Pring,DPHI (GPS),HC,Health Center,មណ្ឌលសុខភាព,,NA,None,None,11.150831,105.43829,01/01/2015,,Operational,HF_LEVEL;CONTACT_NO
133878,141008,HC ល្វា,HC Lvea,14,ព្រៃវែង,Prey Veng,1409,ព្រះស្ដេច,Preah Sdach,1406,ព្រះស្តេច,Preah Sdach,140907,ល្វា,Lvea,14090701,ល្វា,Samraong,DPHI (GPS),HC,Health Center,មណ្ឌលសុខភាព,,NA,None,None,11.1781858566671,105.402317912825,01/01/2006,,Operational,HF_LEVEL;CONTACT_NO
063367,141009,HC ព្រះស្តេច,HC Preah Sdach,14,ព្រៃវែង,Prey Veng,1409,ព្រះស្ដេច,Preah Sdach,1406,ព្រះស្តេច,Preah Sdach,140908,ព្រះស្ដេច,Preah Sdach,14090805,ព្រៃទ័ព,Prey Toap,DPHI (GPS),HC,Health Center,មណ្ឌលសុខភាព,,NA,None,None,10.9734774536842,105.351753988819,01/01/2006,,Operational,HF_LEVEL;CONTACT_NO
639333,141010,HC រាធរ,HC Reathor,14,ព្រៃវែង,Prey Veng,1409,ព្រះស្ដេច,Preah Sdach,1406,ព្រះស្តេច,Preah Sdach,140909,រាធរ,Reathor,14090903,តាម៉ៅ,Ta Mau,DPHI (GPS),HC,Health Center,មណ្ឌលសុខភាព,,NA,None,None,11.1103658088384,105.311339027601,01/01/2006,,Operational,HF_LEVEL;CONTACT_NO
005085,141011,HC រំចេក,HC Rumchek,14,ព្រៃវែង,Prey Veng,1413,ពារាំង,Pearaing,1406,ព្រះស្តេច,Preah Sdach,140910,រំចេក,Rumchek,14091007,សទ្ធា,Satthea,DPHI (GPS),HC,Health Center,មណ្ឌលសុខភាព,,NA,None,None,11.1932513446299,105.360827841644,01/01/2006,,Operational,HF_LEVEL;CONTACT_NO
445636,141012,HC សេនារាជឧត្តម,HC Sena Reach Otdam,14,ព្រៃវែង,Prey Veng,1413,ពារាំង,Pearaing,1406,ព្រះស្តេច,Preah Sdach,140911,សេនារាជឧត្ដម,Sena Reach Otdam,14091115,ទ្រា,Trea,DPHI (GPS),HC,Health Center,មណ្ឌលសុខភាព,,NA,None,None,11.0939711882193,105.435571934124,01/01/2006,,Operational,HF_LEVEL;CONTACT_NO
667515,141101,RH មន្ទីរពេទ្យបង្អែកស៊ីធរកណ្តាល,RH Sithor Kandal,14,ព្រៃវែង,Prey Veng,1412,ស៊ីធរកណ្តាល,Sithor Kandal,1408,ស៊ីធរកណ្តាល,Sithor Kandal,141207,ព្រែកចង្ក្រាន,Preaek Changkran,14120701,ព្រែកសណ្តែក,Preaek Sandaek,DPHI (GPS),RH,Referral Hospital,មន្ទីរពេទ្យបង្អែកស្រុក,,NA,None,None,11.8407103600587,105.367789246667,01/01/2015,,Operational,HF_LEVEL;CONTACT_NO
845004,141102,HC អំពិលក្រៅ,HC Ampil kroa,14,ព្រៃវែង,Prey Veng,1412,ស៊ីធរកណ្តាល,Sithor Kandal,1408,ស៊ីធរកណ្តាល,Sithor Kandal,141201,អំពិលក្រៅ,Ampil Krau,14120103,ក្បាលបឹង,Kbal Boeng,DPHI (GPS),HC,Health Center,មណ្ឌលសុខភាព,,NA,None,None,11.7301352968238,105.4648394838,01/07/2015,,Operational,HF_LEVEL;CONTACT_NO
279703,141103,HC ជ្រៃឃ្មុំ,HC Chrey Khmum,14,ព្រៃវែង,Prey Veng,1412,ស៊ីធរកណ្ដាល,Sithor Kandal,1408,ស៊ីធរកណ្តាល,Sithor Kandal,141202,ជ្រៃឃ្មុំ,Chrey Khmum,14120204,បឹងឡែង,Boeng Laeng,DPHI (GPS),HC,Health Center,មណ្ឌលសុខភាព,,NA,None,None,11.8034571218127,105.327003895644,01/01/2006,,Operational,HF_LEVEL;CONTACT_NO
937780,141104,HC ល្វេ,HC Love,14,ព្រៃវែង,Prey Veng,1412,ស៊ីធរកណ្តាល,Sithor Kandal,1408,ស៊ីធរកណ្តាល,Sithor Kandal,141203,ល្វេ,Lve,14120305,កោងទន្លេលើ,Korng Tunle Leu,DPHI (GPS),HC,Health Center,មណ្ឌលសុខភាព,,NA,None,None,11.8414416831473,105.401411582297,01/04/2015,,Operational,HF_LEVEL;CONTACT_NO
646566,141105,HC ព្នៅទី១,HC Pnov Ti 1,14,ព្រៃវែង,Prey Veng,1412,ស៊ីធរកណ្ដាល,Sithor Kandal,1408,ស៊ីធរកណ្តាល,Sithor Kandal,141204,ព្នៅទី ១,Pnov Ti Muoy,14120402,តាគ្រាប,Ta Kreab,DPHI (GPS),HC,Health Center,មណ្ឌលសុខភាព,,NA,None,None,11.8329734356282,105.32884627778,01/01/2015,,Operational,HF_LEVEL;CONTACT_NO
241092,141107,HC ពោទី,HC Pou Ti,14,ព្រៃវែង,Prey Veng,1412,ស៊ីធរកណ្ដាល,Sithor Kandal,1408,ស៊ីធរកណ្តាល,Sithor Kandal,141206,ពោធិ៍ទី,Pou Ti,14120604,ស្វាយសាក់,Svay Sak,DPHI (GPS),HC,Health Center,មណ្ឌលសុខភាព,,NA,None,None,11.7076562603584,105.358118363709,01/01/2015,,Operational,HF_LEVEL;CONTACT_NO
410568,141108,HC ព្រែកចង្ក្រាន,HC Preaek Changkran,14,ព្រៃវែង,Prey Veng,1412,ស៊ីធរកណ្ដាល,Sithor Kandal,1408,ស៊ីធរកណ្តាល,Sithor Kandal,141207,ព្រែកចង្ក្រាន,Preaek Changkran,14120705,ព្រែកសណ្ដែក,Preaek Sandaek,DPHI (GPS),HC,Health Center,មណ្ឌលសុខភាព,,NA,None,None,11.8406423889291,105.367590531076,01/01/2015,,Operational,HF_LEVEL;CONTACT_NO
779952,141109,HC ព្រៃដើមថ្នឹង,HC Prey Daeum Thnoeng,14,ព្រៃវែង,Prey Veng,1412,ស៊ីធរកណ្ដាល,Sithor Kandal,1408,ស៊ីធរកណ្តាល,Sithor Kandal,141208,ព្រៃដើមថ្នឹង,Prey Daeum Thnoeng,14120801,ព្រៃដើមថ្នឹងទី ១,Prey Daeum Thnoeng Ti Muoy,DPHI (GPS),HC,Health Center with beds,មណ្ឌលសុខភាពមានគ្រែ,,NA,None,None,11.7745331709136,105.379877536848,01/01/2015,,Operational,HF_LEVEL;CONTACT_NO
521382,141110,HC ព្រៃទឹង,HC Prey Toeng,14,ព្រៃវែង,Prey Veng,1412,ស៊ីធរកណ្តាល,Sithor Kandal,1408,ស៊ីធរកណ្តាល,Sithor Kandal,141209,ព្រៃទឹង,Prey Totueng,14120904,បឹងជ័រ,Boeng Choar,DPHI (GPS),HC,Health Center,មណ្ឌលសុខភាព,,NA,None,None,11.74186189,105.3630799,01/07/2015,,Operational,HF_LEVEL;CONTACT_NO
607526,141111,HC រំលេច,HC Rumlich,14,ព្រៃវែង,Prey Veng,1412,ស៊ីធរកណ្ដាល,Sithor Kandal,1408,ស៊ីធរកណ្តាល,Sithor Kandal,141210,រំលេច,Rumlech,14121003,ចារ,Char,DPHI (GPS),HC,Health Center,មណ្ឌលសុខភាព,,NA,None,None,11.8015999178147,105.374046192845,01/01/2015,,Operational,HF_LEVEL;CONTACT_NO
007205,141112,HC ឫស្សីសាញ់,HC Russey Sanh,14,ព្រៃវែង,Prey Veng,1412,ស៊ីធរកណ្តាល,Sithor Kandal,1408,ស៊ីធរកណ្តាល,Sithor Kandal,141211,ឫស្សីសាញ់,Russie Sanh,14121102,ឫស្សីសាញ់,Russie Sanh,DPHI (GPS),HC,Health Center,មណ្ឌលសុខភាព,,NA,None,None,11.74270647,105.4073986,01/04/2015,,Operational,HF_LEVEL;CONTACT_NO
286752,141201,RH មន្ទីរពេទ្យបង្អែកស្វាយអន្ទរ,RH Svay Antor,14,ព្រៃវែង,Prey Veng,1413,ស្វាយអន្ទរ,Svay Antor,1407,ស្វាយអន្ទរ,Svay Antor,141310,ស្វាយអន្ទរ,Svay Antor,14131002,ស្វាយអន្ទរទី ២,Svay Antor Ti Pir,DPHI (GPS),RH,Referral Hospital,មន្ទីរពេទ្យបង្អែកស្រុក,,NA,None,None,11.5651527961707,105.417733859893,01/02/2015,,Operational,HF_LEVEL;CONTACT_NO
616208,141202,HC អង្គរទ្រេត,HC Angkor Tret,14,ព្រៃវែង,Prey Veng,1413,ស្វាយអន្ទរ,Svay Antor,1407,ស្វាយអន្ទរ,Svay Antor,141301,អង្គរទ្រេត,Angkor Tret,14130101,អង្គរទ្រេត,Angkor Tret,DPHI (GPS),HC,Health Center,មណ្ឌលសុខភាព,,NA,None,None,11.536824356774,105.446152654385,01/01/2006,,Operational,HF_LEVEL;CONTACT_NO
337545,141203,HC ជាខ្លាង,HC Chea Khlang,14,ព្រៃវែង,Prey Veng,1413,ស្វាយអន្ទរ,Svay Antor,1407,ស្វាយអន្ទរ,Svay Antor,141303,ជ្រៃ,Chrey,14130308,ស្វាយអាត់,Svay At,DPHI (GPS),HC,Health Center,មណ្ឌលសុខភាព,,NA,None,None,11.5851491990498,105.471307761634,01/01/2006,,Operational,HF_LEVEL;CONTACT_NO
363443,141204,HC ជ្រៃ,HC Chrey,14,ព្រៃវែង,Prey Veng,1413,ស្វាយអន្ទរ,Svay Antor,1407,ស្វាយអន្ទរ,Svay Antor,141303,ជ្រៃ,Chrey,14130313,ជ្រៃផ្សារ,Chrey Phsar,DPHI (GPS),HC,Health Center,មណ្ឌលសុខភាព,,NA,None,None,11.5623380749944,105.526873663725,01/01/2006,,Operational,HF_LEVEL;CONTACT_NO
076442,141205,HC ដំរីពួន,HC Damrei Puon,14,ព្រៃវែង,Prey Veng,1413,ស្វាយអន្ទរ,Svay Antor,1407,ស្វាយអន្ទរ,Svay Antor,141304,ដំរីពួន,Damrei Puon,14130401,ចំការគួយលិច,Chamkar Kuoy Lech,DPHI (GPS),HC,Health Center,មណ្ឌលសុខភាព,,NA,None,None,11.4939256233288,105.438326651984,01/01/2006,,Operational,HF_LEVEL;CONTACT_NO
795715,141206,HC មេបុណ្យ,HC Mebonn,14,ព្រៃវែង,Prey Veng,1413,ស្វាយអន្ទរ,Svay Antor,1407,ស្វាយអន្ទរ,Svay Antor,141305,មេបុណ្យ,Me Bon,14130503,មេបុណ្យ,Me Bon,DPHI (GPS),HC,Health Center,មណ្ឌលសុខភាព,,NA,None,None,11.5437539519799,105.389820804087,01/01/2006,,Operational,HF_LEVEL;CONTACT_NO
128395,141207,HC ពានរោង,HC Pean Roung,14,ព្រៃវែង,Prey Veng,1409,ស្វាយអន្ទរ,Svay Antor,1407,ស្វាយអន្ទរ,Svay Antor,141306,ពានរោង,Pean Roung,14130601,ព្រៃជ្រាំង,Prey Chreang,DPHI (GPS),HC,Health Center,មណ្ឌលសុខភាព,,NA,None,None,11.4973838528904,105.532028307142,01/01/2006,,Operational,HF_LEVEL;CONTACT_NO
910330,141208,HC ពពឹស,HC Popoes,14,ព្រៃវែង,Prey Veng,1413,ស្វាយអន្ទរ,Svay Antor,1407,ស្វាយអន្ទរ,Svay Antor,141307,ពពឺស,Popueus,14130703,ខ្សោកត្បូង,Khyaok Tboung,DPHI (GPS),HC,Health Center,មណ្ឌលសុខភាព,,NA,None,None,11.5684610427716,105.364549798972,01/01/2006,,Operational,HF_LEVEL;CONTACT_NO
437393,141209,HC ព្រៃខ្លា,HC Prey khla,14,ព្រៃវែង,Prey Veng,1413,ស្វាយអន្ទរ,Svay Antor,1407,ស្វាយអន្ទរ,Svay Antor,141308,ព្រៃខ្លា,Prey Khla,14130805,ព្រៃខ្លាទី ១,Prey Khla Ti Mouy,DPHI (GPS),HC,Health Center,មណ្ឌលសុខភាព,,NA,None,None,11.6194404527085,105.42663865431,01/01/2015,,Operational,HF_LEVEL;CONTACT_NO
450705,141210,HC សំរោង,HC Samraong,14,ព្រៃវែង,Prey Veng,1410,ស្វាយអន្ទរ,Prey Veng,1407,ស្វាយអន្ទរ,Svay Antor,141309,សំរោង,Samraong,14130906,សំរោង,Samraong,DPHI (GPS),HC,Health Center,មណ្ឌលសុខភាព,,NA,None,None,11.4593741780738,105.430907895646,01/01/2006,,Operational,HF_LEVEL;CONTACT_NO
111530,141211,HC ស្វាយអន្ទរ,HC Svay Antor,14,ព្រៃវែង,Prey Veng,1413,ស្វាយអន្ទរ,Svay Antor,1407,ស្វាយអន្ទរ,Svay Antor,141310,ស្វាយអន្ទរ,Svay Antor,14131003,ពោធិ៍ចិន្ដាំ,Pou Chentam,DPHI (GPS),HC,Health Center,មណ្ឌលសុខភាព,,NA,None,None,11.5648558599186,105.417562198525,01/01/2015,,Operational,HF_LEVEL;CONTACT_NO
408535,141212,HC ទឹកថ្លា,HC Teuk Thla,14,ព្រៃវែង,Prey Veng,1413,ស្វាយអន្ទរ,Svay Antor,1407,ស្វាយអន្ទរ,Svay Antor,141311,ទឹកថ្លា,Tuek Thla,14131115,ត្រោក,Traok,DPHI (GPS),HC,Health Center,មណ្ឌលសុខភាព,,NA,None,None,11.3838926069249,105.451684411146,01/01/2006,,Operational,HF_LEVEL;CONTACT_NO
228802,NA,HP កូន ពោធី,HP Kon Por,14,ព្រៃវែង,Prey Veng,1413,ស្វាយអន្ទរ,Svay Antor,1407,ស្វាយអន្ទរ,Svay Antor,141310,ស្វាយអន្ទរ,Svay Antor,14131002,ស្វាយអន្ទរទី ២,Svay Antor Ti Pir,DPHI (GPS),HP,Health Post,ប៉ុស្តិ៍សុខភាព,,NA,None,None,11.4623720102481,105.502656304548,NA,,Operational,HF_CODE;HF_LEVEL;CONTACT_NO;START_DATE
041764,150101,RH មន្ទីរពេទ្យបង្អែកបាកាន,RH Bakan,15,ពោធិ៍សាត់,Pursat,1501,បាកាន,Bakan,1501,បាកាន,Bakan,150102,បឹងខ្នារ,Boeng Khnar,15010202,បឹងខ្នារ,Boeng Khnar,DPHI (GPS),RH,Referral Hospital,មន្ទីរពេទ្យបង្អែកស្រុក,,មូល កោសិន្ទ,855 11 552 526,None,12.6380128996036,103.722556777716,01/01/2006,https://maps.app.goo.gl/rtgTS8v3hiui3jG58,Operational,HF_LEVEL
811370,150102,HC បឹងខ្នារ,HC Boeng Khnar,15,ពោធិ៍សាត់,Pursat,1501,បាកាន,Bakan,1501,បាកាន,Bakan,150102,បឹងខ្នារ,Boeng Khnar,15010202,បឹងខ្នារ,Boeng Khnar,DPHI (GPS),HC,Health Center,មណ្ឌលសុខភាព,,នួន សុទ្ធ,855 92 824 156,None,12.6377338535326,103.722916305283,01/01/2006,https://maps.app.goo.gl/rtgTS8v3hiui3jG58,Operational,HF_LEVEL
201411,150103,HC ស្នាមព្រះ,HC Snam Preah,15,ពោធិ៍សាត់,Pursat,1501,បាកាន,Bakan,1501,បាកាន,Bakan,150107,ស្នាមព្រះ,Snam Preah,15010701,ស្នាមព្រះ,Snam Preah,DPHI (GPS),HC,Health Center,មណ្ឌលសុខភាព,,យ៉ា ស៊ីកាណា,855 96 607 9780,None,12.5691708665609,103.840966640462,01/01/2006,https://maps.app.goo.gl/g42JQc4K8yF1bYfC7,Operational,HF_LEVEL
607552,150104,HC ត្រពាំងជង,HC Trapeang Chong,15,ពោធិ៍សាត់,Pursat,1501,បាកាន,Bakan,1501,បាកាន,Bakan,150110,ត្រពាំងជង,Trapeang chorng,15011011,កោះស្វាយ,Kaoh Svay,DPHI (GPS),HC,Health Center,មណ្ឌលសុខភាព,,វ៉ា ចាន់រ៉េត,855 12 497 675,None,12.6038807563445,103.784099049126,01/01/2006,https://maps.app.goo.gl/3myrjPrppHtTxV1bA,Operational,HF_LEVEL
144476,150105,HC មេទឹក,HC Me Tuek,15,ពោធិ៍សាត់,Pursat,1501,បាកាន,Bakan,1501,បាកាន,Bakan,150104,មេទឹក,Me Tuek,15010404,ក្ដាត,Kdat,DPHI (GPS),HC,Health Center,មណ្ឌលសុខភាព,,មុយ ប៊ុនផេង,855 77 787 453,None,12.6941393958075,103.7393572133,01/01/2006,https://maps.app.goo.gl/uUPjm2pSroVD9De58,Operational,HF_LEVEL
390460,150106,HC អូរតាប៉ោង,HC O Ta Paong,15,ពោធិ៍សាត់,Pursat,1501,បាកាន,Bakan,1501,បាកាន,Bakan,150105,អូរតាប៉ោង,Ou Ta Paong,15010505,អូរតាប៉ោង,Ou Ta Paong,DPHI (GPS),HC,Health Center,មណ្ឌលសុខភាព,,សែម កាន,855 12 263 962,None,12.6594977620537,103.672278719377,01/01/2006,https://maps.app.goo.gl/oe7NyJM4d8yXbSa67,Operational,HF_LEVEL
570367,150107,HC ស្វាយដូនកែវ,HC Svay Daun Keo,15,ពោធិ៍សាត់,Pursat,1501,បាកាន,Bakan,1501,បាកាន,Bakan,150108,ស្វាយដូនកែវ,Svay Doun Kaev,15010802,ស្វាយដូនកែវទី១,Svay Doun Kaev Ti Muoy,DPHI (GPS),HC,Health Center,មណ្ឌលសុខភាព,,លឹម រិទ្ធ,855 17 381 807,None,12.6713807105402,103.641779406404,01/01/2006,https://maps.app.goo.gl/4cy1XSDgFUAEFCHT9,Operational,HF_LEVEL
948646,150108,HC ខ្នារទទឹង,HC Khnar Totueng,15,ពោធិ៍សាត់,Pursat,1501,បាកាន,Bakan,1501,បាកាន,Bakan,150103,ខ្នារទទឹង,Khnar Totueng,15010307,បឹងឈូក,Boeng Chhuk,DPHI (GPS),HC,Health Center,មណ្ឌលសុខភាព,,សុន ធឿន,855 12 495 486,None,12.5918023217478,103.724728724955,01/01/2006,https://maps.app.goo.gl/rAHriPGAxR2DFyP46,Operational,HF_LEVEL
184773,150109,HC រំលេច,HC Rumlech,15,ពោធិ៍សាត់,Pursat,1501,បាកាន,Bakan,1501,បាកាន,Bakan,150106,រំលេច,Rumlech,15010607,រំលេច,Rumlech,DPHI (GPS),HC,Health Center,មណ្ឌលសុខភាព,,ស៊ីវ ចាន់ឌី,855 97 656 5888,None,12.5994841933909,103.688023824955,01/01/2006,https://maps.app.goo.gl/2rXXurbPhSXBtxvw8,Operational,HF_LEVEL
923759,150110,HC បឹងបត់កណ្តោល,HC Boeng Bat Kandaol,15,ពោធិ៍សាត់,Pursat,1501,បាកាន,Bakan,1501,បាកាន,Bakan,150101,បឹងបត់កណ្ដាល,Boeng Bat Kandaol,15010103,ត្រាំំសេះ,Tram Seh,DPHI (GPS),HC,Health Center,មណ្ឌលសុខភាព,,មាស តូច,855 97​ 456 7827,None,12.6490204541836,103.797745599532,01/01/2016,https://maps.app.goo.gl/F1f6kf3DwYPaqMVE7,Operational,HF_LEVEL
613754,150111,HC តាលោ,HC Ta Lo,15,ពោធិ៍សាត់,Pursat,1501,បាកាន,Bakan,1501,បាកាន,Bakan,150109,តាលោ,Ta Lou,15010906,តាលោ,Ta Lou,DPHI (GPS),HC,Health Center,មណ្ឌលសុខភាព,,ប៉ូ ម៉ាល័យ,855 97 374 2023,None,12.4896332633692,103.65291516141,01/01/2006,https://maps.app.goo.gl/QwngH8Zz8cCQZRuW9,Operational,HF_LEVEL
862265,150112,HC រហាលទិល,HC Rohal Til,15,ពោធិ៍សាត់,Pursat,1501,បាកាន,Bakan,1501,បាកាន,Bakan,150109,តាលោ,Ta Lou,15010919,រហាលទិល,Rohal Til,DPHI (GPS),HC,Health Center,មណ្ឌលសុខភាព,,អ៊ុក ភីរម្យ,855 12 279 233,None,12.48217826,103.5907841,01/06/2013,https://maps.app.goo.gl/gCsSxBvDo9eMcvL98,Operational,HF_LEVEL
468454,150113,HC តាសាស់,HC Ta Sah,15,ពោធិ៍សាត់,Pursat,1504,ភ្នំក្រវ៉ាញ,Phnum Kravanh,1501,បាកាន,Bakan,150403,ផ្ទះរុង,Phteah Rung,15040302,តាសាស់,Ta Sas,DPHI (GPS),HC,Health Center,មណ្ឌលសុខភាព,,ហ៊ាន​ ​គឹមណាត,855 12 436 655,None,12.4546149214384,103.751869924952,01/01/2023,https://maps.app.goo.gl/satsrXUcbuMh6fbK9,Operational,HF_LEVEL
918929,150201,PH មន្ទីរពេទ្យខេត្តពោធិ៍សាត់,PH Pursat,15,ពោធិ៍សាត់,Pursat,1505,ពោធិ៍សាត់,Pursat,1502,សំពៅមាស,Sampov Meas,150504,ផ្ទះព្រៃ,Phteah Prey,15050402,ពាលញែក ២,Peal Nheaek Pir,DPHI (GPS),PH,Provincial Hospital,មន្ទីរពេទ្យខេត្ត,,ម៉ៅ ស៊ីវណ្ណា,855 12 979 640,None,12.5451241549574,103.919647537787,01/01/2006,https://maps.app.goo.gl/v1Qs98MgSSS6GKrW6,Operational,HF_LEVEL
004171,150202,HC ពាលញែក,HC Peal Nhek,15,ពោធិ៍សាត់,Pursat,1505,ពោធិ៍សាត់,Pursat,1502,សំពៅមាស,Sampov Meas,150504,ផ្ទះព្រៃ,Phteah Prey,15050402,ពាលញែក ២,Peal Nheaek Pir,DPHI (GPS),HC,Health Center,មណ្ឌលសុខភាព,,ចាន់ ពៃ,855 12 984 246,None,12.5461086266295,103.920250731038,01/01/2006,https://maps.app.goo.gl/cHgkUPFosYQmWHg48,Operational,HF_LEVEL
012256,150203,HC កោះជុំ,HC Koh Chum,15,ពោធិ៍សាត់,Pursat,1505,ពោធិ៍សាត់,Pursat,1502,សំពៅមាស,Sampov Meas,150504,ផ្ទះព្រៃ,Phteah Prey,15050408,ត្នោតទ្រេត,Tnaot Tret,DPHI (GPS),HC,Health Center,មណ្ឌលសុខភាព,,ម៉ៅ សៀងឌី,855 12 851 912,None,12.552728486835,103.886533932171,01/01/2006,https://maps.app.goo.gl/1heW7yJTsxm65aFs8,Operational,HF_LEVEL
278667,150204,HC ព្រៃញី,HC Prey Nhi,15,ពោធិ៍សាត់,Pursat,1505,ពោធិ៍សាត់,Pursat,1502,សំពៅមាស,Sampov Meas,150505,ព្រៃញី,Prey Nhi,15050501,បាក់រទេះ,Bak Roteh,DPHI (GPS),HC,Health Center,មណ្ឌលសុខភាព,,ហ៊ុន គឿន,855 11 217 751,None,12.5357179446306,103.926569858874,01/01/2006,https://maps.app.goo.gl/KQwrHg1goBtUwQSf7,Operational,HF_LEVEL
192684,150205,HC ព្រែកត្នោត,HC Prek Tnaot,15,ពោធិ៍សាត់,Pursat,1505,ពោធិ៍សាត់,Pursat,1502,សំពៅមាស,Sampov Meas,150506,រលាប,Roleab,15050612,ព្រែកត្នោត,Preaek Tnaot,DPHI (GPS),HC,Health Center,មណ្ឌលសុខភាព,,ហោ សុវណ្ណារ៉ា,855 97 777 97 37,None,12.5045640867024,103.905487650325,01/01/2006,https://maps.app.goo.gl/ts1gSRz6g8rkZLPy8,Operational,HF_LEVEL
921947,150206,HC វត្តហ្លួង,HC Wat Luong,15,ពោធិ៍សាត់,Pursat,1505,ពោធិ៍សាត់,Pursat,1502,សំពៅមាស,Sampov Meas,150503,លលកស,Lolok Sa,15050306,វត្ដលួង,Voat Luong,DPHI (GPS),HC,Health Center,មណ្ឌលសុខភាព,,អ៊ិន សុភា,078 717 949,None,12.5073527523489,103.852687923861,01/01/2006,https://maps.app.goo.gl/BJfR46s73kPAsZrR8,Operational,HF_LEVEL
188537,150207,HC វត្តពោធិ,HC Wat Pou,15,ពោធិ៍សាត់,Pursat,1502,កណ្ដៀង,Kandieng,1502,សំពៅមាស,Sampov Meas,150201,អន្លង់វិល,Anlong Vil,15020109,ព្រែកតាវង,Preaek Ta Vong,DPHI (GPS),HC,Health Center,មណ្ឌលសុខភាព,,នួន ជា,855 12 673 146,None,12.5645608764435,103.941742913296,01/01/2006,https://maps.app.goo.gl/DbW9ZmKiE2wrkXPTA,Operational,HF_LEVEL
618784,150208,RH មន្ទីរពេទ្យបង្អែកកណ្តៀង,RH Kandieng,15,ពោធិ៍សាត់,Pursat,1502,កណ្ដៀង,Kandieng,1502,សំពៅមាស,Sampov Meas,150203,កណ្ដៀង,Kandieng,15020307,យស,Yos,DPHI (GPS),RH,Referral Hospital,មន្ទីរពេទ្យបង្អែកស្រុក,,ឈិន ឈីវរ័ត្ន,855 17 499 045,None,12.5849700946182,103.962368455428,01/01/2006,https://maps.app.goo.gl/qSHDMeGZkS67qvaK6,Operational,HF_LEVEL
413937,150209,HC ស្យា,HC Sya,15,ពោធិ៍សាត់,Pursat,1502,កណ្ដៀង,Kandieng,1502,សំពៅមាស,Sampov Meas,150208,ស្យា,Sya,15020804,បឹងចក,Boeng Chak,DPHI (GPS),HC,Health Center,មណ្ឌលសុខភាព,,ងួន សារិទ្ធ,855 12 491 607,None,12.6231466527772,104.006727315004,01/01/2006,https://maps.app.goo.gl/r8FoW5UvxcRFTgDW8,Operational,HF_LEVEL
705092,150210,HC ស្រែស្តុក,HC Srae Sdok,15,ពោធិ៍សាត់,Pursat,1502,កណ្ដៀង,Kandieng,1502,សំពៅមាស,Sampov Meas,150206,ស្រែស្ដុក,Srae Sdok,15020615,ពោធិ៍,Pou,DPHI (GPS),HC,Health Center,មណ្ឌលសុខភាព,,សុវណ្ណ ពិសី,855 89 637 882,None,12.6623677137325,103.950431278712,01/01/2006,https://maps.app.goo.gl/ihMsLTNqsnHs3Ty39,Operational,HF_LEVEL
883001,150211,HC រាំងទីល,HC Reang Til,15,ពោធិ៍សាត់,Pursat,1502,កណ្ដៀង,Kandieng,1502,សំពៅមាស,Sampov Meas,150205,រាំងទិល,Reang Til,15020501,រាំងទិល,Reang Til,DPHI (GPS),HC,Health Center,មណ្ឌលសុខភាព,,ខៀវ គឹមវាសនា,855 11 781 889,None,12.7841902723405,104.006273940843,01/01/2006,https://maps.app.goo.gl/otgxZdvdtnpNPpfH9,Operational,HF_LEVEL
948566,150212,HC ក្រគរ,HC Krokor,15,ពោធិ៍សាត់,Pursat,1503,ក្រគរ,Krakor,1504,ក្រគរ,Krakor,150307,ក្បាលត្រាច,Kbal Trach,15030708,សំរោង,Samraong,DPHI (GPS),HC,Health Center,មណ្ឌលសុខភាព,,ឡេន ឡូញ,855 12 502 750,None,12.5315186336166,104.212259757056,01/01/2006,https://goo.gl/maps/98pXweeRSLBBi5SF6,Operational,HF_LEVEL
208176,150213,HC កំពង់លួង,HC Kampong Luong,15,ពោធិ៍សាត់,Pursat,1503,ក្រគរ,Krakor,1504,ក្រគរ,Krakor,150305,កំពង់លួង,Kampong Luong,15030504,ភូមិទី៤,Phum Ti Buon,DPHI (GPS),HC,Health Center,មណ្ឌលសុខភាព,,ខន ភារ៉ា,855 10 402 836,None,12.5626162960086,104.208325650734,01/01/2006,https://goo.gl/maps/M1h9pCHuTCjc3Qb2A,Operational,HF_LEVEL
855603,150214,HC ឈើតុំ,HC Chheu Tom,15,ពោធិ៍សាត់,Pursat,1503,ក្រគរ,Krakor,1504,ក្រគរ,Krakor,150304,ឈើតុំ,Chheu Tom,15030407,កប៉ាស់,Kapas,DPHI (GPS),HC,Health Center,មណ្ឌលសុខភាព,,កើត មឹម,855 97 7779736,None,12.2967863768792,104.176136760102,01/01/2014,https://maps.app.goo.gl/7DL9KgS8F4AZ6XM29,Operational,HF_LEVEL
580701,150215,HC បឹងកន្ទួត,HC Boeng Kantuot,15,ពោធិ៍សាត់,Pursat,1503,ក្រគរ,Krakor,1504,ក្រគរ,Krakor,150303,បឹងកន្ទួត,Boeng Kantuot,15030305,ត្រពាំងកន្ទួត,Trapeang Kantuot,DPHI (GPS),HC,Health Center,មណ្ឌលសុខភាព,,វឿន ដា,855 12 498044,None,12.5282492204119,104.079436124491,01/01/2006,https://maps.app.goo.gl/H9zzMFUtV6U4H1Qv6,Operational,HF_LEVEL
856880,150216,HC ឈូកមាស,HC Chhouk Meas,15,ពោធិ៍សាត់,Pursat,1503,ក្រគរ,Krakor,1504,ក្រគរ,Krakor,150311,ត្នោតជុំ,Tnaot Chum,15031112,ឈើទាល,Chheu Teal,DPHI (GPS),HC,Health Center,មណ្ឌលសុខភាព,,សៀង អៀង,855 97 9735699,None,12.4769842821095,104.037780172191,01/01/2006,https://maps.app.goo.gl/JLUqdHedM4so5xMP6?g_st=it,Operational,HF_LEVEL
785230,150217,HC អន្សាចំបក់,HC Ansa Chambak,15,ពោធិ៍សាត់,Pursat,1503,ក្រគរ,Krakor,1504,ក្រគរ,Krakor,150302,អន្សាចំបក់,Ansa Chambak,15030201,ខ្សាច់ល្អិត,Khsach L'et,DPHI (GPS),HC,Health Center,មណ្ឌលសុខភាព,,ហ៊ាន ចាន់ណាក់,855 97 257 6669,None,12.4967519804197,104.3165746271,01/01/2006,https://maps.apple.com/Ansa%20Chambak&t=m,Operational,HF_LEVEL
897079,150218,HC ភ្នំក្រវាញ,HC Phnom Kravanh,15,ពោធិ៍សាត់,Pursat,1504,ភ្នំក្រវ៉ាញ,Phnum Kravanh,1503,ភ្នំក្រវាញ,Phnum Kravanh,150402,លាច,Leach,15040207,ក្រូចឆ្មារ,Krouch Chhmar,DPHI (GPS),HC,Health Center,មណ្ឌលសុខភាព,,ធឿន​ កុសល,855 93 312 111,None,12.3541280684573,103.771834874732,01/01/2006,https://maps.app.goo.gl/HEG9Z1heM2M5kMxBA,Operational,HF_LEVEL
317303,150219,HC ព្រងិល,HC Prongil,15,ពោធិ៍សាត់,Pursat,1504,ភ្នំក្រវ៉ាញ,Phnum Kravanh,1503,ភ្នំក្រវាញ,Phnum Kravanh,150404,ព្រងិល,Prongil,15040404,ព្រងិល,Prongil,DPHI (GPS),HC,Health Center,មណ្ឌលសុខភាព,,ហ៊ឹម​​ វណ្ណា,855 92 266 702,None,12.4046544741976,103.810128978854,01/01/2006,https://maps.app.goo.gl/E9g6bLscRYWEAPVk8,Operational,HF_LEVEL
926346,150220,HC សំរោង,HC Samraong,15,ពោធិ៍សាត់,Pursat,1504,ភ្នំក្រវ៉ាញ,Phnum Kravanh,1503,ភ្នំក្រវាញ,Phnum Kravanh,150407,សំរោង,Samraong,15040701,ព្រែក ១,Preaek Muoy,DPHI (GPS),HC,Health Center,មណ្ឌលសុខភាព,,ប៉ែន​ យុទ្ធា,855 12 850 920,None,12.3572070727106,103.735594733602,01/01/2006,https://maps.app.goo.gl/ehE2yB8uYdtvsLUb6,Operational,HF_LEVEL
263523,150222,HC ប្រម៉ោយ,HC Pramaoy,15,ពោធិ៍សាត់,Pursat,1506,វាលវែង,Veal Veaeng,1503,ភ្នំក្រវាញ,Phnum Kravanh,150604,ប្រម៉ោយ,Pramaoy,15060404,ប្រម៉ោយ,Pramaoy,DPHI (GPS),HC,Health Center,មណ្ឌលសុខភាព,,សុខ​ ឆុង,855 95 939 294,None,12.306539394329,103.106627928933,01/01/2006,https://maps.app.goo.gl/JoB9HJdahfZKCFVt8,Operational,HF_LEVEL
778979,150224,HC អន្លង់រាប,HC Anglong Reap,15,ពោធិ៍សាត់,Pursat,1506,វាលវែង,Veal Veaeng,1503,ភ្នំក្រវាញ,Phnum Kravanh,150603,អន្លង់រាប,Anlong Reab,15060303,ចំការជ្រៃខាងជើង,Chamka Chrey Khang Cheung,DPHI (GPS),HC,Health Center,មណ្ឌលសុខភាព,,ប្រាក់ យ៉ុង,855 16 436 917,None,12.2785346250292,103.014535741486,01/06/2015,https://maps.app.goo.gl/NXfvp4jyznKrPtxY8,Operational,HF_LEVEL
358601,150225,HC ហ៊ុនសែនថ្មដា,HC Hun Sen Thmarda,15,ពោធិ៍សាត់,Pursat,1506,វាលវែង,Veal Veaeng,1503,ភ្នំក្រវាញ,Phnum Kravanh,150605,ថ្មដា,Thma Da,15060502,កណ្ដាល,Kandal,DPHI (GPS),HC,Health Center,មណ្ឌលសុខភាព,,សិទ្ធ​ សុភាណា,855 99 607 607,None,12.15545162,102.7311659,01/01/2006,https://maps.app.goo.gl/ug2SU7K1rh6iFSXU9,Operational,HF_LEVEL
467829,150227,HC រលាប,HC Ro Leab,15,ពោធិ៍សាត់,Pursat,1505,ពោធិ៍សាត់,Pursat,1502,សំពៅមាស,Sampov Meas,150506,រលាប,Roleab,15050608,រលាប,Roleab,DPHI (GPS),HC,Health Center,មណ្ឌលសុខភាព,,ចាន់ ប៊ុនណា,855 17 866 236,None,12.48396758,103.917472,29/01/2013,https://maps.app.goo.gl/fyCENVP5cNazaZXa9,Operational,HF_LEVEL
362416,150228,HC កំពង់ពោធ៏,HC Kampong Po,15,ពោធិ៍សាត់,Pursat,1503,ក្រគរ,Krakor,1504,ក្រគរ,Krakor,150306,កំពង់ពោធិ៍,Kampong Pou,15030605,ពោធិរបង,Pou Robang,DPHI (GPS),HC,Health Center,មណ្ឌលសុខភាព,,ស៊ឹប សារ៉ាត់,855 92 777391,None,12.5890494888985,104.091658953952,01/01/2013,https://maps.app.goo.gl/Qv2zMf83UnUzPhom9,Operational,HF_LEVEL
751678,150229,HC ស្នាអន្សារ,HC Sna Ansar,15,ពោធិ៍សាត់,Pursat,1503,ក្រគរ,Krakor,1504,ក្រគរ,Krakor,150309,ស្នាអន្សា,Sna Ansa,15030901,ស្នាអន្សា,Sna Ansa,DPHI (GPS),HC,Health Center,មណ្ឌលសុខភាព,,សៅ សុវណ្ណរ័ត្ន,855 92 212 953,None,12.5290712245687,104.138917903026,01/01/2013,https://maps.app.goo.gl/Pc98caXRo3EVhaG88,Operational,HF_LEVEL
242549,150230,HC ស្វាយសរ,HC Svay Sor,15,ពោធិ៍សាត់,Pursat,1503,ក្រគរ,Krakor,1504,ក្រគរ,Krakor,150310,ស្វាយស,Svay Sa,15031005,បឹងស្មុក,Boeng Smok,DPHI (GPS),HC,Health Center,មណ្ឌលសុខភាព,,ហែម សំណាង,855 88 9835699,None,12.3379422561097,104.127109418096,01/01/2013,https://maps.app.goo.gl/EStMByY26XaMQnze8,Operational,HF_LEVEL
450752,150231,HC បាក់ចិញ្ជៀន,HC Bak Chichean,15,ពោធិ៍សាត់,Pursat,1504,ភ្នំក្រវ៉ាញ,Phnum Kravanh,1503,ភ្នំក្រវាញ,Phnum Kravanh,150401,បាក់ចិញ្ចៀន,Bak Chenhchien,15040106,អូរឬស្សី,Ou Ruessei,DPHI (GPS),HC,Health Center,មណ្ឌលសុខភាព,,ប៊ុន ​ញ៉េន,855 92 812 848,None,12.46729846,103.7884744,01/01/2006,https://maps.app.goo.gl/fSji44eoDZeRuA8f9,Operational,HF_LEVEL
053266,150232,HC កញ្ជរ,HC Kognchor,15,ពោធិ៍សាត់,Pursat,1502,កណ្ដៀង,Kandieng,1502,សំពៅមាស,Sampov Meas,150204,កញ្ជរ,Kanhchor,15020410,ផ្លូវលួង,Phlov Luong,DPHI (GPS),HC,Health Center,មណ្ឌលសុខភាព,,ហ៊ុន ទេវី,855 92 308 345,None,12.6192550699679,104.059449671119,01/10/2013,https://maps.app.goo.gl/qthj5Rx7HiUXjgbu6,Operational,HF_LEVEL
192180,150233,RH មន្ទីរពេទ្យបង្អែក​ក្រគរ,RH Krakor,15,ពោធិ៍សាត់,Pursat,1503,ក្រគរ,Krakor,1504,ក្រគរ,Krakor,150307,ក្បាលត្រាច,Kbal Trach,15030708,សំរោង,Samraong,DPHI (GPS),RH,Referral Hospital,មន្ទីរពេទ្យបង្អែកស្រុក,,កែម ផារិទ្ធ,855 12 642 212,None,12.5316476304,104.212592348201,01/01/2014,https://goo.gl/maps/98pXweeRSLBBi5SF6,Operational,HF_LEVEL
771324,150234,RH មន្ទីរពេទ្យបង្អែក​ភ្នំក្រវាញ,RH Phnom Kravanh,15,ពោធិ៍សាត់,Pursat,1504,ភ្នំក្រវ៉ាញ,Phnum Kravanh,1503,ភ្នំក្រវាញ,Phnum Kravanh,150402,លាច,Leach,15040207,ក្រូចឆ្មារ,Krouch Chhmar,DPHI (GPS),RH,Referral Hospital,មន្ទីរពេទ្យបង្អែកស្រុក,,ប៊ិន សំអាត,855 17 822 744,None,12.3539259617677,103.7715071042,01/01/2016,https://maps.app.goo.gl/HEG9Z1heM2M5kMxBA,Operational,HF_LEVEL
953964,150302,HC រវៀង,HC Rovieng,15,ពោធិ៍សាត់,Pursat,0000,,,1503,ភ្នំក្រវាញ,Phnum Kravanh,000000,សំរោង,Samroang,00000000,,,DPHI (GPS),HC,Health Center,មណ្ឌលសុខភាព,,ស្រុង ធានី,855 93 836 44,None,12.320476505001,103.513278760341,01/01/2023,https://maps.app.goo.gl/cn4xUjXvrNF8FWHg9,Operational,HF_LEVEL
014411,150303,HC សន្ទ្រែ,HC Santrae,15,ពោធិ៍សាត់,Pursat,0000,,,1503,ភ្នំក្រវាញ,Phnum Kravanh,000000,សន្ទ្រែ,,00000000,,,DPHI (GPS),HC,Health Center,មណ្ឌលសុខភាព,,យឹម សុខគិន,855 96 205 2873,None,12.3451705901523,103.775684363758,01/01/2023,https://maps.app.goo.gl/S9EfHC9QXqPmKmZaA,Operational,HF_LEVEL
800058,150304,HC រកាត,HC Rokat,15,ពោធិ៍សាត់,Pursat,0000,,,1503,ភ្នំក្រវាញ,Phnum Kravanh,000000,រកាត,,00000000,,,DPHI (GPS),HC,Health Center,មណ្ឌលសុខភាព,,ចាន់ បូរ៉ា,855 96 87 33 221,None,12.3417625755892,103.763520797016,01/01/2023,https://maps.app.goo.gl/ZB4UAq8DVLu2xEB49,Operational,HF_LEVEL
331075,150305,HC អូរសោម,HC Ou Soam,15,ពោធិ៍សាត់,Pursat,0000,,,1503,ភ្នំក្រវាញ,Phnum Kravanh,000000,អូរសោម,,00000000,,,DPHI (GPS),HC,Health Center,មណ្ឌលសុខភាព,,ជា សំណាង,855 15 419 151,None,12.5352973370703,103.919730338204,01/01/2023,https://maps.app.goo.gl/TeHGej1eMZQnvJEdA,Operational,HF_LEVEL
586933,150306,HC ឧទ្យានសំកុសសែនជ័យ,HC Samkosh Sen Chey Garden,15,ពោធិ៍សាត់,Pursat,0000,,,1503,ភ្នំក្រវាញ,Phnum Kravanh,000000,ក្រពើពីរ,,00000000,,,DPHI (GPS),HC,Health Center,មណ្ឌលសុខភាព,,ជឹម រដ្ឋា,855 96 899 9914,None,12.2913497256321,102.994668815914,01/01/2023,https://maps.app.goo.gl/TeHGej1eMZQnvJEdA,Operational,HF_LEVEL
121732,150402,HC អន្លង់ត្នោត,HC Anglong Thnoat,15,ពោធិ៍សាត់,Pursat,1503,ក្រគរ,Krakor,1504,ក្រគរ,Krakor,000000,អន្លង់ត្នោត,,00000000,,,DPHI (GPS),HC,Health Center,មណ្ឌលសុខភាព,,សំ ស៊ីដា,855 97 663 3088,None,12.530149969416,104.206258258675,01/01/2023,https://maps.app.goo.gl/s37AgVytw4aD2AkCA,Operational,HF_LEVEL
703980,150403,HC អូរសណ្តាន់,HC Ou Sandan,15,ពោធិ៍សាត់,Pursat,1503,ក្រគរ,Krakor,1504,ក្រគរ,Krakor,000000,អូរសណ្ដាន់,,00000000,,,DPHI (GPS),HC,Health Center,មណ្ឌលសុខភាព,,វុទ្ធីស្រីលក្ខ័ណ៏,855 12 478 405,None,12.5291595069174,104.107132516544,01/01/2023,https://maps.app.goo.gl/JW3HqeQLwJHSM89HA,Operational,HF_LEVEL
088190,,HC ប៊ុនរ៉ានីសែនជ័យ ដំណាក់ទ្រយឹង,HC Bunranysenchey Damnaktroyeung,15,ពោធិ៍សាត់,Pursat,1504,ភ្នំក្រវ៉ាញ,Phnum Kravanh,1503,ភ្នំក្រវាញ,Phnum Kravanh,,ព្រងិល,,,,,,,,,,ឈិន ឈីម,855 97 772 7773,None,12.167199,104.076044,,https://maps.app.goo.gl/4bB83p7CYUUUP1kZ9,Operational,HF_CODE;HF_TYPE_EN;HF_LEVEL;OWNERSHIP;COM_CODE;VIL_CODE;START_DATE
797332,160101,PH មន្ទីរពេទ្យខេត្តរតនគីរី,PH Ratanakiri,16,រតនគិរី,Ratanak Kiri,1602,បានលុង,Ban Lung,1601,បានលុង,Banlong,160204,បឹងកន្សែង,Boeng Kansaeng,16020403,ភ្នំស្វាយ,Phnom Svay,DPHI (GPS),PH,Provincial Hospital,មន្ទីរពេទ្យខេត្ត,,អូន សាវុធ,855 715377388,None,13.7518380315064,106.981364881481,01/01/2016,,Operational,HF_LEVEL
716458,160102,HC បានលុង,HC Banlung,16,រតនគិរី,Ratanak Kiri,1602,បានលុង,Ban Lung,1601,បានលុង,Banlong,160202,ឡាបានសៀក,Labansiek,16020201,ជ័យជំនះ,Chey Chumnas,DPHI (GPS),HC,Health Center,មណ្ឌលសុខភាព,,សឿ សុជាតិ,855 12819266,None,13.7388796089547,106.99081708031,01/01/2006,,Operational,HF_LEVEL
394007,160103,HC កាចាញ,HC Kachanh,16,រតនគិរី,Ratanak Kiri,1602,បានលុង,Ban Lung,1601,បានលុង,Banlong,160201,កាចាញ,Kachanh,16020104,ភូមិ ៤,Phum Buon,DPHI (GPS),HC,Health Center,មណ្ឌលសុខភាព,,យឿង ពុទ្ធា,855 888262427,None,13.7270608474808,106.968470260694,01/07/2007,,Operational,HF_LEVEL
925671,160104,HC អូរជុំ,HC Ochum,16,រតនគិរី,Ratanak Kiri,1606,អូរជុំ,Ou Chum,1601,បានលុង,Banlong,160605,អូរជុំ,Ou Chum,16060501,អូរជុំ,Ou Chum,DPHI (GPS),HC,Health Center with beds,មណ្ឌលសុខភាពមានគ្រែ,,សុំ តាវ,855​ 977030700,None,13.7977161640794,106.992750554538,01/01/2006,,Operational,HF_LEVEL
091581,160105,HC សាមគ្គី,HC Samaky,16,រតនគិរី,Ratanak Kiri,1606,អូរជុំ,Ou Chum,1601,បានលុង,Banlong,160606,សាមគ្គី,Sameakki,16060604,បរញ៉ុក,Bar Nhu,DPHI (GPS),HC,Health Center,មណ្ឌលសុខភាព,,អ៊ុន ចំណាន,855 974777789,None,13.7896530757903,107.106886782184,01/01/2016,,Operational,HF_LEVEL
144107,160107,HC វ៉ីនសៃ,HC Voensai,16,រតនគិរី,Ratanak Kiri,1609,វើនសៃ,Veun Sai,1601,បានលុង,Banlong,160901,ប៉ុង,Pong,16090102,បានហ្វាំង,Ban Phang,DPHI (GPS),HC,Health Center with beds,មណ្ឌលសុខភាពមានគ្រែ,,ធួន ប៊ុនធឿន,855 979977541,None,13.9751543162662,106.823351999692,01/01/2006,,Operational,HF_LEVEL
730796,160108,HC កាចូន,HC Kachuon,16,រតនគិរី,Ratanak Kiri,1609,វើនសៃ,Veun Sai,1601,បានលុង,Banlong,160904,កាចូន,Ka Choun,16090402,កាចូនក្រោម,Ka Choun Kraom,DPHI (GPS),HC,Health Center,មណ្ឌលសុខភាព,,ហ្វឿយ បូផា,855 972303023,None,13.9683001386173,106.883520526217,01/01/2006,,Operational,HF_LEVEL
003279,160109,HC វីរ់ៈជ័យ,HC VirakChey,16,រតនគិរី,Ratanak Kiri,1609,វើនសៃ,Veun Sai,1601,បានលុង,Banlong,160910,វើនសៃ,Veun Sai,16091001,វើនសៃ,Veun Sai,DPHI (GPS),HC,Health Center,មណ្ឌលសុខភាព,,គិ ប៊ុនណាត,855 883036404,None,13.97484,106.80825,01/01/2013,,Operational,HF_LEVEL
187779,160110,HC តាវែង,HC Taveng,16,រតនគិរី,Ratanak Kiri,1608,តាវែង,Ta Veaeng,1601,បានលុង,Banlong,160801,តាវែងលើ,Ta Veaeng Leu,16080111,តាវែង,Ta Veaeng,DPHI (GPS),HC,Health Center with beds,មណ្ឌលសុខភាពមានគ្រែ,,អោម សុខា,855 976464880,None,14.0469846632656,107.107625929147,01/01/2006,,Operational,HF_LEVEL
837132,160111,HC កូនមុំ,HC Kounmum,16,រតនគិរី,Ratanak Kiri,1604,កូនមុំ,Koun Mom,1601,បានលុង,Banlong,160406,ត្រពាំងក្រហម,Trapeang Kraham,16040603,ភូមិ ៣,Phum Bei,DPHI (GPS),HC,Health Center with beds,មណ្ឌលសុខភាពមានគ្រែ,,ឈិន ប៉ាវ,855 974441119,None,13.5781090230126,106.771931295524,01/01/2006,,Operational,HF_LEVEL
449073,160113,HC លំផាត់,HC Lumphat,16,រតនគិរី,Ratanak Kiri,1605,លំផាត់,Lumphat,1601,បានលុង,Banlong,160501,ជ័យឧត្ដម,Chey Otdam,16050104,ដីឡូតិ៍,Dei Lou,DPHI (GPS),HC,Health Center with beds,មណ្ឌលសុខភាពមានគ្រែ,,ទិត្យ បុន្នី,855 888262427,None,13.4878747214204,106.981709811846,01/01/2006,,Operational,HF_LEVEL
786032,160116,HC ភ្នំកុក,HC Phnom Kok,16,រតនគិរី,Ratanak Kiri,1609,វើនសៃ,Veun Sai,1601,បានលុង,Banlong,160909,ភ្នំកុក,Phnom Kok,16090901,កុកឡាវ,Kok Lav,DPHI (GPS),HC,Health Center,មណ្ឌលសុខភាព,,សែន រដ្ឋា,855 978192609,None,13.9219840206596,106.801839995432,01/01/2021,,Operational,HF_LEVEL
040291,160117,HC កោះពាក្យ,HC Koh Peak,16,រតនគិរី,Ratanak Kiri,1609,វើនសៃ,Veun Sai,1601,បានលុង,Banlong,160906,កោះពាក្យ,Koh Peak,16090601,កោះពាក្យ,Koh Peak,DPHI (GPS),HC,Health Center,មណ្ឌលសុខភាព,,ហ្វុត់ ជាងខាំ,855 977600756,None,14.0101373123478,106.909289911034,01/01/2021,,Operational,HF_LEVEL
564784,160118,HC ស្រែអង្គ្រង,HC Srae Angkrong,16,រតនគិរី,Ratanak Kiri,1602,បានលុង,Ban Lung,1601,បានលុង,Banlong,160402,ស្រែអង្គ្រង,Srae Angkrong,16040202,ភូមិ២,Phum Pir,DPHI (GPS),HC,Health Center,មណ្ឌលសុខភាព,,ឃៀម ហ៊ីង,855 885580856,None,13.474453112566,106.628987995423,01/01/2021,,Operational,HF_LEVEL
083509,160121,HC ជំរុំបីស្រុក,HC Chomrom Bey Sruk,16,រតនគិរី,Ratanak Kiri,1605,លំផាត់,Lumphat,1601,បានលុង,Banlong,160502,កាឡែង,Ka Laeng,16050202,កាឡែង,Ka Laeng,DPHI (GPS),HC,Health Center,មណ្ឌលសុខភាព,,គង់ សុជា,855 977580581,None,13.613834,107.074218,01/01/2014,,Operational,HF_LEVEL
582089,160122,HC ញ៉ាង,HC Nhang,16,រតនគិរី,Ratanak Kiri,1601,អណ្ដូងមាស,Andoung Meas,1602,បរកែវ,Borkeo,160103,ញ៉ាង,Nhang,16010308,កែត,Kaet,DPHI (GPS),HC,Health Center,មណ្ឌលសុខភាព,,អ៊ូច សៀងអូន,855 975515383,None,13.9616666430076,107.360123144201,01/01/2014,,Operational,HF_LEVEL
706530,160201,RH មន្ទីរពេទ្យបង្អែកបរកែវ,RH Borkeo,16,រតនគិរី,Ratanak Kiri,1603,បរកែវ,Bar Kaev,1602,បរកែវ,Borkeo,160303,ឡាមីញ,La Minh,16030305,ភូមិមួយ,Phum Muoy,DPHI (GPS),RH,Referral Hospital,មន្ទីរពេទ្យបង្អែកស្រុក,,ប៉ាន សារ៉ន,855 975916588,None,13.6868169914101,107.216868021276,01/01/2016,,Operational,HF_LEVEL
517775,160202,HC កិចុង,HC Ke Chong,16,រតនគិរី,Ratanak Kiri,1603,បរកែវ,Bar Kaev,1602,បរកែវ,Borkeo,160302,កិះចុង,Keh Chong,16030202,លើឃួន,Leu Kuon,DPHI (GPS),HC,Health Center,មណ្ឌលសុខភាព,,តឹក ម៉ាលី,855 979265943,None,13.74753313,107.2493066,01/01/2013,,Operational,HF_LEVEL
154390,160207,HC អូរយ៉ាដាវ,HC Oyadav,16,រតនគិរី,Ratanak Kiri,1607,អូរយ៉ាដាវ,Ou Ya Dav,1602,បរកែវ,Borkeo,160702,លំជ័រ,Lum Choar,16070204,អ៊ុន,Un,DPHI (GPS),HC,Health Center with beds,មណ្ឌលសុខភាពមានគ្រែ,,គឹម សាវ៉ុន,855 972707327,None,13.6700346666496,107.348042338357,01/01/2006,,Operational,HF_LEVEL
956339,160210,HC អណ្តូងមាស,HC Andaung Meas,16,រតនគិរី,Ratanak Kiri,1601,អណ្ដូងមាស,Andoung Meas,1602,បរកែវ,Borkeo,160101,ម៉ាលិក,Malik,16010104,លោម,Laom,DPHI (GPS),HC,Health Center with beds,មណ្ឌលសុខភាពមានគ្រែ,,កេត ឌីម៉ង,855 978555335,None,13.8625892142182,107.295775577689,01/01/2006,,Operational,HF_LEVEL
812525,160211,HC ម៉ាលិក,HC Malek,16,រតនគិរី,Ratanak Kiri,1601,អណ្ដូងមាស,Andoung Meas,1602,បរកែវ,Borkeo,160101,ម៉ាលិក,Malik,16010102,កាតែ,Katae,DPHI (GPS),HC,Health Center,មណ្ឌលសុខភាព,,អ៊ុល សុខណី,855 887928815,None,13.820201,107.280576,01/01/2016,,Operational,HF_LEVEL
056389,160212,HC សោមធំ,HC Somthom,16,រតនគិរី,Ratanak Kiri,1607,អូរយ៉ាដាវ,Ou Ya Dav,1602,បរកែវ,Borkeo,160706,សោមធំ,Saom Thum,16070602,សោមត្រក,Saom Trak,DPHI (GPS),HC,Health Center,មណ្ឌលសុខភាព,,រចំ ហ៊ឹង,855 977288537,None,13.72287444,107.3971419,01/04/2017,,Operational,HF_LEVEL
659170,160213,HC បរខាំ,HC Borkham,16,រតនគិរី,Ratanak Kiri,1607,អូរយ៉ាដាវ,Ou Ya Dav,1602,បរកែវ,Borkeo,160701,បរខាំ,Bar Kham,16070106,ព្រិល,Pril,DPHI (GPS),HC,Health Center,មណ្ឌលសុខភាព,,អម វុត្ថា,855 977686400,None,13.6318353598661,107.293008258725,01/04/2017,,Operational,HF_LEVEL
079261,160214,HC លុងឃុង,HC Longkhoung,16,រតនគិរី,Ratanak Kiri,1603,បរកែវ,Bar Kaev,1602,បរកែវ,Borkeo,160304,លុងឃុង,Lung Khung,16030401,លុងឃុង,Lung Khung,DPHI (GPS),HC,Health Center,មណ្ឌលសុខភាព,,ហាក់ សុខហ័ង,855 888722192,None,13.6657113122676,107.148305031115,01/05/2017,,Operational,HF_LEVEL
003463,160215,HC តាឡាវ,HC Talav,16,រតនគិរី,Ratanak Kiri,1601,អណ្ដូងមាស,Andoung Meas,1602,បរកែវ,Borkeo,160104,តាឡាវ,Ta Lav,16010401,តាឡាវ,Ta Lav,DPHI (GPS),HC,Health Center,មណ្ឌលសុខភាព,,អោម ម៉ុន,855 887744400,None,13.9220139302362,107.277046052206,01/05/2017,,Operational,HF_LEVEL
058889,160216,HC អណ្តូងពេជ្រ,HC Andong Pich,16,រតនគិរី,Ratanak Kiri,1603,បរកែវ,Bar Kaev,1602,បរកែវ,Borkeo,160303,ឡាមីញ,La Minh,16030305,ភូមិមួយ,Phum Muoy,DPHI (GPS),HC,Health Center,មណ្ឌលសុខភាព,,ឈីម ប៊ុនថាក់,855 972891998,None,13.7035728788691,107.206392080333,01/07/2017,,Operational,HF_LEVEL
602426,160217,HC ទីងចាក់,HC Ting Chak,16,រតនគិរី,Ratanak Kiri,1603,បរកែវ,Bar Kaev,1602,បរកែវ,Borkeo,160306,ទីងចាក់,Ting Chak,16030602,កប,Kab,DPHI (GPS),HC,Health Center,មណ្ឌលសុខភាព,,ជឿន ធានី,855 887309674,None,13.708181,107.109145,01/02/2021,,Operational,HF_LEVEL
398575,160218,HC ស៊ឺង,HC Seoung,16,រតនគិរី,Ratanak Kiri,1603,បរកែវ,Bar Kaev,1602,បរកែវ,Borkeo,160303,ឡាមីញ,La Minh,16030305,ភូមិមួយ,Phum Muoy,DPHI (GPS),HC,Health Center,មណ្ឌលសុខភាព,,បូរ វឌ្ឍនា,855 712297368,None,13.5926581048608,107.243600934191,01/03/2023,,Operational,HF_LEVEL
717524,16010502,HP យ៉ាទុង,HP Yatong,16,រតនគិរី,Ratanak Kiri,1607,អូរយ៉ាដាវ,Ou Ya Dav,1602,បរកែវ,Borkeo,160707,យ៉ាទុង,Ya Tung,16070701,តេនង៉ល,Ten Ngol,DPHI (GPS),HP,Health Post,ប៉ុស្តិ៍សុខភាព,,សេវ ផេវ,855 974563163,None,13.6754749,107.4274658,01/01/2006,,Operational,HF_LEVEL
172467,16010701,HP កុកឡាក់,HP Kok Lak,16,រតនគិរី,Ratanak Kiri,1609,វើនសៃ,Veun Sai,1601,បានលុង,Banlong,160907,កុកឡាក់,Kok Lak,16090702,រ៉ក,Rak,DPHI (GPS),HP,Health Post,ប៉ុស្តិ៍សុខភាព,,ប៊ុត​ ប៊ុនប៉ន,855 964255553,None,14.015098,106.848005,01/01/2006,,Operational,HF_LEVEL
081654,16010702,HP ប៉ាកាឡាន់,HP Pakalan,16,រតនគិរី,Ratanak Kiri,1609,វើនសៃ,Veun Sai,1601,បានលុង,Banlong,160908,ប៉ាកាឡាន់,Pa Kalan,16090801,ប៉ាកាឡាន់,Pa Kalan,DPHI (GPS),HP,Health Post,ប៉ុស្តិ៍សុខភាព,,ចាន់ សុគី,855​ 978190973,None,13.93748224,106.7601695,01/01/2006,,Operational,HF_LEVEL
865403,16010703,HP ហាត់ប៉ក់,HP Hat Pok,16,រតនគិរី,Ratanak Kiri,1609,វើនសៃ,Veun Sai,1601,បានលុង,Banlong,160903,ហាត់ប៉ក់,Hat Pak,16090301,ហាត់ប៉ក់,Hat Pak,DPHI (GPS),HP,Health Post,ប៉ុស្តិ៍សុខភាព,,ចាន់​ ប៊ុនស៊ឺន,855 977723676,None,13.83127257,106.6988027,01/01/2006,,Operational,HF_LEVEL
327310,16010901,HP តាបូក,HP Ta Bok,16,រតនគិរី,Ratanak Kiri,1608,តាវែង,Ta Veaeng,1601,បានលុង,Banlong,160801,តាវែងលើ,Ta Veaeng Leu,16080104,តាបូក,Ta Bouk,DPHI (GPS),HP,Health Post,ប៉ុស្តិ៍សុខភាព,,គង់​ សំអឿន,855 314394444,None,14.063251,107.162466,01/01/2007,,Operational,HF_LEVEL
874753,16011101,HP សេរីមង្គល,HP Sery Mongkol,16,រតនគិរី,Ratanak Kiri,1604,កូនមុំ,Koun Mom,1601,បានលុង,Banlong,160401,សិរីមង្គល,Serei Mongkol,16040102,ស្រែពកតូច,Srae Pok Touch,DPHI (GPS),HP,Health Post,ប៉ុស្តិ៍សុខភាព,,ពិ​​ បូវឿង,855 884005566,None,13.46623989,106.879349,01/01/2006,,Operational,HF_LEVEL
731872,16011103,HC ប៉ូយ,HC Poy,16,រតនគិរី,Ratanak Kiri,1606,អូរជុំ,Ou Chum,1601,បានលុង,Banlong,160602,ប៉ូយ,Pouy,16060206,ខ្មែង,Khmaeng,DPHI (GPS),HC,Health Center,មណ្ឌលសុខភាព,,ឌី ប៊ុនថាត់,855 88 7368977,None,13.90627,107.02386,01/02/2017,,Operational,HF_LEVEL
201061,16011104,HC តឺន,HC Teoun,16,រតនគិរី,Ratanak Kiri,1604,កូនមុំ,Koun Mom,1601,បានលុង,Banlong,160404,តឺន,Teun,16040404,កាំបាក់,Kam Bak,DPHI (GPS),HC,Health Center,មណ្ឌលសុខភាព,,ពិ ប៊ុណ្ណារ៉ា,855 889595368,None,13.67861171,106.8495264,01/02/2017,,Operational,HF_LEVEL
834574,16011105,HC ល្បាំង១,HC Lbang 1,16,រតនគិរី,Ratanak Kiri,1605,លំផាត់,Lumphat,1601,បានលុង,Banlong,160503,ល្បាំង១,Lbang Muoy,16050303,កាទៀង,Ka Tieng,DPHI (GPS),HC,Health Center,មណ្ឌលសុខភាព,,ពិ ចាន់ឡំ,855 979385154,None,13.63926146,106.9526449,01/02/2017,,Operational,HF_LEVEL
519464,16011106,HC សេដា,HC Se Da,16,រតនគិរី,Ratanak Kiri,1605,លំផាត់,Lumphat,1601,បានលុង,Banlong,160506,សេដា,Seda,16050607,សាមុត្រក្រោម,Samot Kraom,DPHI (GPS),HC,Health Center,មណ្ឌលសុខភាព,,ស្រី នួយ,855 977529250,None,13.5207389114561,107.188823209724,01/02/2017,,Operational,HF_LEVEL
584870,121008,NH មន្ទីរពេទ្យជ័យវ័រ្មនទី៧,NH Jaya Varaman VII,17,សៀមរាប,Siemreap,1701,សៀមរាប,Siem Reap,1701,មន្ទីរពេទ្យជាតិ,National Hopital,170201,គោគចក,Kouk Chark,17020101,ផ្សារដើមក្រឡាញ់,Phsar Deoum Kralanh,DPHI (Google Map),NH,National Hospital,មន្ទីរពេទ្យជាតិ,,NA,None,NA,13.3758195578065,103.861103244745,39814,,Operational,HF_LEVEL;CONTACT_NO
981016,170101,RH មន្ទីរពេទ្យបង្អែកក្រឡាញ់,RH Kralanh,17,សៀមរាប,Siemreap,1706,ក្រឡាញ់,Kralanh,1701,ក្រឡាញ់,Kralanh,170602,កំពង់ថ្កូវ,Kampong Thkov,17060202,កំពង់ថ្កូវ២,Kampong Thkov Pir,DPHI (GPS),RH,Referral Hospital,មន្ទីរពេទ្យបង្អែកស្រុក,,NA,None,None,13.5896731754423,103.416623804267,01/01/2006,,Operational,HF_LEVEL;CONTACT_NO
753825,170102,HC កំពង់ថ្កូវ,HC Kampong Thkov,17,សៀមរាប,Siemreap,1706,ក្រឡាញ់,Kralanh,1701,ក្រឡាញ់,Kralanh,170602,កំពង់ថ្កូវ,Kampong Thkov,17060202,កំពង់ថ្កូវ២,Kampong Thkov Pir,DPHI (GPS),HC,Health Center,មណ្ឌលសុខភាព,,NA,None,None,13.58810214,103.4205916,01/01/2006,,Operational,HF_LEVEL;CONTACT_NO
003864,170103,HC សែនសុខ,HC Sen Sok,17,សៀមរាប,Siemreap,1706,ក្រឡាញ់,Kralanh,1701,ក្រឡាញ់,Kralanh,170607,សែនសុខ,Saen Sokh,17060704,គោកភ្ងាស,Kouk Phngeas,DPHI (GPS),HC,Health Center,មណ្ឌលសុខភាព,,NA,None,None,13.692812165086,103.522673324974,01/12/2013,,Operational,HF_LEVEL;CONTACT_NO
759913,170104,HC រោងគោ,HC Rong Ko,17,សៀមរាប,Siemreap,1706,ក្រឡាញ់,Kralanh,1701,ក្រឡាញ់,Kralanh,170605,រោងគោ,Roung Kou,17060501,រោងគោ,Roung Kou,DPHI (GPS),HC,Health Center,មណ្ឌលសុខភាព,,NA,None,None,13.5885238149222,103.511603401772,01/01/2006,,Operational,HF_LEVEL;CONTACT_NO
814852,170105,HC សំបួរ,HC Sambour,17,សៀមរាប,Siemreap,1710,សៀមរាប,Siem Reap,1701,ក្រឡាញ់,Kralanh,171008,សំបួរ,Sngkat Sambuor,17100802,សំបួរ,Sambuor,DPHI (GPS),HC,Health Center,មណ្ឌលសុខភាព,,NA,None,None,13.3486972527055,103.808339218627,01/01/2006,,Operational,HF_LEVEL;CONTACT_NO
448457,170106,HC ស្រីស្នំ,HC Srey Snam,17,សៀមរាប,Siemreap,1712,ស្រីស្នំ,Srei Snam,1701,ក្រឡាញ់,Kralanh,171201,ជ្រោយនាងងួន,Chrouy Neang Nguon,17120107,ជ្រោយនាងងួន,Chrouy Neang Nguon,DPHI (GPS),HC,Health Center with beds,មណ្ឌលសុខភាពមានគ្រែ,,NA,None,None,13.8317392015797,103.514964083253,01/01/2006,,Operational,HF_LEVEL;CONTACT_NO
398266,170107,HC ស្លែងស្ពាន,HC Sleng Spean,17,សៀមរាប,Siemreap,1712,ស្រីស្នំ,Srei Snam,1701,ក្រឡាញ់,Kralanh,171206,ស្លែងស្ពាន,Slaeng Spean,17120602,ច្រនៀង,Chranieng,DPHI (GPS),HC,Health Center,មណ្ឌលសុខភាព,,NA,None,None,13.8909614818278,103.555413013872,01/01/2006,,Operational,HF_LEVEL;CONTACT_NO
279243,170108,HC ព្រៃជ្រូក,HC Prey Chrouk,17,សៀមរាប,Siemreap,1707,ពួក,Puok,1704,អង្គរជុំ,Angkor Chhum,170711,ព្រៃជ្រូក,Prey Chruk,17071101,ព្រៃជ្រូក,Prey Chruk,DPHI (GPS),HC,Health Center,មណ្ឌលសុខភាព,,NA,None,None,13.532758579096,103.554614310097,01/01/2006,,Operational,HF_LEVEL;CONTACT_NO
337063,170109,HC ស្រណាល,HC Sranal,17,សៀមរាប,Siemreap,1706,ក្រឡាញ់,Kralanh,1701,ក្រឡាញ់,Kralanh,170609,ស្រណាល,Sranal,17060902,ស្រណាល,Sranal,DPHI (GPS),HC,Health Center,មណ្ឌលសុខភាព,,NA,None,None,13.5535779986178,103.493919306717,01/01/2006,,Operational,HF_LEVEL;CONTACT_NO
004929,170110,HC ប្រិយ៍,HC Prey,17,សៀមរាប,Siemreap,1712,ស្រីស្នំ,Srei Snam,1701,ក្រឡាញ់,Kralanh,171205,ប្រីយ៍,Prei,17120502,ប្រីយ៍២,Prei Pir,DPHI (GPS),HC,Health Center,មណ្ឌលសុខភាព,,NA,None,None,13.8245715811145,103.464767243908,01/01/2006,,Operational,HF_LEVEL;CONTACT_NO
035512,170111,HC ចន្លាស់ដៃ,HC Chanlas Day,17,សៀមរាប,Siemreap,1706,ក្រឡាញ់,Kralanh,1701,ក្រឡាញ់,Kralanh,170601,ចន្លាសដៃ,Chanleas Dai,17060108,ចន្លាស់ដៃ,Chanlas Dai,DPHI (GPS),HC,Health Center,មណ្ឌលសុខភាព,,NA,None,None,13.6369737895179,103.460368941581,01/01/2006,,Operational,HF_LEVEL;CONTACT_NO
463996,170115,HC ក្រូចគរ,HC kroch Ko,17,សៀមរាប,Siemreap,1706,ក្រឡាញ់,Kralanh,1701,ក្រឡាញ់,Kralanh,170604,ក្រូចគរ,Krouch Kor,17060405,ខ្នារជើង,Khnar Cheung,DPHI (GPS),HC,Health Center,មណ្ឌលសុខភាព,,NA,None,None,13.6918599984784,103.578424085597,22/05/2012,,Operational,HF_LEVEL;CONTACT_NO
113171,170116,HC ត្រាំសសរ,HC Tram Sasar,17,សៀមរាប,Siemreap,1712,ស្រីស្នំ,Srei Snam,1701,ក្រឡាញ់,Kralanh,171203,ត្រាំសសរ,Tram Sasar,17120304,ស្មាច់,Smach,DPHI (GPS),HC,Health Center,មណ្ឌលសុខភាព,,NA,None,None,13.7720284226128,103.459232799965,01/04/2013,,Operational,HF_LEVEL;CONTACT_NO
353355,170117,HC មោង,HC Maung,17,សៀមរាប,Siemreap,1712,ស្រីស្នំ,Srei Snam,1701,ក្រឡាញ់,Kralanh,171204,មោង,Moung,17120404,កំបោរ,Kambaor,DPHI (GPS),HC,Health Center,មណ្ឌលសុខភាព,,NA,None,None,13.7718359441714,103.53706808833,01/04/2013,,Operational,HF_LEVEL;CONTACT_NO
921983,170118,HC តាអាន,HC Ta An,17,សៀមរាប,Siemreap,1706,ក្រឡាញ់,Kralanh,1701,ក្រឡាញ់,Kralanh,170610,តាអាន,Ta An,17061001,ក្ដុល,Kdol,DPHI (GPS),HC,Health Center,មណ្ឌលសុខភាព,,NA,None,None,13.6358224973363,103.409375707319,01/06/2013,,Operational,HF_LEVEL;CONTACT_NO
041965,170119,HC ស្នួល,HC Snuol,17,សៀមរាប,Siemreap,1706,ក្រឡាញ់,Kralanh,1701,ក្រឡាញ់,Kralanh,170608,ស្នួល,Snuol,17060804,តាពេជ,Ta Pech,DPHI (GPS),HC,Health Center,មណ្ឌលសុខភាព,,NA,None,None,13.63252595,103.540676,01/01/2006,,Operational,HF_LEVEL;CONTACT_NO
695232,170122,HC ដូនសុខ,HC Duan Sok,17,សៀមរាប,Siemreap,1712,ស្រីស្នំ,Srei Snam,1701,ក្រឡាញ់,Kralanh,171206,ស្លែងស្ពាន,Slaeng Spean,17120608,ត្រាំកង,Tram Kang,DPHI (GPS),HC,Health Center,មណ្ឌលសុខភាព,,NA,None,None,13.9638299609034,103.734527857334,01/08/2016,,Operational,HF_LEVEL;CONTACT_NO
715253,170123,HC ក្រឡាញ់,HC Kralanh,17,សៀមរាប,Siemreap,1706,ក្រឡាញ់,Kralanh,1701,ក្រឡាញ់,Kralanh,170603,ក្រឡាញ់,Kralanh,17060307,សំពៅលូន,Sampov Lun,DPHI (GPS),HC,Health Center,មណ្ឌលសុខភាព,,NA,None,None,13.53812915,103.4180239,01/04/2017,,Operational,HF_LEVEL;CONTACT_NO
000182,170201,PH មន្ទីរពេទ្យខេត្តសៀមរាប,PH Siem Reap,17,សៀមរាប,Siemreap,1710,សៀមរាប,Siem Reap,1702,សៀមរាប,Siem Reap,171002,ស្វាយដង្គំ,Svay Dankum,17100212,មណ្ឌល១,Mondol 1,DPHI (GPS),PH,Provincial Hospital,មន្ទីរពេទ្យខេត្ត,,NA,None,None,13.3563288323088,103.855317344094,01/01/2006,,Operational,HF_LEVEL;CONTACT_NO
877893,170202,HC ជ្រាវ,HC Chreav,17,សៀមរាប,Siemreap,1710,សៀមរាប,Siem Reap,1702,សៀមរាប,Siem Reap,171006,ជ្រាវ,Chreav,17100601,ជ្រាវ,Chreav,DPHI (GPS),HC,Health Center,មណ្ឌលសុខភាព,,NA,None,None,13.331553699074,103.877947242759,01/01/2006,,Operational,HF_LEVEL;CONTACT_NO
434651,170203,HC មណ្ឌល ១,HC Mondul I,17,សៀមរាប,Siemreap,1710,សៀមរាប,Siem Reap,1702,សៀមរាប,Siem Reap,171002,ស្វាយដង្គំ,Svay Dankum,17100212,មណ្ឌល១,Mondol 1,DPHI (GPS),HC,Health Center,មណ្ឌលសុខភាព,,NA,None,None,13.3566417028912,103.85776901346,01/01/2006,,Operational,HF_LEVEL;CONTACT_NO
429342,170204,HC គោកចក,HC Kouk Chak,17,សៀមរាប,Siemreap,1710,សៀមរាប,Siem Reap,1702,សៀមរាប,Siem Reap,171003,គោកចក,Kok Chak,17100301,ត្រពាំងសេះ,Trapeang Ses,DPHI (GPS),HC,Health Center,មណ្ឌលសុខភាព,,NA,None,None,13.3833742749247,103.854374838101,01/01/2006,,Operational,HF_LEVEL;CONTACT_NO
834004,170205,HC សៀមរាប,HC Siemreap,17,សៀមរាប,Siemreap,1710,សៀមរាប,Siem Reap,1702,សៀមរាប,Siem Reap,171001,ស្លក្រាម,Sla Kram,17100104,ដកពោធិ៍,Dak Pou,DPHI (GPS),HC,Health Center,មណ្ឌលសុខភាព,,NA,None,None,13.3610633725569,103.872850581091,25/01/2011,,Operational,HF_LEVEL;CONTACT_NO
710238,170206,HC សំបួរ,HC Sambour,17,សៀមរាប,Siemreap,1706,ក្រឡាញ់,Kralanh,1702,សៀមរាប,Siem Reap,170606,សំបួរ,Sambuor,17060604,សំបួរ,Sambuor,DPHI (GPS),HC,Health Center,មណ្ឌលសុខភាព,,NA,None,None,13.5046702221826,103.414584406746,01/01/2006,,Operational,HF_LEVEL;CONTACT_NO
358947,170207,HC ពោធិមានជ័យ,HC Po Mean Chey,17,សៀមរាប,Siemreap,1710,សៀមរាប,Siem Reap,1702,សៀមរាប,Siem Reap,171009,សៀមរាប,Siem Reab,17100908,ត្រៀក,Triek,DPHI (GPS),HC,Health Center,មណ្ឌលសុខភាព,,NA,None,None,13.3249484099637,103.840090437334,01/01/2006,,Operational,HF_LEVEL;CONTACT_NO
940937,170208,HC ចុងឃ្នៀស,HC Chong Khnies,17,សៀមរាប,Siemreap,1710,សៀមរាប,Siem Reap,1702,សៀមរាប,Siem Reap,171007,ចុងឃ្នៀស,Chong Khnies,17100706,ភូមិទី៦,Phum Ti Prammuoy,DPHI (GPS),HC,Health Center,មណ្ឌលសុខភាព,,NA,None,None,13.2772601396362,103.821997595519,01/01/2006,,Operational,HF_LEVEL;CONTACT_NO
747614,170209,HC ពាក់ស្នែង,HC Peak Sneng,17,សៀមរាប,Siemreap,1702,អង្គរធំ,Angkor Thum,1702,សៀមរាប,Siem Reap,170203,ពាក់ស្នែង,Peak Snaeng,17020301,ពាក់ស្នែងថ្មី,Peak Sneng Thmei,DPHI (GPS),HC,Health Center,មណ្ឌលសុខភាព,,NA,None,None,13.5836558023883,103.878420093261,01/01/2006,,Operational,HF_LEVEL;CONTACT_NO
553840,170210,HC បន្ទាយស្រី,HC Banteay Srey,17,សៀមរាប,Siemreap,1703,បន្ទាយស្រី,Banteay Srei,1702,សៀមរាប,Siem Reap,170301,ខ្នារសណ្ដាយ,Khnar Sanday,17030101,បន្ទាយស្រី,Banteay Srei,DPHI (GPS),HC,Health Center with beds,មណ្ឌលសុខភាពមានគ្រែ,,NA,None,None,13.5913071612254,103.958356636796,01/01/2006,,Operational,HF_LEVEL;CONTACT_NO
006044,170211,HC ព្រះដាក់,HC Preah Dak,17,សៀមរាប,Siemreap,1703,បន្ទាយស្រី,Banteay Srei,1702,សៀមរាប,Siem Reap,170303,ព្រះដាក់,Preah Dak,17030306,អូរទទឹង,Ou Totueng,DPHI (GPS),HC,Health Center,មណ្ឌលសុខភាព,,NA,None,None,13.4430963592924,103.942727831693,01/01/2006,,Operational,HF_LEVEL;CONTACT_NO
582077,170212,HC រំចេក,HC Rumchek,17,សៀមរាប,Siemreap,1703,បន្ទាយស្រី,Banteay Srei,1702,សៀមរាប,Siem Reap,170304,រំចេក,Rumchek,17030402,សាលាក្រវ៉ាន់,Sala Kravan,DPHI (GPS),HC,Health Center,មណ្ឌលសុខភាព,,NA,None,None,13.4876908239224,103.982072190627,01/01/2006,,Operational,HF_LEVEL;CONTACT_NO
852782,170213,HC កណ្តែក,HC Kandek,17,សៀមរាប,Siemreap,1709,ប្រាសាទបាគង,Prasat Bakong,1702,សៀមរាប,Siem Reap,170906,កណ្ដែក,Kandaek,17090609,គោកត្នោត,Kouk Tnaot,DPHI (GPS),HC,Health Center,មណ្ឌលសុខភាព,,NA,None,None,13.3539166595309,103.915681479999,01/01/2006,,Operational,HF_LEVEL;CONTACT_NO
689199,170214,HC ប្រាសាទបាគង,HC Prasat Bakorng,17,សៀមរាប,Siemreap,1709,ប្រាសាទបាគង,Prasat Bakong,1702,សៀមរាប,Siem Reap,170908,រលួស,Roluos,17090806,ដូនទាវ,Doun Teav,DPHI (GPS),HC,Health Center,មណ្ឌលសុខភាព,,NA,None,None,13.3473715979919,103.98843749552,01/01/2006,,Operational,HF_LEVEL;CONTACT_NO
516984,170215,HC មានជ័យ,HC Mean Chey,17,សៀមរាប,Siemreap,1709,ប្រាសាទបាគង,Prasat Bakong,1702,សៀមរាប,Siem Reap,170907,មានជ័យ,Mean Chey,17090704,ជាស្មន់,Chea Sman,DPHI (GPS),HC,Health Center,មណ្ឌលសុខភាព,,NA,None,None,13.2956988982298,103.998619809162,01/01/2006,,Operational,HF_LEVEL;CONTACT_NO
555635,170216,HC កន្ទ្រាំង,HC Kantreang,17,សៀមរាប,Siemreap,1709,ប្រាសាទបាគង,Prasat Bakong,1702,សៀមរាប,Siem Reap,170905,កន្ទ្រាំង,Kantreang,17090502,កន្ទ្រាំង,Kantreang,DPHI (GPS),HC,Health Center,មណ្ឌលសុខភាព,,NA,None,None,13.3523866932418,104.024441847021,01/01/2006,,Operational,HF_LEVEL;CONTACT_NO
189341,170217,HC អង្គរធំ,HC Angkor Thom,17,សៀមរាប,Siemreap,1702,អង្គរធំ,Angkor Thum,1702,សៀមរាប,Siem Reap,170202,លាងដៃ,Leang Dai,17020203,ភ្លង់,Phlong,DPHI (GPS),HC,Health Center,មណ្ឌលសុខភាព,,NA,None,None,13.4822951105415,103.869038796953,01/01/2006,,Operational,HF_LEVEL;CONTACT_NO
349050,170219,HC នគរធំ,HC Nokorthom,17,សៀមរាប,Siemreap,1710,សៀមរាប,Siem Reap,1702,សៀមរាប,Siem Reap,171005,នគរធំ,Nokor Thum,17100504,ក្រវ៉ាន់,Kravan,DPHI (GPS),HC,Health Center,មណ្ឌលសុខភាព,,NA,None,None,13.42312615,103.9016879,01/04/2010,,Operational,HF_LEVEL;CONTACT_NO
876180,170220,HC ស្វាយចេក,HC Svaychek,17,សៀមរាប,Siemreap,1702,អង្គរធំ,Angkor Thum,1702,សៀមរាប,Siem Reap,170204,ស្វាយចេក,Svay Chek,17020402,ស្វាយចេក,Svay Chek,DPHI (GPS),HC,Health Center,មណ្ឌលសុខភាព,,NA,None,None,13.5162085018176,103.816723282349,01/04/2011,,Operational,HF_LEVEL;CONTACT_NO
575226,170221,HC បាគង,HC Bakong,17,សៀមរាប,Siemreap,1709,ប្រាសាទបាគង,Prasat Bakong,1702,សៀមរាប,Siem Reap,170908,រលួស,Roluos,17090807,រលួសខាងលិច,Roluos Khang Lech,DPHI (GPS),HC,Health Center,មណ្ឌលសុខភាព,,NA,None,None,13.3474055235469,103.988429444745,01/04/2011,,Operational,HF_LEVEL;CONTACT_NO
930537,170224,HC ត្រពាំងធំ,HC Tra Peang Thom,17,សៀមរាប,Siemreap,1709,ប្រាសាទបាគង,Prasat Bakong,1702,សៀមរាប,Siem Reap,170909,ត្រពាំងធំ,Trapeang Thum,17090909,អន្លង់ពីរ,Anlong Pir,DPHI (GPS),HC,Health Center,មណ្ឌលសុខភាព,,NA,None,None,13.3097885240689,104.038995317251,12/04/2012,,Operational,HF_LEVEL;CONTACT_NO
043325,170225,HC ត្បែង,HC Tbeng,17,សៀមរាប,Siemreap,1703,បន្ទាយស្រី,Banteay Srei,1702,សៀមរាប,Siem Reap,170306,ត្បែង,Tbaeng,17030602,ត្បែងលិច,Tbaeng Lech,DPHI (GPS),HC,Health Center,មណ្ឌលសុខភាព,,NA,None,None,13.5231283155414,104.016435000229,25/04/2012,,Operational,HF_LEVEL;CONTACT_NO
105690,170226,HC ជប់តាត្រាវ,HC Chob Ta trav,17,សៀមរាប,Siemreap,1702,អង្គរធំ,Angkor Thum,1702,សៀមរាប,Siem Reap,170201,ជប់តាត្រាវ,Chob Ta Trav,17020102,ជប់,Chub,DPHI (GPS),HC,Health Center,មណ្ឌលសុខភាព,,NA,None,None,13.6270546845444,103.811146226959,25/04/2012,,Operational,HF_LEVEL;CONTACT_NO
995820,170227,HC បាល្ល័ង្គ,HC Balang,17,សៀមរាប,Siemreap,1709,ប្រាសាទបាគង,Prasat Bakong,1702,សៀមរាប,Siem Reap,170903,បល្ល័ង្ក,Ballangk,17090306,ព្រំកុដ្ឋ,Prum Kod,DPHI (GPS),HC,Health Center,មណ្ឌលសុខភាព,,NA,None,None,13.4090342687604,104.023967642873,01/01/2013,,Operational,HF_LEVEL;CONTACT_NO
519348,170228,HC ស្រង៉ែ,HC Sra Gne,17,សៀមរាប,Siemreap,1710,សៀមរាប,Siem Reap,1702,សៀមរាប,Siem Reap,171010,ស្រង៉ែ,Srangae,17101003,រការធំ,Roka Thum,DPHI (GPS),HC,Health Center,មណ្ឌលសុខភាព,,NA,None,None,13.3699278428239,103.808293803402,01/01/2013,,Operational,HF_LEVEL;CONTACT_NO
466954,170229,HC ឃុនរាម,HC Khun Ream,17,សៀមរាប,Siemreap,1703,បន្ទាយស្រី,Banteay Srei,1702,សៀមរាប,Siem Reap,170302,ឃុនរាម,Khun Ream,17030201,ខ្នារង្វាស,Khnar Rongveas,DPHI (GPS),HC,Health Center,មណ្ឌលសុខភាព,,NA,None,None,13.66145008,104.0176764,01/03/2015,,Operational,HF_LEVEL;CONTACT_NO
022708,170301,RH មន្ទីរពេទ្យបង្អែកសូទ្រនិគម,RH Sotr Nikum,17,សៀមរាប,Siemreap,1711,សូទ្រនិគម,Soutr Nikom,1703,សូទ្រនិគម,Sot Nikum,171102,ដំដែក,Dam Daek,17110212,ដំដែកផ្សារ,Dam Daek Phsar,DPHI (GPS),RH,Referral Hospital,មន្ទីរពេទ្យបង្អែកស្រុក,,NA,None,None,13.2456572188824,104.120926190194,01/01/2006,,Operational,HF_LEVEL;CONTACT_NO
393017,170302,HC ដំដែក,HC Dam Daek,17,សៀមរាប,Siemreap,1711,សូទ្រនិគម,Soutr Nikom,1703,សូទ្រនិគម,Sot Nikum,171102,ដំដែក,Dam Daek,17110212,ដំដែកផ្សារ,Dam Daek Phsar,DPHI (GPS),HC,Health Center,មណ្ឌលសុខភាព,,NA,None,None,13.2456237828535,104.121190209499,01/01/2006,,Operational,HF_LEVEL;CONTACT_NO
019557,170303,HC ខ្ចាស់,HC Khchas,17,សៀមរាប,Siemreap,1711,សូទ្រនិគម,Soutr Nikom,1703,សូទ្រនិគម,Sot Nikum,171106,ខ្ចាស់,Khchas,17110607,ខ្ចាស់,Khchas,DPHI (GPS),HC,Health Center,មណ្ឌលសុខភាព,,NA,None,None,13.268618310423,104.088554139516,01/01/2006,,Operational,HF_LEVEL;CONTACT_NO
327743,170304,HC សំរោង,HC Samraong,17,សៀមរាប,Siemreap,1711,សូទ្រនិគម,Soutr Nikom,1703,សូទ្រនិគម,Sot Nikum,171109,សំរោង,Samraong,17110901,សំរោងជើង,Samraong Cheung,DPHI (GPS),HC,Health Center,មណ្ឌលសុខភាព,,NA,None,None,13.3084331367343,104.136091898314,01/01/2006,,Operational,HF_LEVEL;CONTACT_NO
171963,170305,HC ពពេល,HC Popel,17,សៀមរាប,Siemreap,1711,សូទ្រនិគម,Soutr Nikom,1703,សូទ្រនិគម,Sot Nikum,171108,ពពេល,Popel,17110801,ព្រៃលាន,Prey Lean,DPHI (GPS),HC,Health Center,មណ្ឌលសុខភាព,,NA,None,None,13.3291367761562,104.138474594044,01/01/2006,,Operational,HF_LEVEL;CONTACT_NO
394453,170306,HC ចាន់ស,HC Chan Sar,17,សៀមរាប,Siemreap,1711,សូទ្រនិគម,Soutr Nikom,1703,សូទ្រនិគម,Sot Nikum,171101,ចាន់ស,Chan Sa,17110114,ថ្នល់,Thnal,DPHI (GPS),HC,Health Center,មណ្ឌលសុខភាព,,NA,None,None,13.3570484593963,104.087668131161,01/01/2006,,Operational,HF_LEVEL;CONTACT_NO
865427,170307,HC ដានរុន,HC Dan Run,17,សៀមរាប,Siemreap,1711,សូទ្រនិគម,Soutr Nikom,1703,សូទ្រនិគម,Sot Nikum,171103,ដានរុន,Dan Run,17110305,រុនខាងត្បូង,Run Khang Tboung,DPHI (GPS),HC,Health Center,មណ្ឌលសុខភាព,,NA,None,None,13.2163699604757,104.12380208758,01/01/2006,,Operational,HF_LEVEL;CONTACT_NO
090468,170308,HC កៀនសង្កែ,HC Kien Sangkae,17,សៀមរាប,Siemreap,1711,សូទ្រនិគម,Soutr Nikom,1703,សូទ្រនិគម,Sot Nikum,171105,កៀនសង្កែ,Kien Sangkae,17110505,ជ្រៃខាងជើង,Chrey Khang Cheung,DPHI (GPS),HC,Health Center,មណ្ឌលសុខភាព,,NA,None,None,13.2323465917618,104.156297839935,01/01/2006,,Operational,HF_LEVEL;CONTACT_NO
359285,170309,HC កំពង់ឃ្លាំង,HC Kampong Khlaing,17,សៀមរាប,Siemreap,1711,សូទ្រនិគម,Soutr Nikom,1703,សូទ្រនិគម,Sot Nikum,171104,កំពង់ឃ្លាំង,Kampong Khleang,17110404,ផ្សារឃ្លាំង,Phsar Khleang,DPHI (GPS),HC,Health Center,មណ្ឌលសុខភាព,,NA,None,None,13.10352186,104.1300474,01/01/2006,,Operational,HF_LEVEL;CONTACT_NO
770924,170310,HC ស្វាយលើ,HC Svay Leu,17,សៀមរាប,Siemreap,1713,ស្វាយលើ,Svay Leu,1703,សូទ្រនិគម,Sot Nikum,171304,ស្វាយលើ,Svay Leu,17130401,ជប់លើ,Chob Leu,DPHI (GPS),HC,Health Center,មណ្ឌលសុខភាព,,NA,None,None,13.5490399510885,104.242561814711,01/01/2006,,Operational,HF_LEVEL;CONTACT_NO
113354,170311,HC កំពង់ក្តី,HC Kampong Kdei,17,សៀមរាប,Siemreap,1704,ជីក្រែង,Chi Kraeng,1703,សូទ្រនិគម,Sot Nikum,170403,កំពង់ក្ដី,Kampong Kdei,17040311,កំពង់ក្ដី២,Kampong Kdei Pir,DPHI (GPS),HC,Health Center with beds,មណ្ឌលសុខភាពមានគ្រែ,,NA,None,None,13.123842627136,104.340924180366,01/01/2006,,Operational,HF_LEVEL;CONTACT_NO
777624,170312,HC ស្ពានត្នោត,HC Spean Tnaot,17,សៀមរាប,Siemreap,1704,ជីក្រែង,Chi Kraeng,1703,សូទ្រនិគម,Sot Nikum,170412,ស្ពានត្នោត,Spean Tnaot,17041202,ស្ពានត្នោត២,Spean Tnaot Pir,DPHI (GPS),HC,Health Center,មណ្ឌលសុខភាព,,NA,None,None,13.089959702933,104.398706524963,01/01/2006,,Operational,HF_LEVEL;CONTACT_NO
717570,170313,HC ល្វែងឬស្សី,HC Lveng Russei,17,សៀមរាប,Siemreap,1704,ជីក្រែង,Chi Kraeng,1703,សូទ្រនិគម,Sot Nikum,170407,ល្វែងឫស្សី,Lveaeng Ruessei,17040704,ថ្នល់,Thnal,DPHI (GPS),HC,Health Center,មណ្ឌលសុខភាព,,NA,None,None,13.0683252712969,104.437280858474,01/01/2006,,Operational,HF_LEVEL;CONTACT_NO
247564,170314,HC គោកធ្លកក្រោម,HC Kok Thlok Kraum,17,សៀមរាប,Siemreap,1704,ជីក្រែង,Chi Kraeng,1703,សូទ្រនិគម,Sot Nikum,170405,គោកធ្លកក្រោម,Kouk Thlok Kraom,17040510,ថ្នល់តាសិត,Thnal Ta Set,DPHI (GPS),HC,Health Center,មណ្ឌលសុខភាព,,NA,None,None,13.1489128400162,104.289979028413,01/01/2006,,Operational,HF_LEVEL;CONTACT_NO
909179,170315,HC អន្លង់សំណរ,HC Anlong Samnar,17,សៀមរាប,Siemreap,1704,ជីក្រែង,Chi Kraeng,1703,សូទ្រនិគម,Sot Nikum,170401,អន្លង់សំណរ,Anlong Samnar,17040107,អន្លង់សំណរ,Anlong Samnar,DPHI (GPS),HC,Health Center,មណ្ឌលសុខភាព,,NA,None,None,13.0691784572911,104.290246324963,01/01/2006,,Operational,HF_LEVEL;CONTACT_NO
330431,170316,HC សង្វើយ,HC Sangveuy,17,សៀមរាប,Siemreap,1704,ជីក្រែង,Chi Kraeng,1703,សូទ្រនិគម,Sot Nikum,170411,សង្វើយ,Sangvaeuy,17041103,ចក,Chak,DPHI (GPS),HC,Health Center,មណ្ឌលសុខភាព,,NA,None,None,13.1939463357901,104.222844187119,01/01/2006,,Operational,HF_LEVEL;CONTACT_NO
359396,170317,HC ពង្រក្រោម,HC Pongro Kraum,17,សៀមរាប,Siemreap,1704,ជីក្រែង,Chi Kraeng,1703,សូទ្រនិគម,Sot Nikum,170408,ពង្រក្រោម,Pongro Kraom,17040802,ពង្រ១,Pongro Muoy,DPHI (GPS),HC,Health Center,មណ្ឌលសុខភាព,,NA,None,None,13.1850733873438,104.37944618291,01/01/2006,,Operational,HF_LEVEL;CONTACT_NO
184555,170318,HC ខ្វាវ,HC Khvav,17,សៀមរាប,Siemreap,1704,ជីក្រែង,Chi Kraeng,1703,សូទ្រនិគម,Sot Nikum,170404,ខ្វាវ,Khvav,17040402,ខ្វាវ,Khvav,DPHI (GPS),HC,Health Center,មណ្ឌលសុខភាព,,NA,None,None,13.40810002,104.4843137,01/01/2006,,Operational,HF_LEVEL;CONTACT_NO
707183,170319,HC ឬស្សីលក,HC Reusseilok,17,សៀមរាប,Siemreap,1704,ជីក្រែង,Chi Kraeng,1703,សូទ្រនិគម,Sot Nikum,170410,ឫស្សីលក,Ruessei Lok,17041005,ឫស្សីលក,Ruessei Lok,DPHI (GPS),HC,Health Center,មណ្ឌលសុខភាព,,NA,None,None,13.2143574295613,104.219281532481,01/01/2006,,Operational,HF_LEVEL;CONTACT_NO
173242,170320,HC គោកធ្លកលើ,HC Kokthlok Leu,17,សៀមរាប,Siemreap,1704,ជីក្រែង,Chi Kraeng,1703,សូទ្រនិគម,Sot Nikum,170406,គោកធ្លកលើ,Kouk Thlok Leu,17040605,គោកធ្លក,Kouk Thlok,DPHI (GPS),HC,Health Center,មណ្ឌលសុខភាព,,NA,None,None,13.1978859110428,104.343190777726,01/01/2006,,Operational,HF_LEVEL;CONTACT_NO
169668,170321,HC តាយ៉ែក,HC Ta Yek,17,សៀមរាប,Siemreap,1711,សូទ្រនិគម,Soutr Nikom,1703,សូទ្រនិគម,Sot Nikum,171110,តាយ៉ែក,Ta Yaek,17111009,តាយ៉ែក,Ta Yaek,DPHI (GPS),HC,Health Center,មណ្ឌលសុខភាព,,NA,None,None,13.2963727216113,104.169741687407,01/01/2006,,Operational,HF_LEVEL;CONTACT_NO
969861,170322,HC ជីក្រែង,HC Chikreng,17,សៀមរាប,Siemreap,1704,ជីក្រែង,Chi Kraeng,1703,សូទ្រនិគម,Sot Nikum,170402,ជីក្រែង,Chi Kraeng,17040204,ព្រីង,Pring,DPHI (GPS),HC,Health Center,មណ្ឌលសុខភាព,,NA,None,None,13.0880077852543,104.306078623267,01/01/2006,,Operational,HF_LEVEL;CONTACT_NO
192260,170323,HC ខ្នងភ្នំ,HC Khnang Phnom,17,សៀមរាប,Siemreap,1713,ស្វាយលើ,Svay Leu,1703,សូទ្រនិគម,Sot Nikum,171303,ខ្នងភ្នំ,Khnang Phnum,17130305,អន្លង់ធំ,Anlong Thum,DPHI (GPS),HC,Health Center,មណ្ឌលសុខភាព,,NA,None,None,13.5385646002096,104.170306925961,01/01/2006,,Operational,HF_LEVEL;CONTACT_NO
444785,170324,HC ពង្រលើ,HC Pong Ro Leu,17,សៀមរាប,Siemreap,1704,ជីក្រែង,Chi Kraeng,1703,សូទ្រនិគម,Sot Nikum,170409,ពង្រលើ,Pongro Leu,17040904,ក្បាលដំរី,Kbal Damrei,DPHI (GPS),HC,Health Center,មណ្ឌលសុខភាព,,NA,None,None,13.2561613961985,104.394258035873,01/01/2006,,Operational,HF_LEVEL;CONTACT_NO
100935,170325,HC កន្ទួត,HC Kantout,17,សៀមរាប,Siemreap,1713,ស្វាយលើ,Svay Leu,1703,សូទ្រនិគម,Sot Nikum,171302,កន្ទួត,Kantuot,17130202,ខ្នារក្រៅ,Khnar Krau,DPHI (GPS),HC,Health Center,មណ្ឌលសុខភាព,,NA,None,None,13.7204921567928,104.142079596876,01/03/2013,,Operational,HF_LEVEL;CONTACT_NO
907498,170326,HC ខ្នាពោធិ,HC Khna Po,17,សៀមរាប,Siemreap,1711,សូទ្រនិគម,Soutr Nikom,1703,សូទ្រនិគម,Sot Nikum,171107,ខ្នារពោធិ៍,Khnar Pou,17110702,បុស្ស,Bos,DPHI (GPS),HC,Health Center,មណ្ឌលសុខភាព,,NA,None,None,13.386021,104.069425,01/07/2014,,Operational,HF_LEVEL;CONTACT_NO
118168,170401,RH មន្ទីរពេទ្យបង្អែកអង្គរជុំ,RH Angkor Chum,17,សៀមរាប,Siemreap,1701,អង្គរជុំ,Angkor Chum,1704,អង្គរជុំ,Angkor Chhum,170101,ចារឈូក,Char Chhuk,17010106,ក្បាលចាម,Kbal Cham,DPHI (GPS),RH,Referral Hospital,មន្ទីរពេទ្យបង្អែកស្រុក,,NA,None,None,13.685486,103.646542,01/01/2016,,Operational,HF_LEVEL;CONTACT_NO
267781,170408,HC អង្គរជុំ,HC Angkor Chhum,17,សៀមរាប,Siemreap,1701,អង្គរជុំ,Angkor Chum,1704,អង្គរជុំ,Angkor Chhum,170101,ចារឈូក,Char Chhuk,17010106,ក្បាលចាម,Kbal Cham,DPHI (GPS),HC,Health Center,មណ្ឌលសុខភាព,,NA,None,None,13.68363828,103.6502489,01/01/2006,,Operational,HF_LEVEL;CONTACT_NO
196255,170409,HC ដូនកែវ,HC Donkeo,17,សៀមរាប,Siemreap,1707,ពួក,Puok,1704,អង្គរជុំ,Angkor Chhum,170702,ដូនកែវ,Doun Kaev,17070201,គោកព្នៅ,Kouk Pnov,DPHI (GPS),HC,Health Center,មណ្ឌលសុខភាព,,NA,None,None,13.476570049384,103.752542977318,01/01/2006,,Operational,HF_LEVEL;CONTACT_NO
868748,170410,RH មន្ទីរពេទ្យបង្អែក​ពួក,RH Puok,17,សៀមរាប,Siemreap,1707,ពួក,Puok,1704,អង្គរជុំ,Angkor Chhum,170710,ពួក,Puok,17071008,គោកថ្មី,Kouk Thmei,DPHI (GPS),RH,Referral Hospital,មន្ទីរពេទ្យបង្អែកស្រុក,,NA,None,None,13.4424483912452,103.726113365015,01/10/2016,,Operational,HF_LEVEL;CONTACT_NO
203183,170411,HC សសរស្តម្ភ,HC Sasarsdam,17,សៀមរាប,Siemreap,1707,ពួក,Puok,1704,អង្គរជុំ,Angkor Chhum,170701,សសរស្ដម្ភ,Sasar Sdam,17070107,គោកព្នៅ,Kouk Pnov,DPHI (GPS),HC,Health Center,មណ្ឌលសុខភាព,,NA,None,None,13.5015511447732,103.614097653284,01/01/2006,,Operational,HF_LEVEL;CONTACT_NO
970100,170412,HC រើល,HC Reul,17,សៀមរាប,Siemreap,1707,ពួក,Puok,1704,អង្គរជុំ,Angkor Chhum,170712,រើល,Reul,17071203,រើល,Reul,DPHI (GPS),HC,Health Center,មណ្ឌលសុខភាព,,NA,None,None,13.5390680997842,103.731408524093,01/01/2006,,Operational,HF_LEVEL;CONTACT_NO
051354,170413,HC ទឹកវិល,HC Toek Vil,17,សៀមរាប,Siemreap,1710,សៀមរាប,Siem Reap,1702,សៀមរាប,Siem Reap,171013,ទឹកវិល,Tuek Vil,17101309,ប្រីយ៍ថ្មី,Prei Thmei,DPHI (GPS),HC,Health Center,មណ្ឌលសុខភាព,,NA,None,None,13.3998709798603,103.795749532969,01/01/2011,,Operational,HF_LEVEL;CONTACT_NO
543733,170414,HC សំរោងយា,HC Samrong Year,17,សៀមរាប,Siemreap,1707,ពួក,Puok,1704,អង្គរជុំ,Angkor Chhum,170704,កែវពណ៌,Kaev Poar,17070405,គោកឫស្សី,Kouk Ruessei,DPHI (GPS),HC,Health Center,មណ្ឌលសុខភាព,,NA,None,None,13.393530146207,103.735431322008,01/01/2006,,Operational,HF_LEVEL;CONTACT_NO
258395,170416,HC ចារឈូក,HC Char Chhouk,17,សៀមរាប,Siemreap,1701,អង្គរជុំ,Angkor Chum,1704,អង្គរជុំ,Angkor Chhum,170101,ចារឈូក,Char Chhuk,17010115,មាជា,Mea Chea,DPHI (GPS),HC,Health Center,មណ្ឌលសុខភាព,,NA,None,None,13.6457648183767,103.625180383169,01/01/2006,,Operational,HF_LEVEL;CONTACT_NO
383347,170417,HC នគរភាស,HC Norkor Pheas,17,សៀមរាប,Siemreap,1701,អង្គរជុំ,Angkor Chum,1704,អង្គរជុំ,Angkor Chhum,170105,នគរភាស,Nokor Pheas,17010505,ទន្លេស,Tonle Sa,DPHI (GPS),HC,Health Center,មណ្ឌលសុខភាព,,NA,None,None,13.6390711416612,103.696384854546,01/01/2006,,Operational,HF_LEVEL;CONTACT_NO
991880,170418,HC គោកដូង,HC Kork Daung,17,សៀមរាប,Siemreap,1701,អង្គរជុំ,Angkor Chum,1704,អង្គរជុំ,Angkor Chhum,170103,គោកដូង,Kouk Doung,17010303,គោកដូងថ្មី,Kouk Doung Thmei,DPHI (GPS),HC,Health Center,មណ្ឌលសុខភាព,,NA,None,None,13.678528976024,103.766705099707,01/01/2006,,Operational,HF_LEVEL;CONTACT_NO
493902,170419,HC បត់,HC Bat,17,សៀមរាប,Siemreap,1701,អង្គរជុំ,Angkor Chum,1704,អង្គរជុំ,Angkor Chhum,170102,ដូនពេង,Doun Peng,17010202,បត់,Bat,DPHI (GPS),HC,Health Center,មណ្ឌលសុខភាព,,NA,None,None,13.734164205041,103.668344901807,01/01/2006,,Operational,HF_LEVEL;CONTACT_NO
899628,170420,HC វ៉ារិន,HC Varin,17,សៀមរាប,Siemreap,1714,វ៉ារិន,Varin,1704,អង្គរជុំ,Angkor Chhum,171405,វ៉ារិន,Varin,17140503,វ៉ារិន,Varin,DPHI (GPS),HC,Health Center,មណ្ឌលសុខភាព,,NA,None,None,13.8697076305885,103.834932995431,01/01/2006,,Operational,HF_LEVEL;CONTACT_NO
133807,170421,HC ស្វាយស,HC Svay Sar,17,សៀមរាប,Siemreap,1714,វ៉ារិន,Varin,1704,អង្គរជុំ,Angkor Chhum,171404,ស្វាយ ស,Svay Sa,17140403,ឫស្សីធំ,Ruessei Thum,DPHI (GPS),HC,Health Center,មណ្ឌលសុខភាព,,NA,None,None,13.7937671729375,103.751452326562,01/01/2006,,Operational,HF_LEVEL;CONTACT_NO
539740,170422,HC ដំណាក់ស្លាញ,HC Damnak Slanh,17,សៀមរាប,Siemreap,1707,ពួក,Puok,1704,អង្គរជុំ,Angkor Chhum,170701,សសរស្ដម្ភ,Sasar Sdam,17070111,ដំណាក់ស្លាញ,Damnak Slanh,DPHI (GPS),HC,Health Center,មណ្ឌលសុខភាព,,NA,None,None,13.4843932911406,103.665997167752,01/01/2006,,Operational,HF_LEVEL;CONTACT_NO
352377,170423,HC ក្របីរៀល,HC Krabei Riel,17,សៀមរាប,Siemreap,1710,សៀមរាប,Siem Reap,1702,សៀមរាប,Siem Reap,171012,ក្របីរៀល,Krabei Riel,17101202,រកា,Roka,DPHI (GPS),HC,Health Center,មណ្ឌលសុខភាព,,NA,None,None,13.3752710389881,103.789661236625,01/01/2011,,Operational,HF_LEVEL;CONTACT_NO
903765,170424,HC ស្រែណូយ,HC Srenoy,17,សៀមរាប,Siemreap,1714,វ៉ារិន,Varin,1704,អង្គរជុំ,Angkor Chhum,171403,ស្រែណូយ,Srae Nouy,17140306,វត្ដ,Voat,DPHI (GPS),HC,Health Center,មណ្ឌលសុខភាព,,NA,None,None,13.8039707588928,104.030006796369,01/01/2006,,Operational,HF_LEVEL;CONTACT_NO
717610,170425,HC ស្រែខ្វាវ,HC Sre Kavav,17,សៀមរាប,Siemreap,1701,អង្គរជុំ,Angkor Chum,1704,អង្គរជុំ,Angkor Chhum,170106,ស្រែខ្វាវ,Srae Khvav,17010603,ស្រែខ្វាវ,Srae Khvav,DPHI (GPS),HC,Health Center,មណ្ឌលសុខភាព,,NA,None,None,13.7741330800252,103.674486188005,01/01/2006,,Operational,HF_LEVEL;CONTACT_NO
174623,170426,HC ត្រីញ័រ,HC Trey Nhor,17,សៀមរាប,Siemreap,1707,ពួក,Puok,1704,អង្គរជុំ,Angkor Chhum,170715,ត្រីញ័រ,Trei Nhoar,17071505,ធិបតី,Thipakdei,DPHI (GPS),HC,Health Center,មណ្ឌលសុខភាព,,NA,None,None,13.5721671310185,103.701050019611,01/04/2011,,Operational,HF_LEVEL;CONTACT_NO
160231,170427,HC យាង,HC Yeang,17,សៀមរាប,Siemreap,1707,ពួក,Puok,1704,អង្គរជុំ,Angkor Chhum,170716,យាង,Yeang,17071603,យាង,Yeang,Siem Reap (GPS),HC,Health Center,មណ្ឌលសុខភាព,,NA,None,None,13.5493597214895,103.610993668367,12/04/2012,,Operational,HF_LEVEL;CONTACT_NO
438745,170428,HC ខ្នាត,HC Khnat,17,សៀមរាប,Siemreap,1707,ពួក,Puok,1704,អង្គរជុំ,Angkor Chhum,170705,ខ្នាត,Khnat,17070507,ជ្រលង,Chrolong,DPHI (GPS),HC,Health Center,មណ្ឌលសុខភាព,,NA,None,None,13.3970838050593,103.754586347195,01/02/2013,,Operational,HF_LEVEL;CONTACT_NO
543181,170429,HC គោល,HC Kol,17,សៀមរាប,Siemreap,1701,អង្គរជុំ,Angkor Chum,1704,អង្គរជុំ,Angkor Chhum,170104,គោល,Koul,17010401,ខ្វាវ,Khvav,DPHI (GPS),HC,Health Center,មណ្ឌលសុខភាព,,NA,None,None,13.7265791961844,103.628404120262,12/04/2012,,Operational,HF_LEVEL;CONTACT_NO
300280,170430,HC ល្វាក្រាំង,HC Lovea Krang,17,សៀមរាប,Siemreap,1714,វ៉ារិន,Varin,1704,អង្គរជុំ,Angkor Chhum,171402,ល្វាក្រាំង,Lovea Krang,17140202,ឧទ័យ,U Tey,DPHI (GPS),HC,Health Center,មណ្ឌលសុខភាព,,NA,None,None,13.8445516765862,103.892097503625,01/01/2013,,Operational,HF_LEVEL;CONTACT_NO
671011,170431,HC តាសោម,HC Tasaom,17,សៀមរាប,Siemreap,1701,អង្គរជុំ,Angkor Chum,1704,អង្គរជុំ,Angkor Chhum,170107,តាសោម,Tasaom,17010704,គោកចាន់,Kouk Chan,DPHI (GPS),HC,Health Center,មណ្ឌលសុខភាព,,NA,None,None,13.6672343180193,103.670417366078,01/04/2019,,Operational,HF_LEVEL;CONTACT_NO
406203,1702018,HC អំពិល,HC Ampil,17,សៀមរាប,Siemreap,1709,ប្រាសាទបាគង,Prasat Bakong,1702,សៀមរាប,Siem Reap,170910,អំពិល,Ampil,17091007,បង្កោង,Bangkaong,DPHI (GPS),HC,Health Center,មណ្ឌលសុខភាព,,NA,None,None,13.4063967113036,103.988757835049,01/04/2010,,Operational,HF_LEVEL;CONTACT_NO
260764,1702019,HC រុនតាឯក,HC Ron Ta Eak,17,សៀមរាប,Siemreap,1703,បន្ទាយស្រី,Banteay Srei,1702,សៀមរាប,Siem Reap,170305,រុនតាឯក,Run Ta Aek,17030504,រុន,Run,DPHI (GPS),HC,Health Center,មណ្ឌលសុខភាព,,NA,None,None,13.46564196,103.9982223,01/04/2016,,Operational,HF_LEVEL;CONTACT_NO
437188,1702020,HC សៀងណាំកំពង់ភ្លុក,HC Seang Nam Kampong Pluk,17,សៀមរាប,Siemreap,1710,សៀមរាប,Siem Reap,1702,សៀមរាប,Siem Reap,000000,,,00000000,,,DPHI (GPS),HC,Health Center,មណ្ឌលសុខភាព,,NA,NA,NA,13.2180980428631,103.974567883861,01/07/2022,,Operational,HF_LEVEL;CONTACT_NO
995402,17041101,HC ពោធិទ្រាយ,HC Po Treay,17,សៀមរាប,Siemreap,1707,ពួក,Puok,1704,អង្គរជុំ,Angkor Chhum,170709,ពោធិទ្រាយ,Po Treay,17070902,ទ្រាយ,Treay,DPHI (GPS),HC,Health Center,មណ្ឌលសុខភាព,,NA,None,None,13.344394817804,103.529105567421,01/02/2013,,Operational,HF_LEVEL;CONTACT_NO
138039,NA,HP ស្នារតេជោ,HP Snadecho,17,សៀមរាប,Siemreap,1709,ប្រាសាទបាគង,Prasat Bakong,1702,សៀមរាប,Siem Reap,170903,បល្ល័ង្ក,Ballangk,17090303,ស្នារសង្រ្គាម,Shnar Sangkream,DPHI (GPS),HP,Health Post,ប៉ុស្តិ៍សុខភាព,,NA,None,None,13.4439297427367,104.046089793559,NA,,Operational,HF_CODE;HF_LEVEL;CONTACT_NO;START_DATE
033986,NA,HP ពន្ធនាគារ,HP Puntheaneakea,17,សៀមរាប,Siemreap,1710,សៀមរាប,Siem Reap,1702,សៀមរាប,Siem Reap,171006,ជ្រាវ,Chreav,17100603,បុស្សក្រឡាញ់,Bos Kralanh,DPHI (GPS),HP,Health Post,ប៉ុស្តិ៍សុខភាព,,NA,None,None,13.3109036871814,104.018102057585,NA,,Operational,HF_CODE;HF_LEVEL;CONTACT_NO;START_DATE
506215,NA,RH ប៊ុន រ៉ានី ហ៊ុន សែន រុនតាឯក,RH Bun Rany Hun Sen Run ta ek,17,សៀមរាប,Siemreap,1710,បន្ទាយស្រី,Banteaysrey,1702,សៀមរាប,Siem Reap,170306,ត្បែង,Tbaeng,17030602,តានី,Tany,DPHI (GPS),RH,Referral Hospital,មន្ទីរពេទ្យបង្អែកស្រុក,,NA,None,None,13.4888317209476,104.018488292277,NA,,Operational,HF_CODE;HF_LEVEL;CONTACT_NO;START_DATE
136217,180101,PH មន្ទីរពេទ្យខេត្តព្រះសីហនុ,PH Preah Sihanouk,18,ព្រះសីហនុ,Preah Sihanouk,1801,ព្រះសីហនុ,Preah Sihanouk,1801,ព្រះសីហនុ,Preah Sihanouk,180104,សង្កាត់ ៤,Buon,18010404,ភូមិ៤,Phum Buon,DPHI (GPS),PH,Provincial hospital,មន្ទីរពេទ្យខេត្ត,,សេង ណុង,855 12833435,None,10.6125328902743,103.528648346023,01/01/2006,https://maps.app.goo.gl/hz4bruWWp4tZciyx6,Operational,HF_LEVEL
050347,180102,HC ស្ទឹងហាវ,HC Steung Hav,18,ព្រះសីហនុ,Preah Sihanouk,1803,ស្ទឹងហាវ,Stueng Hav,1801,ព្រះសីហនុ,Preah Sihanouk,180302,អូរត្រេះ,Ou Treh,18030203,ភូមិ៣,Phum Bei,DPHI (GPS),HC,Health Center,មណ្ឌលសុខភាព,,អ៊ុច ដា,855 11799720,None,10.7309515636791,103.624896176506,01/01/2006,https://maps.app.goo.gl/2LJTDTfKXJkSnMhp9,Operational,HF_LEVEL
358029,180103,HC ទឹកល្អក់,HC Tuek L'ak,18,ព្រះសីហនុ,Preah Sihanouk,1802,ព្រៃនប់,Prey Nob,1801,ព្រះសីហនុ,Preah Sihanouk,180211,ទឹកល្អក់,Tuek L'ak,18021101,ទួល,Tuol,DPHI (GPS),HC,Health Center,មណ្ឌលសុខភាព,,គៀត អូន,855 78942163,None,10.7092389801811,103.891709999665,01/01/2006,https://maps.app.goo.gl/iMA1RyZGBrLb32pN9,Operational,HF_LEVEL
032972,,HP ព្រែកក្រាញ់,HP Preaek Kranh,18,ព្រះសីហនុ,Preah Sihanouk,1802,ព្រៃនប់,Prey Nob,1801,ព្រះសីហនុ,Preah Sihanouk,180209,សាមគ្គី,Sameakki,18020903,ព្រែកក្រាញ់,Preaek Kranh,DPHI (GPS),HP,Health Post,ប៉ុស្តិ៍សុខភាព,,ស៊ី វាសនា,855 93665545,None,10.76554,103.85754,N/A,https://maps.app.goo.gl/xrUCoTFM43tckn5f6,Operational,HF_CODE;HF_LEVEL;START_DATE
872643,180104,HC វាលរេញ,HC Veal Rinh,18,ព្រះសីហនុ,Preah Sihanouk,1802,ព្រៃនប់,Prey Nob,1801,ព្រះសីហនុ,Preah Sihanouk,180214,វាលរេញ,Veal Renh,18021402,វាលមាស,Veal Meas,DPHI (GPS),HC,Health Center,មណ្ឌលសុខភាព,,ឈុន សង្វាន,855 16269744,None,10.7090699933242,103.818970495023,01/01/2006,https://maps.app.goo.gl/3kj85BmGVvFWxR1d9,Operational,HF_LEVEL
080497,180105,HC អណ្តូងថ្ម,HC Andaung Thma,18,ព្រះសីហនុ,Preah Sihanouk,1802,ព្រៃនប់,Prey Nob,1801,ព្រះសីហនុ,Preah Sihanouk,180201,អណ្តូងថ្ម,Andoung Thma,18020105,ត្រពាំងស្អុយទី២,Trapeang S'oy Ti Pir,DPHI (GPS),HC,Health Center,មណ្ឌលសុខភាព,,ម៉ក់ ម៉ារ៉ា,855 15454562,None,10.6626467946125,103.791557024013,01/01/2006,https://maps.app.goo.gl/wsb6MKnGre6gsY8p8,Operational,HF_LEVEL
463266,180106,HC អូរឧកញ្ញ៉ាហេង,HC O Oknha Heng,18,ព្រះសីហនុ,Preah Sihanouk,1806,កំពង់សោម,Kampong Saom,1801,ព្រះសីហនុ,Preah Sihanouk,180604,អូរឧកញ៉ាហេង,Ou Oknha Heng,18060402,បត់គគីរ,Bat Kokir,DPHI (GPS),HC,Health Center,មណ្ឌលសុខភាព,,សេង រដ្ឋា,855 962289222,None,10.5870626545013,103.762664753604,01/01/2006,https://maps.app.goo.gl/MTKnfjbGRKRx9xxaA,Operational,HF_LEVEL
339024,180107,HC អូរជ្រៅ,HC O Chrov,18,ព្រះសីហនុ,Preah Sihanouk,1806,កំពង់សោម,Kampong Saom,1801,ព្រះសីហនុ,Preah Sihanouk,180603,អូរជ្រៅ,Ou Chrov,18060302,អូរជ្រៅ,Ou Chrov,DPHI (GPS),HC,Health Center,មណ្ឌលសុខភាព,,ម៉ាត់ រ៉មលី,855 16499194,None,10.5624104518775,103.781174435934,01/01/2006,https://maps.app.goo.gl/WGyUaiT29Zvh2ELf6,Operational,HF_LEVEL
077795,180108,HC រាម,HC Ream,18,ព្រះសីហនុ,Preah Sihanouk,1806,កំពង់សោម,Kampong Saom,1801,ព្រះសីហនុ,Preah Sihanouk,180605,រាម,Ream,18060502,រាម,Ream,DPHI (GPS),HC,Health Center,មណ្ឌលសុខភាព,,ឈួន ពិដោសណ្តាប់,855 16625011,None,10.5858104836543,103.64845680268,01/01/2006,https://maps.app.goo.gl/gTmjmZ4GzKxoMJ2Y6,Operational,HF_LEVEL
305534,180109,HC សង្កាត់ លេខ១,HC Sangkat Lek Mouy,18,ព្រះសីហនុ,Preah Sihanouk,1801,ព្រះសីហនុ,Preah Sihanouk,1801,ព្រះសីហនុ,Preah Sihanouk,180101,សង្កាត់លេខ ១,lek Muoy,18010103,ភូមិ៣,Phum Bei,DPHI (GPS),HC,Health Center,មណ្ឌលសុខភាព,,សឹង សំណាង,855 12898235,None,10.6352667764886,103.533585640644,01/01/2006,https://maps.app.goo.gl/fExwMWMqjzeqiSJm8,Operational,HF_LEVEL
226882,180110,HC ក្រុងព្រះសីហនុ,HC Sihanouk Ville,18,ព្រះសីហនុ,Preah Sihanouk,1801,ព្រះសីហនុ,Preah Sihanouk,1801,ព្រះសីហនុ,Preah Sihanouk,180104,៤,Buon,18010404,ភូមិ៤,Phum Buon,DPHI (GPS),HC,Health Center,មណ្ឌលសុខភាព,,គី កែវកល្យាណ,855 10579921,None,10.6137282154374,103.528345577631,01/01/2016,https://maps.app.goo.gl/eb3QnTmuhjYQZNdc8,Operational,HF_LEVEL
659431,180111,HC ជើងគោ,HC Cheung Ko,18,ព្រះសីហនុ,Preah Sihanouk,1802,ព្រៃនប់,Prey Nob,1801,ព្រះសីហនុ,Preah Sihanouk,180204,ជើងគោ,Cheung Kou,18020401,ចំការកៅស៊ូ,Chamkar Kausu,DPHI (GPS),HC,Health Center,មណ្ឌលសុខភាព,,ឈុន វិជ្ជរ៉ា,855 16507500,None,10.7344752025686,103.805327572833,01/01/2006,https://maps.app.goo.gl/5VBxj1TKnvU2CE9g7,Operational,HF_LEVEL
515475,180115,HC តក្កវិទ,HC Takkaveth,18,ព្រះសីហនុ,Preah Sihanouk,1803,ស្ទឹងហាវ,Stueng Hav,1801,ព្រះសីហនុ,Preah Sihanouk,180304,កែវផុស,Kaev Phos,18030402,ឫទ្ធី១,Rithy 1,DPHI (GPS),HC,Health Center,មណ្ឌលសុខភាព,,នូច ច័ន្ទដារ៉ា,855 976668528,None,11.0966590905314,103.909556803339,01/01/2006,https://maps.app.goo.gl/veH2WqYeBoHfWKmJ7,Operational,HF_LEVEL
722226,,HP អាយុយឺនយូរអូរបាក់រទេះ,HP Ayu Yern You O Bak Rotes,18,ព្រះសីហនុ,Preah Sihanouk,1804,កំពង់ សិលា,Kampong Seila,1801,ព្រះសីហនុ,Preah Sihanouk,180403,អូរបាក់រទេះ,Ou Bak Roteh,18040302,ស្ទឹងសំរោង,Stueng Samraong,DPHI (GPS),HP,Health Post,ប៉ុស្តិ៍សុខភាព,,កែវ ណី,855 15605958,None,11.1608597836461,103.999928155523,N/A,https://maps.app.goo.gl/PBzTpopVixNaTV328,Operational,HF_CODE;HF_LEVEL;START_DATE
335590,180116,HC ហុ៑នសែន កែវផុស,HC Hun Sen Keo Phos,18,ព្រះសីហនុ,Preah Sihanouk,1804,កំពង់ សិលា,Kampong Seila,1801,ព្រះសីហនុ,Preah Sihanouk,180402,កំពង់សីលា,Kampong Seila,18040201,ចាំស្រី,Cham Srei,DPHI (GPS),HC,Health Center,មណ្ឌលសុខភាព,,ញា សារុំ,855 77773132,None,10.8848756832408,103.713709970704,01/01/2016,https://maps.app.goo.gl/ebzKPntcPc6LYsdGA,Operational,HF_LEVEL
807008,180117,HC ទួលទទឹង,HC Tourl Totung,18,ព្រះសីហនុ,Preah Sihanouk,1802,ព្រៃនប់,Prey Nob,1801,ព្រះសីហនុ,Preah Sihanouk,180213,ទួលទទឹង,Tuol Totueng,18021301,ទួលទទឹងទី១,Tuol Totueng Ti Muoy,DPHI (GPS),HC,Health Center,មណ្ឌលសុខភាព,,គង់ តុលា,855 15398899,None,10.6414316789135,103.786824778447,10/07/2012,https://maps.app.goo.gl/yyhQY6vw9keXrLbY8,Operational,HF_LEVEL
878498,180118,HC ព្រៃនប់,HC Prey Nub,18,ព្រះសីហនុ,Preah Sihanouk,1802,ព្រៃនប់,Prey Nob,1801,ព្រះសីហនុ,Preah Sihanouk,180207,ព្រៃនប់,Prey Nob,18020704,ព្រៃនប់៣,Prey Nob Bei,DPHI (GPS),HC,Health Center,មណ្ឌលសុខភាព,,ម៉េង សុភ័ក្រ្ត,855 16707466,None,10.631514274454,103.783831104683,01/01/2016,https://maps.app.goo.gl/ZNsgLyE5q9XvrNdc6,Operational,HF_LEVEL
221270,180119,HC អូរតាសេក,HC O Tasek,18,ព្រះសីហនុ,Preah Sihanouk,1803,ស្ទឹងហាវ,Stueng Hav,1801,ព្រះសីហនុ,Preah Sihanouk,180303,ទំនប់រលក,Tumnob Rolok,18030301,ភូមិ១,Phum Muoy,DPHI (GPS),HC,Health Center,មណ្ឌលសុខភាព,,អ៊ូ សុខនៅ,855 963819873,None,10.7080836580806,103.700052451417,01/11/2018,https://maps.app.goo.gl/FuVERUDu7fwm5C5aA,Operational,HF_LEVEL
081550,180120,HC ទំនប់រលក,HC Tomnub Rolok,18,ព្រះសីហនុ,Preah Sihanouk,1801,ស្ទឹងហាវ,Stueng Hav,1801,ព្រះសីហនុ,Preah Sihanouk,180303,ទំនប់រលក,Tumnob Rolok,18030302,ភូមិ2,Phum Pir,DPHI (GPS),HC,Health Center,មណ្ឌលសុខភាព,,ហេង ប៉េងសាន្ត,855 16957718,None,10.7429077151657,103.628310705698,N/A,https://maps.app.goo.gl/efq4FQvUHZRgsvrdA,Operational,HF_LEVEL;START_DATE
656349,180121,HC ក្រុងកោះរ៉ុង,HC Krong Koh Rong,18,ព្រះសីហនុ,Preah Sihanouk,1805,កោះរ៉ុង,KohRong,1801,ព្រះសីហនុ,Preah Sihanouk,180502,កោះរ៉ុងសន្លឹម,Koh Rong Sanloem,18050201,កោះតូច,Koh Touch,DPHI (GPS),HC,Health Center,មណ្ឌលសុខភាព,,ហ៊ត​ សុឃាក់,855 15345167,None,10.6833675326368,103.273274766509,N/A,https://maps.app.goo.gl/swWPEi9q9h2wpmtM7,Operational,HF_LEVEL;START_DATE
780145,,HP កោះរ៉ុង,HP Koh Rong,18,ព្រះសីហនុ,Preah Sihanouk,1805,កោះរ៉ុង,KohRong,1801,ព្រះសីហនុ,Preah Sihanouk,180501,កោះរ៉ុង,Koh Rong,18050102,ព្រែកស្វាយ,Preaek Svay,DPHI (GPS),HP,Health Post,ប៉ុស្តិ៍សុខភាព,,បុត្រ តារាវិសាល,855 15814197,None,10.7106459196711,103.309497504514,N/A,https://maps.app.goo.gl/jYzBtNtxGiSLqMJ3A,Operational,HF_CODE;HF_LEVEL;START_DATE
345662,,HP កោះរ៉ុងសន្លឹម,HP Koh Rong Sanloem,18,ព្រះសីហនុ,Preah Sihanouk,1805,កោះរ៉ុង,KohRong,1801,ព្រះសីហនុ,Preah Sihanouk,180502,កោះរ៉ុងសន្លឹម,Koh Rong Sanloem,18050202,កោះរ៉ុងសន្លឹម,Koh Rong Sanloem,DPHI (GPS),HP,Health Post,ប៉ុស្តិ៍សុខភាព,,ប៉ន ស្រីកា,855 89659565,None,10.6175327602793,103.304251519589,N/A,https://maps.app.goo.gl/C1KDLZn4p1BxNWiAA,Operational,HF_CODE;HF_LEVEL;START_DATE
288523,180122,HC ហ៊ុនសែនសន្តិភាព,HC Hun Sen Santepheap,18,ព្រះសីហនុ,Preah Sihanouk,1804,កំពង់ សិលា,Kampong Seila,1801,ព្រះសីហនុ,Preah Sihanouk,180304,កែវផុស,Kaev Phos,18030403,ឫទ្ធី២,Rithy 2,DPHI (GPS),HC,Health Center,មណ្ឌលសុខភាព,,នួន ចាន់ដា,855 98699944,None,10.7685505377737,103.728117178918,N/A,https://maps.app.goo.gl/TVPJvXSgGEW2NuX56,Operational,HF_LEVEL;START_DATE
766309,190101,PH មន្ទីរពេទ្យខេត្តស្ទឹងត្រែង,PH Stung Treng,19,ស្ទឹងត្រែង,Stung Treng,1904,ស្ទឹងត្រែង,Stueng Traeng,1901,ស្ទឹងត្រែង,Steung Treng,190401,ស្ទឹងត្រែង,Stueng Traeng,19040101,ភូមិព្រែក,Pum Preaek,DPHI (GPS),PH,Provincial Hospital,មន្ទីរពេទ្យខេត្ត,,ស៊ុយ សុភាព,855 888908590,None,13.5305894699458,105.968820314969,01/01/2006,,Operational,HF_LEVEL
928492,190102,HC ស្ទឹងត្រែង,HC Steung Treng,19,ស្ទឹងត្រែង,Stung Treng,1904,ស្ទឹងត្រែង,Stueng Traeng,1901,ស្ទឹងត្រែង,Steung Treng,190401,ស្ទឹងត្រែង,Stueng Traeng,19040101,ភូមិព្រែក,Pum Preaek,DPHI (GPS),HC,Health Center,មណ្ឌលសុខភាព,,ឈឿង រ៉ាវី,855 12967781,None,13.5307591891797,105.969350561969,15/01/2006,,Operational,HF_LEVEL
068651,190103,HC សាមគ្គី,HC Samaki,19,ស្ទឹងត្រែង,Stung Treng,1904,ស្ទឹងត្រែង,Stueng Traeng,1901,ស្ទឹងត្រែង,Steung Treng,190404,សាមគ្គី,Sameakki,19040402,ហាងខូសួន,Hang Khou Suon,DPHI (GPS),HC,Health Center,មណ្ឌលសុខភាព,,ខឺម ង៉ែត,855 884711116,None,13.5513512994078,105.982729876033,19/02/2013,,Operational,HF_LEVEL
137504,190104,HC ថាឡាបរិវ៉ាត់,HC Thalaborivat,19,ស្ទឹងត្រែង,Stung Treng,1905,ថាឡាបរិវ៉ាត់,Thala Barivat,1901,ស្ទឹងត្រែង,Steung Treng,190511,ថាឡាបរិវ៉ាត់,Thala Barivat,19051101,ថាឡាបរិវ៉ាត់,Thala Barivat,DPHI (GPS),HC,Health Center,មណ្ឌលសុខភាព,,និន សូរិយា,855 974738919,None,13.5502497299474,105.952381883585,01/01/2006,,Operational,HF_LEVEL
940251,190105,HC ព្រះរំកិល,HC Preah Rumkel,19,ស្ទឹងត្រែង,Stung Treng,1905,ថាឡាបរិវ៉ាត់,Thala Barivat,1901,ស្ទឹងត្រែង,Steung Treng,190508,ព្រះរំកិល,Preah Rumkel,19050802,កណ្ដាល,Kandal,DPHI (GPS),HC,Health Center,មណ្ឌលសុខភាព,,សៅ សារ៉ែត,855 12532256,None,13.8973261041332,105.964317072371,01/01/2006,,Operational,HF_LEVEL
643984,190106,HC ចំការលើ,HC Chamkar Leu,19,ស្ទឹងត្រែង,Stung Treng,1905,ថាឡាបរិវ៉ាត់,Thala Barivat,1901,ស្ទឹងត្រែង,Steung Treng,190502,ចំការលើ,Chamkar Leu,19050202,ចំការលើ,Chamkar Leu,DPHI (GPS),HC,Health Center,មណ្ឌលសុខភាព,,យ៊ីន ង៉ែត,855 92​ 463507,None,13.5142238995964,105.734988244143,01/01/2006,,Operational,HF_LEVEL
228889,190107,HC សៀមប៉ាង,HC Siem Pang,19,ស្ទឹងត្រែង,Stung Treng,1903,សៀមប៉ាង,Siem Pang,1901,ស្ទឹងត្រែង,Steung Treng,190305,ថ្មកែវ,Tma Kaev,19030502,ផាបាំង,Pha Bang,DPHI (GPS),HC,Health Center with beds,មណ្ឌលសុខភាពមានគ្រែ,,អ៊ុច សារឿន,855 979726097,None,14.123828428898,106.39261322576,01/01/2006,,Operational,HF_LEVEL
672771,190108,HC កំភុន,HC Kamphun,19,ស្ទឹងត្រែង,Stung Treng,1901,សេសាន,Sesan,1901,ស្ទឹងត្រែង,Steung Treng,190101,កំភុន,Kamphun,19010102,បានម៉ៃ,Ban Mai,DPHI (GPS),HC,Health Center,មណ្ឌលសុខភាព,,សែន ស៊ូធ្នូ,855 12586447,None,13.549675317512,106.085069229407,01/01/2006,,Operational,HF_LEVEL
638491,190110,HC ស្រែក្រសាំង,HC Sre Krasaing,19,ស្ទឹងត្រែង,Stung Treng,1902,សៀមបូក,Siem Bouk,1901,ស្ទឹងត្រែង,Steung Treng,190207,ស្រែក្រសាំង,Srae Krasang,19020701,ស្រែក្រសាំង,Srae Krasang,DPHI (GPS),HC,Health Center with beds,មណ្ឌលសុខភាពមានគ្រែ,,ឯម ប៊ុនសុំ,855 12257187,None,13.3594363525516,105.960430460057,01/01/2006,,Operational,HF_LEVEL
748024,190113,HC ក្បាលរមាស,HC Kbal Romeas,19,ស្ទឹងត្រែង,Stung Treng,1901,សេសាន,Sesan,1901,ស្ទឹងត្រែង,Steung Treng,190102,ក្បាលរមាស,Kbal Romeas,19010201,ក្បាលរមាស,Kbal Romeas,DPHI (GPS),HC,Health Center,មណ្ឌលសុខភាព,,ភុយ លី,855 976644581,None,13.3827061338344,106.517517525087,15/01/2011,,Operational,HF_LEVEL
431407,190115,HC កោះស្រឡាយ,HC Koh Sralay,19,ស្ទឹងត្រែង,Stung Treng,1902,សៀមបូក,Siem Bouk,1901,ស្ទឹងត្រែង,Steung Treng,190203,កោះស្រឡាយ,Kaoh Sralay,19020302,ស្វាយ,Svay,DPHI (GPS),HC,Health Center,មណ្ឌលសុខភាព,,ថង សារ៉េត,855 978016686,None,13.4408770990721,105.924507744746,01/01/2014,,Operational,HF_LEVEL
846380,190116,HC កោះព្រះ,HC Koh Preah,19,ស្ទឹងត្រែង,Stung Treng,1902,សៀមបូក,Siem Bouk,1901,ស្ទឹងត្រែង,Steung Treng,190201,កោះព្រះ,Kaoh Preah,19020101,កោះព្រះ,Kaoh Preah,DPHI (GPS),HC,Health Center,មណ្ឌលសុខភាព,,យោន មករា,855 977616126,None,13.2998208860875,105.933318045516,01/01/2014,,Operational,HF_LEVEL
035003,190120,HC វាលដេញ,HC Veal Denh,19,ស្ទឹងត្រែង,Stung Treng,1905,ថាឡាបរិវ៉ាត់,Thala Barivat,1901,ស្ទឹងត្រែង,Steung Treng,190505,អន្លង់ជ្រៃ,Anlong Chey,19050501,អន្លង់ជ្រៃ,Anlong Chey,DPHI (GPS),HC,Health Center,មណ្ឌលសុខភាព,,NA,NA,None,13.7698234596929,105.657873158939,01/01/2021,,Operational,HF_LEVEL;CONTACT_NO
391142,190121,HC តាឡាត,HC Ta Lat,19,ស្ទឹងត្រែង,Stung Treng,1901,សេសាន,Sesan,1901,ស្ទឹងត្រែង,Steung Treng,190107,តាឡាត,Ta Lat,19010702,ខ្សាច់ថ្មី,Khsach Thmie,DPHI (GPS),HC,Health Center,មណ្ឌលសុខភាព,,NA,NA,None,13.6139901641485,106.476376157018,01/01/2021,,Operational,HF_LEVEL;CONTACT_NO
492913,190122,HC ត្បូងខ្លា,HC Tboung Klar,19,ស្ទឹងត្រែង,Stung Treng,1902,សៀមបូក,Siem Bouk,1901,ស្ទឹងត្រែង,Steung Treng,190204,អូរម្រា,Ou Mreah,19020402,ត្បូងខ្លា,Tboung Khla,DPHI (GPS),HC,Health Center,មណ្ឌលសុខភាព,,NA,NA,None,13.2533079500465,105.969476587496,01/01/2021,,Operational,HF_LEVEL;CONTACT_NO
710150,190124,HC ស្រែសំបូរ,HC Sre Sambo,19,ស្ទឹងត្រែង,Stung Treng,1903,សៀមប៉ាង,Siem Pang,1901,ស្ទឹងត្រែង,Steung Treng,190304,ស្រែសំបូរ,Srae Sambour,19030401,កញ្ចញគោក,Kanhchanh Kouk,DPHI (GPS),HC,Health Center,មណ្ឌលសុខភាព,,ជួន សំនៀង,855 979760008,None,14.03551974,106.239905,01/01/2016,,Operational,HF_LEVEL
973672,190125,HC ស្រែគរ,HC Sre kor,19,ស្ទឹងត្រែង,Stung Treng,1901,សេសាន,Sesan,1901,ស្ទឹងត្រែង,Steung Treng,190106,ស្រែគរ,Srae Kor,19010601,ស្រែគរ១,Srae Kor Muoy,DPHI (GPS),HC,Health Center,មណ្ឌលសុខភាព,,អ៊ីត លីហៃ,855 717017017,None,13.6420753615215,106.304710405538,01/03/2018,,Operational,HF_LEVEL
603679,190126,HC ស្រែពក,HC Sre pork,19,ស្ទឹងត្រែង,Stung Treng,1901,សេសាន,Sesan,1901,ស្ទឹងត្រែង,Steung Treng,190102,ក្បាលរមាស,Kbal Romeas,19010201,ក្បាលរមាស,Kbal Romeas,DPHI (GPS),HC,Health Center,មណ្ឌលសុខភាព,,ជា សុជាតិ,855 977705220,None,13.382715627721,106.517530822068,01/03/2018,,Operational,HF_LEVEL
337592,190127,HC ព្រះនរោត្តមសីហនុរាជា និងសម្តេចព្រះវររាជមាតានរោត្តមមុនិនាថសីហនុអូរស្វាយ,HC Ou Svay,19,ស្ទឹងត្រែង,Stung Treng,1901,សេសាន,Sesan,1901,ស្ទឹងត្រែង,Steung Treng,000000,,,00000000,,,DPHI (GPS),HC,Health Center,មណ្ឌលសុខភាព,,NA,NA,NA,13.8791595765111,106.009767626317,01/09/2022,,Operational,HF_LEVEL;CONTACT_NO
398982,020101,RH មន្ទីរពេទ្យបង្អែកថ្មគោល,RH Thmar Koul,02,បាត់ដំបង,Battambang,0202,ថ្មគោល,Thma Koul,0201,ថ្មគោល,Thmar Koul,020201,តាពូង,Ta Pung,02020102,ប៉ោយយង់,Paoy Yong,DPHI (GPS),RH,Referral Hospital,មន្ទីរពេទ្យបង្អែកស្រុក,,គង់ ប៉ាក់,855 12701160,None,13.253435747151,103.092524486424,01/01/2006,https://maps.app.goo.gl/RpDRSmn9A6DVExKeA,Operational,HF_LEVEL
965160,020102,HC បន្សាយត្រែង,HC Bansay Traeng,02,បាត់ដំបង,Battambang,0202,ថ្មគោល,Thma Koul,0201,ថ្មគោល,Thmar Koul,020209,បន្សាយត្រែង,Bansay Traeng,02020903,ថ្មី,Thmei,DPHI (GPS),HC,Health Center,មណ្ឌលសុខភាព,,ឆឹម ណារ៉េត,855 92264692,None,13.2650819080256,103.024756497582,01/01/2006,https://maps.app.goo.gl/xmtWKampTM26kBaB7,Operational,HF_LEVEL
377353,020103,HC រូងជ្រៃ,HC Rung Chrey,02,បាត់ដំបង,Battambang,0202,ថ្មគោល,Thma Koul,0201,ថ្មគោល,Thmar Koul,020210,រូងជ្រៃ,Rung Chrey,02021003,គោកខ្ពស់,Kouk Khpos,DPHI (GPS),HC,Health Center,មណ្ឌលសុខភាព,,ហេវ ចិន្តា,855 92264692,None,13.2620865770643,102.984418213514,01/01/2006,https://maps.app.goo.gl/vPNkDBrhrJDh7gwE6?g_st=it,Operational,HF_LEVEL
874325,020104,HC បឹងព្រីង,HC Boeng Pring,02,បាត់ដំបង,Battambang,0202,ថ្មគោល,Thma Koul,0201,ថ្មគោល,Thmar Koul,020207,បឹងព្រីង,Boeng Pring,02020701,បឹងព្រីង,Boeng Pring,DPHI (GPS),HC,Health Center,មណ្ឌលសុខភាព,,រឿន ចន្ថា,855 12389639,None,13.3646331220868,103.035371346403,13/08/2006,https://maps.app.goo.gl/i6GDF9RJ3CXd2nB56,Operational,HF_LEVEL
169353,020105,HC អូរតាគី,HC O Ta Ki,02,បាត់ដំបង,Battambang,0202,ថ្មគោល,Thma Koul,0201,ថ្មគោល,Thmar Koul,020203,អូរតាគី,Ou Ta Ki,02020301,អូរតាគី,Ou Ta Ki,DPHI (GPS),HC,Health Center,មណ្ឌលសុខភាព,,កែវ ចន្ទ័រិទ្ធ,855 12616584,None,13.1444312876567,103.117813331546,01/01/2006,https://maps.app.goo.gl/vbGn4RieRKyPf8A19,Operational,HF_LEVEL
215422,020106,HC អន្លង់រុន,HC Anlong Run,02,បាត់ដំបង,Battambang,0202,ថ្មគោល,Thma Koul,0201,ថ្មគោល,Thmar Koul,020205,អន្លង់រុន,Anlong Run,02020501,ចារ,Char,DPHI (GPS),HC,Health Center,មណ្ឌលសុខភាព,,ស៊ី សាវុធ,855 77265 426,None,13.1696399706652,103.035116048428,01/01/2006,https://maps.app.goo.gl/6YqNFyYM3Lf7SW247,Operational,HF_LEVEL
651068,020107,HC តាពូង,HC Ta Poung,02,បាត់ដំបង,Battambang,0202,ថ្មគោល,Thma Koul,0201,ថ្មគោល,Thmar Koul,020201,តាពូង,Ta Pung,02020103,កសិកម្ម,Kaksekam,DPHI (GPS),HC,Health Center,មណ្ឌលសុខភាព,,ជេត ណារី,855 77967005,None,13.2609949026825,103.089524304393,01/01/2006,https://maps.app.goo.gl/BdLjCYFdiJxSGeGy8,Operational,HF_LEVEL
542284,020108,HC តាម៉ឺន,HC Ta Meun,02,បាត់ដំបង,Battambang,0202,ថ្មគោល,Thma Koul,0201,ថ្មគោល,Thmar Koul,020202,តាម៉ឺន,Ta Meun,02020209,អង់ជើង,Ang Cheung,DPHI (GPS),HC,Health Center,មណ្ឌលសុខភាព,,អាន ឆេង,855 12774926,None,13.2732876914015,103.11661559815,01/01/2006,https://maps.app.goo.gl/T3PoyBe5YxeS94nN7,Operational,HF_LEVEL
026220,020109,HC គោកឃ្មុំ,HC Kok Khmum,02,បាត់ដំបង,Battambang,0202,ថ្មគោល,Thma Koul,0201,ថ្មគោល,Thmar Koul,020208,គោកឃ្មុំ,Kouk Khmum,02020805,គោកឃ្មុំ,Kouk Khmum,DPHI (GPS),HC,Health Center,មណ្ឌលសុខភាព,,តឹក គឹមសួ,855 12711214,None,13.2703188968627,103.061494913767,01/01/2006,https://maps.app.goo.gl/giAKbGenGSnoHL2a8,Operational,HF_LEVEL
865502,020111,HC បវេល ២,HC Bavel II,02,បាត់ដំបង,Battambang,0204,បវេល,Bavel,0201,ថ្មគោល,Thmar Koul,020401,បវេល,Bavel,02040113,ព្រៃទទឹង ១,Prey Totueng Muoy,DPHI (GPS),HC,Health Center,មណ្ឌលសុខភាព,,ភោគ កនចេស្ដា,855 92907464,None,13.266186418172,102.871072853137,01/01/2006,https://maps.app.goo.gl/St2VAFJp7xCqFvcS7,Operational,HF_LEVEL
061691,020112,HC ក្តុលតាហែន,HC Kdol Ta Hen,02,បាត់ដំបង,Battambang,0204,បវេល,Bavel,0201,ថ្មគោល,Thmar Koul,020406,ក្ដុលតាហែន,Kdol Ta Haen,02040603,សាន,San,DPHI (GPS),HC,Health Center,មណ្ឌលសុខភាព,,លី យុន,855 92248604,None,13.2085546097786,102.849846188828,01/01/2006,https://maps.app.goo.gl/84JX5uDdDTkCHxrN6,Operational,HF_LEVEL
914187,020113,HC អំពិលប្រាំដើម,HC Ampil Pram Daeum,02,បាត់ដំបង,Battambang,0204,បវេល,Bavel,0201,ថ្មគោល,Thmar Koul,020405,អំពិលប្រាំដើម,Ampil Pram Daeum,02040507,ដូង,Doung,DPHI (GPS),HC,Health Center,មណ្ឌលសុខភាព,,យ៉ាវ គី,855 77845 558,None,13.2588856673608,102.770771209805,25/10/2006,https://maps.app.goo.gl/pB2rQNFmsvgtQYtcA,Operational,HF_LEVEL
485871,020114,HC ព្រៃខ្ពស់,HC Prey Khpos,02,បាត់ដំបង,Battambang,0204,បវេល,Bavel,0201,ថ្មគោល,Thmar Koul,020404,ព្រៃខ្ពស់,Prey Khpos,02040402,ពោធិ៍,Pou,DPHI (GPS),HC,Health Center,មណ្ឌលសុខភាព,,ប៉ិល មួន,855 12668643,None,13.3333188977226,102.899929440933,01/01/2006,https://maps.app.goo.gl/AQQPFNFYsDXFR9EF8,Operational,HF_LEVEL
501834,020115,HC ល្វា,HC Lvea,02,បាត់ដំបង,Battambang,0204,បវេល,Bavel,0201,ថ្មគោល,Thmar Koul,020403,ល្វា,Lvea,02040301,ល្វា,Lvea,DPHI (GPS),HC,Health Center,មណ្ឌលសុខភាព,,ក្រូច ចាន់ណា,855 12562177,None,13.3525637283606,102.909206667152,01/01/2006,https://maps.app.goo.gl/L79Gkda7NPDq5MX97,Operational,HF_LEVEL
523066,020116,HC ខ្នាចរមាស,HC Khnach Romeas,02,បាត់ដំបង,Battambang,0204,បវេល,Bavel,0201,ថ្មគោល,Thmar Koul,020402,ខ្នាចរមាស,Khnach Romeas,02040206,ខ្នាចរមាស,Khnach Romeas,DPHI (GPS),HC,Health Center,មណ្ឌលសុខភាព,,គង់ គឹមហូរ,855 12927496,None,13.262491257657,102.950985754737,01/01/2006,https://maps.app.goo.gl/wv4GrpaCxnuaGDbc6,Operational,HF_LEVEL
716700,020117,HC ឃ្លាំងមាស,HC Khleang Meas,02,បាត់ដំបង,Battambang,0204,បវេល,Bavel,0201,ថ្មគោល,Thmar Koul,020407,ឃ្លាំងមាស,Khlaeng Meas,02040703,អូរដូនពៅ,Ou Doun Pov,DPHI (GPS),HC,Health Center,មណ្ឌលសុខភាព,,លួន គឹមនន,855 89946163,None,13.146943211611,102.824499595516,01/01/2006,https://maps.app.goo.gl/HaCeeTH1HY9bL3XG6?g_st=it,Operational,HF_LEVEL
185956,020118,HC ជ្រោយស្តៅ,HC Chrouy Sdau,02,បាត់ដំបង,Battambang,0202,ថ្មគោល,Thma Koul,0201,ថ្មគោល,Thmar Koul,020206,ជ្រោយស្ដៅ,Chrouy Sdau,02020602,និគមក្រៅ,Nikom Krau,DPHI (GPS),HC,Health Center,មណ្ឌលសុខភាព,,អ៊ឹត វុធ,855 77608787,None,13.333424731349,103.082699349011,01/01/2006,https://maps.app.goo.gl/Vs5xaPFUW61xQm1R7,Operational,HF_LEVEL
404454,020119,RH មន្ទីរពេទ្យបង្អែកបវេល,RH Bavel I,02,បាត់ដំបង,Battambang,0204,បវេល,Bavel,0201,ថ្មគោល,Thmar Koul,020401,បវេល,Bavel,02040108,ស្ទឹងដាច់,Stueng Dach,DPHI (GPS),RH,Referral Hospital,មន្ទីរពេទ្យបង្អែកស្រុក,,តិ លាងហួរ,855 92910857,None,13.2506602296922,102.869285228825,01/01/2020,https://maps.app.goo.gl/g7TKUTTrMSRyykii9,Operational,HF_LEVEL
722294,020120,HC បឺងប្រាំ,HC Boeng Pram,02,បាត់ដំបង,Battambang,0204,បវេល,Bavel,0201,ថ្មគោល,Thmar Koul,020408,បឹងប្រាំ,Boeung Pram,02040803,សំណាងព្រះស្រី,Samnang Pras Srey,DPHI (GPS),HC,Health Center,មណ្ឌលសុខភាព,,ឃួន ចំណាន,855 89946163,None,13.3464278678943,102.726612612091,01/01/2016,https://goo.gl/maps/ZVNFf7KDUNqYjxqV6,Operational,HF_LEVEL
616404,020201,RH មន្ទីរពេទ្យបង្អែកមោងឫស្សី,RH Maung Russei,02,បាត់ដំបង,Battambang,0206,មោងឫស្សី,Moung Ruessei,0202,មោងឫស្សី,Maung Russei,020601,មោង,Moung,02060110,មោង,Moung,DPHI (GPS),RH,Referral Hospital,មន្ទីរពេទ្យបង្អែកស្រុក,,សូ សុខ,855 12944010,None,12.7735100151401,103.449185804518,01/01/2006,https://goo.gl/maps/tg2SXr8FVZuDEA129,Operational,HF_LEVEL
381084,020202,HC ព្រៃស្វាយ,HC Prey Svay,02,បាត់ដំបង,Battambang,0206,មោងឫស្សី,Moung Ruessei,0202,មោងឫស្សី,Maung Russei,020603,ព្រៃស្វាយ,Prey Svay,02060308,ព្រៃស្វាយ,Prey Svay,DPHI (GPS),HC,Health Center,មណ្ឌលសុខភាព,,ម៉ាត់ លី,855 92275 408,None,12.7245689629788,103.499833996448,08/01/2006,https://maps.app.goo.gl/JdF8mCYgBf6S2bev8,Operational,HF_LEVEL
329323,020203,HC ឬស្សីក្រាំង,HC Russey Kraing,02,បាត់ដំបង,Battambang,0206,មោងឫស្សី,Moung Ruessei,0202,មោងឫស្សី,Maung Russei,020604,ឫស្សីក្រាំង,Ruessei Krang,02060410,ថ្នល់បត់,Thnal Bat,DPHI (GPS),HC,Health Center,មណ្ឌលសុខភាព,,កប សាត,855 12370439/855 977475 163,None,12.7004678356249,103.605717811058,08/01/2006,https://maps.app.goo.gl/afw6smVXv1D9fAwMA,Operational,HF_LEVEL
521299,020204,HC ជ្រៃ,HC Chrey,02,បាត់ដំបង,Battambang,0206,មោងឫស្សី,Moung Ruessei,0202,មោងឫស្សី,Maung Russei,020605,ជ្រៃ,Chrey,02060506,ជ្រៃ ២,Chrey Pir,DPHI (GPS),HC,Health Center,មណ្ឌលសុខភាព,,រស់ ចន្ធូ,855 12637300/855 977475 165,None,12.7805517547955,103.473292815151,08/01/2006,https://goo.gl/maps/Ws4rHZjgFSQMke4E6,Operational,HF_LEVEL
067701,020205,HC តាលាស់,HC Ta Loas,02,បាត់ដំបង,Battambang,0206,មោងឫស្សី,Moung Ruessei,0202,មោងឫស្សី,Maung Russei,020606,តាលាស់,Ta Loas,02060606,វត្ដចាស់,Voat Chas,DPHI (GPS),HC,Health Center,មណ្ឌលសុខភាព,,ម៉ម សត្ថា,855 12484030/855 977475 167,None,12.8072753140666,103.460279149027,08/01/2006,https://maps.app.goo.gl/18sokFj68EHdjbJP6,Operational,HF_LEVEL
238537,020206,HC កកោះ,HC KaKoh,02,បាត់ដំបង,Battambang,0206,មោងឫស្សី,Moung Ruessei,0202,មោងឫស្សី,Maung Russei,020607,កកោះ,Kakaoh,02060705,កកោះ,Kakaoh,DPHI (GPS),HC,Health Center,មណ្ឌលសុខភាព,,វ៉ាន់ គឹមអ៊ន,855 12332417,None,12.8460243934035,103.396175071754,08/01/2006,https://maps.app.goo.gl/R1scA8iPpgE1wntr5,Operational,HF_LEVEL
181087,020207,HC ធិបតី,HC Thipdei,02,បាត់ដំបង,Battambang,0213,គាស់ក្រឡ,Koas Krala,0202,មោងឫស្សី,Maung Russei,021301,ធិបតី,Thipakdei,02130103,ឆាយបល្ល័ង្គ,Chhay Ballangk,DPHI (GPS),HC,Health Center,មណ្ឌលសុខភាព,,នី សាម៉ន,855 92751497/855 975455 757,None,12.8594349712492,103.27012441026,08/01/2006,https://goo.gl/maps/2S4Z78CkanZYwFPA8,Operational,HF_LEVEL
555346,020208,HC របស់មង្គល,HC Robas Mongkol,02,បាត់ដំបង,Battambang,0206,មោងឫស្សី,Moung Ruessei,0202,មោងឫស្សី,Maung Russei,020609,របស់មង្គល,Robas Mongkol,02060905,កូនក្អែក ២,Koun K'aek Pir,DPHI (GPS),HC,Health Center,មណ្ឌលសុខភាព,,អោ សំអាង,855 12246687,None,12.7448273820465,103.437509299539,09/01/2006,https://maps.app.goo.gl/DUgFyF8a2wpaG9Fp9?g_st=atm,Operational,HF_LEVEL
570578,020209,HC មោង,HC Maung,02,បាត់ដំបង,Battambang,0206,មោងឫស្សី,Moung Ruessei,0202,មោងឫស្សី,Maung Russei,020601,មោង,Moung,02060110,មោង,Moung,DPHI (GPS),HC,Health Center,មណ្ឌលសុខភាព,,តាត ចន្ទ័វត្តី,855 12983728,None,12.773147769127,103.449284241926,08/01/2006,https://maps.app.goo.gl/edtE5PtHZJpBecFD9?g_st=it,Operational,HF_LEVEL
164280,020210,HC គារ,HC Kear,02,បាត់ដំបង,Battambang,0206,មោងឫស្សី,Moung Ruessei,0202,មោងឫស្សី,Maung Russei,020602,គារ,Kear,02060211,តាណាក,Ta Nak,DPHI (GPS),HC,Health Center,មណ្ឌលសុខភាព,,សូរ សុទ្ធី,855 12938494/855 977475 174,None,12.7083247637608,103.461168907375,08/01/2006,https://maps.app.goo.gl/HuZJz2JW6miB5bEi8?g_st=atm,Operational,HF_LEVEL
431478,020211,HC ព្រៃតូច,HC Prey Tauch,02,បាត់ដំបង,Battambang,0206,មោងឫស្សី,Moung Ruessei,0202,មោងឫស្សី,Maung Russei,020608,ព្រៃតូច,Prey Touch,02060804,ព្រៃតូច,Prey Touch,DPHI (GPS),HC,Health Center,មណ្ឌលសុខភាព,,ឃុន ង៉ា,855 92961796,None,12.897248316107,103.370730117404,08/01/2006,https://maps.app.goo.gl/6ef3EmnNXenc5fBK6?g_st=it,Operational,HF_LEVEL
709070,020212,HC ព្រៃត្រឡាច,HC Prey Tralach,02,បាត់ដំបង,Battambang,0214,រុក្ខគិរី,Rukh Kiri,0202,មោងឫស្សី,Maung Russei,021404,ស្តុកប្រវឹក,Sdok Pravoek,02140401,ស្ដុកប្រវឹក,Sdok Pravuek,DPHI (GPS),HC,Health Center,មណ្ឌលសុខភាព,,សូត្រ ម៉ាប់,855 92503326/855 972566250,None,12.538845536011,103.529223993124,08/01/2006,https://maps.app.goo.gl/nPQGi1LJME3q14RY8,Operational,HF_LEVEL
585313,020213,HC ព្រែកជីក,HC Prek Chik,02,បាត់ដំបង,Battambang,0214,រុក្ខគិរី,Rukh Kiri,0202,មោងឫស្សី,Maung Russei,021401,ព្រែកជីក,Preaek Chik,02140104,ព្រែកតាវេន,Preaek Ta Ven,DPHI (GPS),HC,Health Center,មណ្ឌលសុខភាព,,ស៊ុន សារឿន,855 89521971/855 889464841,None,12.6426556290858,103.392789734908,08/01/2006,https://maps.app.goo.gl/dF6as8nHXUxYeoWR7,Operational,HF_LEVEL
882382,020214,HC គាស់ក្រឡ,HC Kaos Kralor,02,បាត់ដំបង,Battambang,0213,គាស់ក្រឡ,Koas Krala,0202,មោងឫស្សី,Maung Russei,021302,គាស់ក្រឡ,Kaos Krala,02130207,ព្រៃពពេល,Prey Popeael,DPHI (GPS),HC,Health Center,មណ្ឌលសុខភាព,,អឿន ស្រីចោម,855 12512504/855 888512504,None,12.7592625493368,103.262007214254,08/01/2006,https://maps.app.goo.gl/JuqzpVgS1S8JBfta7,Operational,HF_LEVEL
056050,020215,HC បាសាក់,HC Basak,02,បាត់ដំបង,Battambang,0214,រុក្ខគិរី,Rukh Kiri,0203,មោងឫស្សី,Maung Russei,021405,បាសាក់,Basak,02140502,បាសាក់,Basak,DPHI (GPS),HC,Health Center,មណ្ឌលសុខភាព,,Unknown,NA,NA,12.5684991,103.3286075,01/01/2020,https://maps.app.goo.gl/nFPzMCso9xLdRcwKA,Operational,HF_LEVEL;CONTACT_NO
992564,020301,RH មន្ទីរពេទ្យបង្អែកសំពៅលូន,RH Sampov Loun,02,បាត់ដំបង,Battambang,0210,សំពៅលូន,Sampov Lun,0203,សំពៅលូន,Sampov Luon,021003,តាស្ដា,Ta Sda,02100302,តាស្ដា,Ta Sda,DPHI (GPS),RH,Referral Hospital,មន្ទីរពេទ្យបង្អែកស្រុក,,ចក់ សំអុល,855 92151597/855 93409376,NA,13.4297892232741,102.377409451108,01/01/2006,https://maps.app.goo.gl/n2j3CUwzotCr8R8Y8,Operational,HF_LEVEL
615204,020302,HC សិរីមានជ័យ,HC Serei Meanchey,02,បាត់ដំបង,Battambang,0210,សំពៅលូន,Sampov Lun,0203,សំពៅលូន,Sampov Luon,021005,សេរីមានជ័យ,Serei Mean Chey,02100502,ឈើទាល,Chheu Teal,DPHI (GPS),HC,Health Center,មណ្ឌលសុខភាព,,ឃឹម សាម៉ុន,855 318888808,NA,13.4543701276377,102.35984476684,01/01/2006,https://maps.app.goo.gl/YSEHXvAYT4ii94dZA,Operational,HF_LEVEL
483541,020303,HC សំពៅលូន,HC Sampov Loun,02,បាត់ដំបង,Battambang,0210,សំពៅលូន,Sampov Lun,0203,សំពៅលូន,Sampov Luon,021001,សំពៅលូន,Sampov Lun,02100103,កោះតូច,Kaoh Touch,DPHI (GPS),HC,Health Center,មណ្ឌលសុខភាព,,ស៊ឹមវឌ្ឍនា,855 89320032,NA,13.3916865765505,102.364079699718,01/01/2006,https://maps.app.goo.gl/EZRmD4b29JmH8qDs8,Operational,HF_LEVEL
947664,020304,HC បារាំងធ្លាក់,HC Baraing Thleak,02,បាត់ដំបង,Battambang,0211,ភ្នំព្រឹក,Phnum Proek,0203,សំពៅលូន,Sampov Luon,021104,បារាំងធ្លាក់,Barang Thleak,02110402,អូរចោទ,Ou Chaot,DPHI (GPS),HC,Health Center,មណ្ឌលសុខភាព,,យន់ ហោ,855 86499057/855 886741000,NA,13.3422532278987,102.351119527829,01/01/2006,https://maps.app.goo.gl/BKg55frMWkj6qgC88,Operational,HF_LEVEL
020350,020305,HC ពេជ្រចិន្តា,HC Pich Chenda,02,បាត់ដំបង,Battambang,0211,ភ្នំព្រឹក,Phnum Proek,0203,សំពៅលូន,Sampov Luon,021102,ពេជ្រចិន្ដា,Pech Chenda,02110201,អូរ,Ou,DPHI (GPS),HC,Health Center,មណ្ឌលសុខភាព,,មៀច ដា,855 12732697/855 887171366,NA,13.2349122624437,102.380260737888,01/01/2006,https://maps.app.goo.gl/yctbhDQjUF5kUCsv7,Operational,HF_LEVEL
721395,020306,HC ត្រាង,HC Trang,02,បាត់ដំបង,Battambang,0212,កំរៀង,Kamrieng,0203,សំពៅលូន,Sampov Luon,021204,ត្រាង,Trang,02120406,តាសែន,Ta Saen,DPHI (GPS),HC,Health Center with beds,មណ្ឌលសុខភាពមានគ្រែ,,ថុន សែ,855 12978446,NA,13.1159243987868,102.427273673604,01/01/2006,https://maps.app.goo.gl/Mv9RZuYqD5sebiC38?g_st=it,Operational,HF_LEVEL
213661,020307,HC កំរៀង,HC Kamrieng,02,បាត់ដំបង,Battambang,0212,កំរៀង,Kamrieng,0203,សំពៅលូន,Sampov Luon,021201,កំរៀង,Kamrieng,02120101,កំរៀង,Kamrieng,DPHI (GPS),HC,Health Center,មណ្ឌលសុខភាព,,វ៉េត ប៊ុនឡូញ,855 12453150,NA,13.0482967326591,102.505260787769,01/01/2006,https://maps.app.goo.gl/4Lq3PBFaUk6UNJLr8?g_st=it,Operational,HF_LEVEL
139011,020308,HC តាក្រី,HC Ta Krei,02,បាត់ដំបង,Battambang,0212,កំរៀង,Kamrieng,0203,សំពៅលូន,Sampov Luon,021206,តាក្រី,Ta Krei,02120604,កំប្រង់,Kamprang,DPHI (GPS),HC,Health Center,មណ្ឌលសុខភាព,,សុខ គឹមហូន,855 77372023/855 11581613,NA,13.1248930769954,102.648380780366,01/01/2006,https://maps.app.goo.gl/BqnCvji33etTYAXx5,Operational,HF_LEVEL
389162,020309,HC បួរ,HC Bour,02,បាត់ដំបង,Battambang,0211,ភ្នំព្រឹក,Phnum Proek,0203,សំពៅលូន,Sampov Luon,021103,បួរ,Bour,02110308,ភ្នំប្រាំពីរ,Phnom 7,DPHI (GPS),HC,Health Center,មណ្ឌលសុខភាព,,ឃុយ សំណាង,855 12436080,NA,13.3060793344835,102.613401527698,01/01/2006,https://maps.app.goo.gl/Aj5CaWbpHNbUSZDd8,Operational,HF_LEVEL
201341,020310,HC ត្រាវជូ,HC Trav Chou,02,បាត់ដំបង,Battambang,0210,សំពៅលូន,Sampov Lun,0203,សំពៅលូន,Sampov Luon,021005,សេរីមានជ័យ,Serei Mean Chey,02100504,អូរត្រាវជូរ,Ou Trav Chur,DPHI (GPS),HC,Health Center,មណ្ឌលសុខភាព,,ទេព ស៊ីយ៉ា,855 976419952,NA,13.388432118555,102.520431696248,04/01/2012,https://maps.app.goo.gl/QJhdJCVhQhDANnEZ6?g_st=it,Operational,HF_LEVEL
926089,020311,HC រស្មីសាមគ្គី,HC Rasmei Samaki,02,បាត់ដំបង,Battambang,0211,ភ្នំព្រឹក,Phnum Proek,0203,សំពៅលូន,Sampov Luon,021102,ពេជ្រចិន្ដា,Pech Chenda,02110207,សាមគ្គី,Sameakki,DPHI (GPS),HC,Health Center,មណ្ឌលសុខភាព,,សុខ ផល្លា,855 976636633,None,13.2150566415974,102.534826460173,04/01/2012,https://maps.app.goo.gl/sJStAvAYRtoeMEH77,Operational,HF_LEVEL
051412,020401,PH មន្ទីរពេទ្យខេត្តបាត់ដំបង,PH Battambang,02,បាត់ដំបង,Battambang,0203,បាត់ដំបង,Battambang,0204,បាត់ដំបង,Battambang,020310,ស្វាយប៉ោ,Svay Por,02031001,ព្រែកមហាទេព,Prek MohaTep,DPHI (GPS),PH,Provincial Hospital,មន្ទីរពេទ្យខេត្ត,,កាក់ សីលា,855 12833261/855 53730100,seilakak@gmail.com,13.1093228704406,103.202268924501,01/01/2006,https://maps.app.goo.gl/wV6Nm9MeiM3SNgfs6?g_st=com.google.maps.preview.copy,Operational,HF_LEVEL
704199,020402,HC ស្វាយប៉ោ,HC Svay Por,02,បាត់ដំបង,Battambang,0203,បាត់ដំបង,Battambang,0204,បាត់ដំបង,Battambang,020310,ស្វាយប៉ោ,Svay Por,02031001,ព្រែកមហាទេព,Prek MohaTep,DPHI (GPS),HC,Health Center,មណ្ឌលសុខភាព,,មាស សម្បត្តិ,855 972072999,None,13.1068102871686,103.200945838706,01/01/2006,https://maps.app.goo.gl/Xkeppuo3EDFM2P8Z8,Operational,HF_LEVEL
636190,020403,HC ស្លាកែត,HC Sla Ket,02,បាត់ដំបង,Battambang,0203,បាត់ដំបង,Battambang,0204,បាត់ដំបង,Battambang,020305,ស្លាកែត,Sla Ket,02030502,ដាំស្ពៃ,Dam Spey,DPHI (GPS),HC,Health Center,មណ្ឌលសុខភាព,,អ៊ឹម ប៊ុនធឿន,855 92334251,None,13.1172192,103.211674,01/01/2006,https://maps.app.goo.gl/ezwuvqaccqgS3yJD7?g_st=com.google.maps.preview.copy,Operational,HF_LEVEL
788495,020404,HC ក្តុល,HC Kdol,02,បាត់ដំបង,Battambang,0203,បាត់ដំបង,Battambang,0204,បាត់ដំបង,Battambang,020306,ក្ដុលដូនទាវ,Kdol Doun Teav,02030607,ថ្កូវ,Thkov,DPHI (GPS),HC,Health Center,មណ្ឌលសុខភាព,,ព្រំ មុន្នី,855 12730838,None,13.135939,103.216146,01/01/2006,https://maps.app.goo.gl/FSg4aBy9d83pPYEF8,Operational,HF_LEVEL
255646,020405,HC ទួលតាឯក,HC Tuol Ta Ek,02,បាត់ដំបង,Battambang,0203,បាត់ដំបង,Battambang,0204,បាត់ដំបង,Battambang,020301,ទួលតាឯក,Tuol Ta Ek,02030102,អូរតាគាំ ២,O Ta Kam II,DPHI (GPS),HC,Health Center,មណ្ឌលសុខភាព,,គៀន សុគណ្ណារ៉ា,855 12550280,None,13.0884405498864,103.19147223662,01/01/2006,https://maps.app.goo.gl/NsVr5p7kiq37M5Kw6,Operational,HF_LEVEL
694006,020406,HC វត្តគរ,HC Vat Kor,02,បាត់ដំបង,Battambang,0203,បាត់ដំបង,Battambang,0204,បាត់ដំបង,Battambang,020308,វត្ដគរ,wat Kor,02030806,កំពង់សីមា,Kampong Seima,DPHI (GPS),HC,Health Center,មណ្ឌលសុខភាព,,ម្លឹះ គឹមបេង,855 12964987,None,13.0569127644478,103.195637724963,01/01/2006,https://maps.app.goo.gl/oorrHr4r7o2vr4ZD8,Operational,HF_LEVEL
447359,020407,HC អូម៉ាល់,HC O Mal,02,បាត់ដំបង,Battambang,0203,បាត់ដំបង,Battambang,0204,បាត់ដំបង,Battambang,020307,អូរម៉ាល់,OMal,02030708,អណ្ដូងព្រីង,Andoung Pring,DPHI (GPS),HC,Health Center,មណ្ឌលសុខភាព,,ម៉ៅ មុន្នីស៊ីណារិន,855 12902003,None,13.0632805485577,103.15549353891,01/01/2006,https://maps.app.goo.gl/xqLxL7aqL9Rakeps8,Operational,HF_LEVEL
631691,020408,HC ជ្រៃ,HC Chrey,02,បាត់ដំបង,Battambang,0202,ថ្មគោល,Thma Koul,0204,បាត់ដំបង,Battambang,020204,ជ្រៃ,Chrey,02020407,ហៃសាន,Hai San,DPHI (GPS),HC,Health Center,មណ្ឌលសុខភាព,,សួន អ៊ី,855 12237528,None,13.1099202010292,103.139706340079,01/01/2006,https://maps.app.goo.gl/j9fs9Xe23yECwGM49?g_st=atm,Operational,HF_LEVEL
494679,020409,HC រតនៈ,HC Rottanak,02,បាត់ដំបង,Battambang,0208,សង្កែ,Sangkae,0204,បាត់ដំបង,Battambang,020802,នរា,Norea,02080201,នរា ១,Norea Muoy,DPHI (GPS),HC,Health Center,មណ្ឌលសុខភាព,,ម៉ក់ ពិសិដ្ធ,855 12962630,None,13.1191058503416,103.214314006037,01/01/2006,https://maps.app.goo.gl/Ls1Uz2yiPjgF7yvm7,Operational,HF_LEVEL
204580,020410,HC ចំការសំរោង,HC Chamkar Samrong,02,បាត់ដំបង,Battambang,0203,បាត់ដំបង,Battambang,0204,បាត់ដំបង,Battambang,020304,ចំការសំរោង,Chomkar Somraong,02030402,ចំការសំរោង២,Chomkar Somraong 2,DPHI (GPS),HC,Health Center,មណ្ឌលសុខភាព,,សោ ថងឌី,855 92530969,None,13.11712158626,103.1967586003,01/01/2006,https://maps.google.com/maps?q=13.1173338%2C103.1967998,Operational,HF_LEVEL
556402,020411,HC ឈើទាល,HC Chheu Teal,02,បាត់ដំបង,Battambang,0201,បាណន់,Banan,0204,បាត់ដំបង,Battambang,020104,ឈើទាល,Chheu Teal,02010407,បាយដំរាំ,Bay Damram,DPHI (GPS),HC,Health Center,មណ្ឌលសុខភាព,,ថាញ់ គឹមយៀត,855 12597689,None,12.9968392816013,103.160410492922,01/01/2006,https://maps.app.goo.gl/jZ4T1dJCkK9tWaF4A,Operational,HF_LEVEL
623278,020412,HC កន្ទឺ ២,HC Kantueu II,02,បាត់ដំបង,Battambang,0201,បាណន់,Banan,0204,បាត់ដំបង,Battambang,020104,ឈើទាល,Chheu Teal,02010415,អន្លក់កោង,Anlok Kaong,DPHI (GPS),HC,Health Center with beds,មណ្ឌលសុខភាពមានគ្រែ,,អ៊ំ សំអាន,855 77661106,None,12.9568671821922,103.145260715003,01/01/2006,https://maps.app.goo.gl/a9jG7T9ZPDHgqmb78?g_st=it,Operational,HF_LEVEL
491879,020413,HC ស្នឹង,HC Snoeng,02,បាត់ដំបង,Battambang,0201,បាណន់,Banan,0204,បាត់ដំបង,Battambang,020107,ស្នឹង,Snoeng,02010704,ស្នឹងកើត,Snoeng Kaeut,DPHI (GPS),HC,Health Center,មណ្ឌលសុខភាព,,ថូ ប៊ុនធឿន,855 92799680,None,12.9671356682155,103.051320532971,01/01/2006,https://maps.app.goo.gl/3XmaQB95An1FPk4p8,Operational,HF_LEVEL
542763,020414,HC តាគ្រាម,HC Ta Kream,02,បាត់ដំបង,Battambang,0201,បាណន់,Banan,0204,បាត់ដំបង,Battambang,020108,តាគ្រាម,Ta Kream,02010802,តាគ្រាម,Ta Kream,DPHI (GPS),HC,Health Center,មណ្ឌលសុខភាព,,ភោគ គឹមយី,855 12737326,NA,13.0592057247467,103.060400562855,04/07/2006,https://maps.app.goo.gl/VYpa2LaxzKxqY2Mo6,Operational,HF_LEVEL
573895,020415,HC ភ្នំសំពៅ,HC Phnom Sampov,02,បាត់ដំបង,Battambang,0201,បាណន់,Banan,0204,បាត់ដំបង,Battambang,020106,ភ្នំសំពៅ,Phnum Sampov,02010604,ភ្នំសំពៅលិច,Phnum Sampov Lech,DPHI (GPS),HC,Health Center,មណ្ឌលសុខភាព,,ឈាង គូ,855 89938987/855 66938987,None,13.0282992127032,103.097684426697,01/01/2006,https://maps.app.goo.gl/ji85fPmjLaAsTMSC7?g_st=it,Operational,HF_LEVEL
698991,020416,HC ស្តៅ,HC Sdao,02,បាត់ដំបង,Battambang,0207,រតនមណ្ឌល,Rotonak Mondol,0204,បាត់ដំបង,Battambang,020701,ស្ដៅ,Sdau,02070101,បាណង់,Banang,DPHI (GPS),HC,Health Center with beds,មណ្ឌលសុខភាពមានគ្រែ,,បឹង ម៉ៅ,855 12581654,None,12.887561810338,102.968381547984,01/01/2006,https://maps.app.goo.gl/oXVyJHoXi7VQA1vx5,Operational,HF_LEVEL
021833,020417,HC ត្រែង,HC Treng,02,បាត់ដំបង,Battambang,0207,រតនមណ្ឌល,Rotonak Mondol,0204,បាត់ដំបង,Battambang,020704,ត្រែង,Traeng,02070401,គីឡូ,Kilou,DPHI (GPS),HC,Health Center,មណ្ឌលសុខភាព,,ជិម សាម៉េត,855 12801909,None,12.8362003300666,102.910840633958,01/01/2006,https://maps.app.goo.gl/AVAbuu7Gs6CPmSFz9?g_st=it,Operational,HF_LEVEL
739229,020418,HC ផ្លូវមាស,HC Phlov Meas,02,បាត់ដំបង,Battambang,0207,រតនមណ្ឌល,Rotonak Mondol,0204,បាត់ដំបង,Battambang,020703,ផ្លូវមាស,Phlov Meas,02070305,អូរត្រែង,Ou Traeng,DPHI (GPS),HC,Health Center,មណ្ឌលសុខភាព,,ស៊ុត ពៅ,855 92601640/855 882040581,None,12.808668988016,102.892450139913,01/01/2006,https://maps.app.goo.gl/UkM8A1oyUp6Dg5J48,Operational,HF_LEVEL
798886,020419,HC ឆករកា,HC Chhak Roka,02,បាត់ដំបង,Battambang,0209,សំឡូត,Samlout,0204,បាត់ដំបង,Battambang,020905,សំឡូត,Samlout,02090502,ឆករកា,Chhak Roka,DPHI (GPS),HC,Health Center,មណ្ឌលសុខភាព,,ង៉ុន សុផាត,855 93269097,None,12.57055992,102.7397152,01/01/2006,https://maps.app.goo.gl/aUn2YQYafjm71ozF8?g_st=it,Operational,HF_LEVEL
184372,020420,HC ចំឡងកួយ,HC Chamlang Kuoy,02,បាត់ដំបង,Battambang,0209,សំឡូត,Samlout,0204,បាត់ដំបង,Battambang,020903,អូរសំរិល,Ou Samril,02090302,អូរសំរិលក្រោម,Ou Samril Kraom,DPHI (GPS),HC,Health Center,មណ្ឌលសុខភាព,,កុល ខេមរា,855 92781341,None,12.713964,102.888144,01/01/2006,https://maps.app.goo.gl/SCa4X2XjuqS3sFTD9?g_st=it,Operational,HF_LEVEL
707568,020421,HC តាសាញ,HC Ta Sanh,02,បាត់ដំបង,Battambang,0209,សំឡូត,Samlout,0204,បាត់ដំបង,Battambang,020907,តាសាញ,Ta Sanh,02090701,អូរស្ងួត,Ou Snguot,DPHI (GPS),HC,Health Center with beds,មណ្ឌលសុខភាពមានគ្រែ,,នូវ យ៉ាន,855 12801909,None,12.6301993172545,102.861950247157,01/01/2006,https://maps.app.goo.gl/CBwK7hVU7xHeUTJz8,Operational,HF_LEVEL
245333,020422,HC ចែងមានជ័យ,HC Cheng Meanchey,02,បាត់ដំបង,Battambang,0201,បាណន់,Banan,0204,បាត់ដំបង,Battambang,020105,ចែងមានជ័យ,Chaeng Mean Chey,02010506,ចង្ហូរស្វាយ,Changhour Svay,DPHI (GPS),HC,Health Center,មណ្ឌលសុខភាព,,ហេង ធី,855 17412121,None,12.8725380590694,103.102916952028,01/01/2006,https://maps.app.goo.gl/umZZqbd8QueMNZyt6?g_st=it,Operational,HF_LEVEL
655063,020423,HC កំពង់ល្ពៅ,HC Kampong Lpov,02,បាត់ដំបង,Battambang,0209,សំឡូត,Samlout,0204,បាត់ដំបង,Battambang,020902,កំពង់ល្ពៅ,Kampong Lpov,02090201,ស្វាយជ្រុំ,Svay Chrum,DPHI (GPS),HC,Health Center,មណ្ឌលសុខភាព,,រដ្ធ នី,855 17433040,None,12.5459541,102.8605183,01/01/2006,https://maps.app.goo.gl/2fvV25FHTaBpG7z7A?g_st=it,Operational,HF_LEVEL
641198,020424,HC បឹងរុន,HC Boeung Run,02,បាត់ដំបង,Battambang,0209,សំឡូត,Samlout,0204,បាត់ដំបង,Battambang,020905,សំឡូត,Samlout,02090506,បឹងរុន,Boeng Run,DPHI (GPS),HC,Health Center,មណ្ឌលសុខភាព,,ជុំ ជួន,855 12498752,None,12.6445938703389,102.777659296771,01/01/2006,https://maps.app.goo.gl/zEmamuoSCe25WUvr6?g_st=it,Operational,HF_LEVEL
682289,020425,HC មានជ័យ,HC Mean Chey,02,បាត់ដំបង,Battambang,0209,សំឡូត,Samlout,0205,បាត់ដំបង,Battambang,020906,មានជ័យ,Mean Chey,02090601,កំពង់ទួក,Kampong Touk,DPHI (GPS),HC,Health Center,មណ្ឌលសុខភាព,,Unknown,NA,NA,12.716408,102.853628,01/01/2020,https://maps.app.goo.gl/kDFTHy7MYiqdHqTu6?g_st=it,Operational,HF_LEVEL;CONTACT_NO
348213,020426,HC កន្ទឺ ១,HC Kantueu I,02,បាត់ដំបង,Battambang,0201,បាណន់,Banan,0204,បាត់ដំបង,Battambang,020101,កន្ទឺ ១,Kantueu Muoy,02010101,ថ្មី,Thmei,BTB (Phone),HC,Health Center,មណ្ឌលសុខភាព,,ស៊ុន ផល្លី,855 92974652,None,12.9568572009722,103.145262661696,01/01/2020,https://maps.app.goo.gl/zwxeiNiennqVNFo36?g_st=it,Operational,HF_LEVEL
387712,020427,HC សខេងកំពីងកំពួយ,HC Sorkheng Kampinhpuoy,02,បាត់ដំបង,Battambang,0201,បាណន់,Banan,0204,បាត់ដំបង,Battambang,020108,តាគ្រាម,Ta Kream,02010810,អន្លង់ស្វាយ,Anlong Svay,BTB (Phone),HC,Health Center,មណ្ឌលសុខភាព,,ប៉ែន ណាវី,855 12202866/855 962972736,None,13.081352,102.936563,01/01/2020,https://maps.app.goo.gl/1xTARAe7SWqj1oiV7,Operational,HF_LEVEL
179510,020428,HC រស្មីសង្ហា,HC Raksmey Songha,02,បាត់ដំបង,Battambang,0207,រតនមណ្ឌល,Rotonak Mondol,0206,បាត់ដំបង,Battambang,020705,រស្មីសង្ហា,Reaksmei Songha,02070501,រស្មីសង្ហា,Reaksmei Songha,DPHI (GPS),HC,Health Center,មណ្ឌលសុខភាព,,Unknown,NA,NA,12.978665,102.850353,01/01/2020,https://maps.app.goo.gl/4iBbgK5FRHm2HRLNA,Operational,HF_LEVEL;CONTACT_NO
697398,020502,HC អន្លង់វិល,HC Anlong Vil,02,បាត់ដំបង,Battambang,0208,សង្កែ,Sangkae,0205,សង្កែ,Sangkae,020801,អន្លង់វិល,Anlong Vil,02080101,ច្រាបវាល,Chrab Veal,DPHI (GPS),HC,Health Center with beds,មណ្ឌលសុខភាពមានគ្រែ,,ម៉េង ឡូញ,855 769997777,None,13.0859419291029,103.224723775477,01/01/2006,https://maps.app.goo.gl/9UdHknhYnmXspur66?g_st=atm,Operational,HF_LEVEL
331138,020503,HC វត្តតាមិម,HC Vat Ta Muem,02,បាត់ដំបង,Battambang,0208,សង្កែ,Sangkae,0205,សង្កែ,Sangkae,020810,វត្ដតាមិម,Vaot Ta Muem,02081005,ស្លក្រាម,Sla Kram,DPHI (GPS),HC,Health Center,មណ្ឌលសុខភាព,,តាក់ ណូ,855 12637302,None,13.037411372237,103.201801895514,01/01/2006,https://maps.app.goo.gl/QT2WjJMXDgsBuqKs7,Operational,HF_LEVEL
187971,020504,HC កំពង់ព្រៀង,HC Kampong Preang,02,បាត់ដំបង,Battambang,0208,សង្កែ,Sangkae,0205,សង្កែ,Sangkae,020806,កំពង់ព្រៀង,Kampong Prieng,02080603,កាច់រទេះ,Kach Roteh,DPHI (GPS),HC,Health Center,មណ្ឌលសុខភាព,,សឹន ជីន,855 12248147,None,12.9524335,103.3448016,01/01/2006,https://maps.app.goo.gl/S8g18cuYC7BeL8kD7?g_st=it,Operational,HF_LEVEL
270020,020505,HC កំពង់ព្រះ,HC Kampong Preah,02,បាត់ដំបង,Battambang,0208,សង្កែ,Sangkae,0205,សង្កែ,Sangkae,020805,កំពង់ព្រះ,Kampong Preah,02080504,កំពង់ព្រះ,Kampong Preah,DPHI (GPS),HC,Health Center,មណ្ឌលសុខភាព,,អឿន រស់,855 12371885,None,13.0291433658348,103.302339057641,01/01/2006,https://maps.app.goo.gl/BYoBTAMPMUYtK2qE8,Operational,HF_LEVEL
691599,020506,HC អូរដំបង ២,HC O Dambang II,02,បាត់ដំបង,Battambang,0208,សង្កែ,Sangkae,0205,សង្កែ,Sangkae,020809,អូរដំបង ២,Ou Dambang Pir,02080906,ទួលល្វៀង,Tuol Lvieng,DPHI (GPS),HC,Health Center,មណ្ឌលសុខភាព,,គុល សំភន,855 78894524,None,13.033527332546,103.265519000375,01/01/2006,https://maps.app.goo.gl/v82wf5hfwx7tDMip8?g_st=atm,Operational,HF_LEVEL
662083,020508,HC អូរដំបង ១,HC O Dambang I,02,បាត់ដំបង,Battambang,0208,សង្កែ,Sangkae,0205,សង្កែ,Sangkae,020808,អូរដំបង ១,Ou Dambang Muoy,02080802,បោះពោធិ៍,Baoh Pou,DPHI (GPS),HC,Health Center,មណ្ឌលសុខភាព,,ផ្លុង សាក់,855 12755 031,None,13.0637074100644,103.208185248351,01/01/2006,https://maps.app.goo.gl/MJDsSJVhSSSKhYZC9,Operational,HF_LEVEL
940246,020509,HC រាំងកេសី,HC Raing Kesei,02,បាត់ដំបង,Battambang,0208,សង្កែ,Sangkae,0205,សង្កែ,Sangkae,020807,រាំងកេសី,Reang Kesei,02080703,រាំងកេសី,Reang Kesei,DPHI (GPS),HC,Health Center,មណ្ឌលសុខភាព,,ប៉ុន រស្មី,855 81699916,None,12.9683672300048,103.259097512293,01/01/2006,https://maps.app.goo.gl/o2K4BitxhRD4KgDM7,Operational,HF_LEVEL
390187,020510,HC តាប៉ុន,HC Ta Pon,02,បាត់ដំបង,Battambang,0208,សង្កែ,Sangkae,0205,សង្កែ,Sangkae,020803,តាប៉ុន,Ta Pon,02080304,បាសែត,Basaet,DPHI (GPS),HC,Health Center,មណ្ឌលសុខភាព,,ឈាង គុណវុឌ្ឍី,855 99576160,None,13.1173389798131,103.299655220741,01/01/2006,https://maps.app.goo.gl/ZPsjUhCbxc8bxZoEA?g_st=atm,Operational,HF_LEVEL
508872,020512,HC សំរោងក្នុង,HC Samrong Knong,02,បាត់ដំបង,Battambang,0205,ឯកភ្នំ,Aek Phnum,0205,សង្កែ,Sangkae,020502,សំរោងក្នុង,Samraong Knong,02050202,កំពង់សំបួរ,Kampong Sambuor,DPHI (GPS),HC,Health Center,មណ្ឌលសុខភាព,,ធន ម៉ិ,855 12776584,thuonmek@gmail.com,13.1374202233001,103.217255463812,01/01/2006,https://maps.app.goo.gl/uxA1Nhqh8ZXYVcUCA,Operational,HF_LEVEL
448001,020513,HC ព្រែកហ្លួង,HC Prek Luong,02,បាត់ដំបង,Battambang,0205,ឯកភ្នំ,Aek Phnum,0205,សង្កែ,Sangkae,020504,ព្រែកហ្លួង,Preaek Luong,02050401,ព្រែកហ្លួង,Preaek Luong,DPHI (GPS),HC,Health Center,មណ្ឌលសុខភាព,,ថៃ សាខន,855 16309028,None,13.1579449750123,103.237341533587,01/01/2006,https://maps.app.goo.gl/ikHJaNogmMTBQaFy5?g_st=afm,Operational,HF_LEVEL
071028,020514,HC ពាមឯក,HC Peam Ek,02,បាត់ដំបង,Battambang,0205,ឯកភ្នំ,Aek Phnum,0205,សង្កែ,Sangkae,020505,ពាមឯក,Peam Aek,02050501,ដូនទាវ,Doun Teav,DPHI (GPS),HC,Health Center,មណ្ឌលសុខភាព,,ជីវ ជិនហ៊,855 888717006,chinhorchiv@gmail.com,13.1536807463608,103.211856524964,01/01/2006,https://maps.app.goo.gl/QxAL57mwkxFJmKQM6,Operational,HF_LEVEL
183561,020515,HC ព្រៃចាស់,HC Prey Chas,02,បាត់ដំបង,Battambang,0205,ឯកភ្នំ,Aek Phnum,0205,សង្កែ,Sangkae,020506,ព្រៃចាស់,Prey Chas,02050605,បាក់ព្រា,Bak Prea,DPHI (GPS),HC,Health Center,មណ្ឌលសុខភាព,,នី ហាក់,855 61662663,None,13.3139246477486,103.402646766072,01/01/2006,https://maps.app.goo.gl/MDgU3rnQtmLGNmWV6?g_st=it,Operational,HF_LEVEL
480501,020516,HC កោះជីវាំង,HC Koh Chivaing,02,បាត់ដំបង,Battambang,0205,ឯកភ្នំ,Aek Phnum,0205,សង្កែ,Sangkae,020507,កោះជីវាំង,Kaoh Chiveang,02050703,អន្លង់តាអួរ,Anlong Ta Uor,DPHI (GPS),HC,Health Center,មណ្ឌលសុខភាព,,សាន់ ឱសថ,855 99302904,santhavery@gmail.com,13.240501247097,103.660607824966,01/01/2006,https://maps.google.com/?cid=9264009965990828196&entry=gps&g_st=atm,Operational,HF_LEVEL
611043,020517,RH មន្ទីរពេទ្យបង្អែករកា,RH Roka,02,បាត់ដំបង,Battambang,0208,សង្កែ,Sangkae,0205,សង្កែ,Sangkae,020804,រកា,Roka,02080404,រកា,Roka,DPHI (GPS),RH,Referral Hospital,មន្ទីរពេទ្យបង្អែកស្រុក,,អេង សំណាង,855 12893678,samnangeng@gmail.com,13.0928162743563,103.275114033696,01/01/2017,https://maps.app.goo.gl/5xFzUQZzCewQsQGGA?g_st=it,Operational,HF_LEVEL
700376,020518,RH មន្ទីរពេទ្យបង្អែកឯកភ្នំ,RH Ekphnom,02,បាត់ដំបង,Battambang,0208,សង្កែ,Sangkae,0205,សង្កែ,Sangkae,020501,ព្រែកនរិន្ទ,Preaek Norint,02050104,ព្រែកនរិន្ទ,Preaek Norint,DPHI (GPS),RH,Referral Hospital,មន្ទីរពេទ្យបង្អែកស្រុក,,Unknown,NA,NA,13.1608457513068,103.231204702513,01/01/2017,https://maps.app.goo.gl/9N7wEDVHBjkARgL76,Operational,HF_LEVEL;CONTACT_NO
761415,020519,HC ព្រែកនរិន្ទ,HC Prek Norin,02,បាត់ដំបង,Battambang,0205,ឯកភ្នំ,Aek Phnum,0205,សង្កែ,Sangkae,020501,ព្រែកនរិន្ទ,Preaek Norint,02050104,ព្រែកនរិន្ទ,Preaek Norint,DPHI (GPS),HC,Health Center,មណ្ឌលសុខភាព,,សឿន ធិ,855 89448417,None,13.1608950750667,103.231208353337,01/01/2020,https://maps.app.goo.gl/8cVjUr2WJfQG2X3AA,Operational,HF_LEVEL
344020,200317,HC បាសាក់ថ្មី,HC New Basac,20,ស្វាយរៀង,Svay Rieng,2005,ស្វាយជ្រំ,Svay Chrum,2003,ស្វាយរៀង,Svay Rieng,200502,បាសាក់,Basac,20050201,សាលារៀន,Sala Rien,DPHI (GPS),HC,Health Center,មណ្ឌលសុខភាព,MPA,,,None,11.0300689764985,105.818546209693,,,Pending,CONTACT_NO;START_DATE
863317,200318,HC ចំបក់,HC Chambak,20,ស្វាយរៀង,Svay Rieng,2005,ស្វាយជ្រំ,Svay Chrum,2003,ស្វាយរៀង,Svay Rieng,200503,ចំបក់,Chambak,20050301,ថ្មី,Thmei,DPHI (GPS),HC,Health Center,មណ្ឌលសុខភាព,MPA,,,None,11.0610310986775,105.693531649006,,,Pending,CONTACT_NO;START_DATE
119391,200401,HP ទួលសាលា,HP Toul Sala,20,ស្វាយរៀង,Svay Rieng,2003,រំដួល,Rumduol,2004,ស្វាយទាប,Svay Teap,200304,ជ្រុងពពេល,Chrung Popel,20030401,ទួលសាលា,Tuol Sala,DPHI (GPS)	Unknown,HP,Health Post,ប៉ុស្តិ៍សុខភាព,,ឆាយ ស៊ីណាន,855 979090810,None,11.2239459501635,105.795842978194,2015,https://maps.app.goo.gl/rjNhmSCZ6jXNA5b58,Operational,HF_LEVEL
809909,200110,HC ទួលស្តី,HC Tourl Sdey,20,ស្វាយរៀង,Svay Rieng,2001,ចន្ទ្រា,Chantrea,2001,ជីភូ,Chi Phu,200110,ទួលស្ដី,Tuol Sdei,20011002,ដូនទៃ,Doun Tey,DPHI (GPS),HC,Health Center,មណ្ឌលសុខភាព,MPA,,,None,10.8956806691926,106.132979851514,25/05/2013,https://maps.app.goo.gl/oxurQZffmWgw8uTt7,Operational,CONTACT_NO
424162,200106,HC ស្វាយតាយាន,HC Svay Tayean,20,ស្វាយរៀង,Svay Rieng,2002,កំពង់រោទិ៍,Kampong Rou,2001,ជីភូ,Chi Phu,200209,ស្វាយតាយាន,Svay Ta Yean,20020901,ព្រៃស្ទៀង,Prey Stieng,DPHI (GPS),HC,Health Center,មណ្ឌលសុខភាព,MPA,,,None,11.0125870953518,105.966956013423,01/01/2016,https://maps.app.goo.gl/UnmJpgwhLTe2ttbC6?g_st=it,Operational,CONTACT_NO
179217,200107,HC ត្នោត,HC Thnot,20,ស្វាយរៀង,Svay Rieng,2002,កំពង់រោទិ៍,Kampong Rou,2001,ជីភូ,Chi Phu,200212,ត្នោត,Tnaot,20021203,បុណ្យ,Bon,DPHI (GPS),HC,Health Center,មណ្ឌលសុខភាព,MPA,,,None,10.8961819187145,106.05441764185,01/01/2006,https://maps.app.goo.gl/5QyEK6pgkSr8wGrV7,Operational,CONTACT_NO
623084,200112,HC សំឡី,HC Samley,20,ស្វាយរៀង,Svay Rieng,2002,កំពង់រោទិ៍,Kampong Rou,2001,ជីភូ,Chi Phu,200207,សំឡី,Samlei,20020704,សំឡីខាងជើង,Samlei Khang Cheung,DPHI (GPS),HC,Health Center,មណ្ឌលសុខភាព,MPA,,,None,10.9500491472234,106.020185591452,01/01/2021,https://maps.app.goo.gl/79kfFZAEJ9v5g9Nv5,Operational,CONTACT_NO
870276,210101,RH មន្ទីរពេទ្យបង្អែកអង្គរកា,RH AngRoka,21,តាកែវ,Takeo,2109,ត្រាំកក់,Tram Kak,2101,អង្គរការ,Ang Rokar,210914,ត្រពាំងធំខាងជើង,Trapeang Thum Khang Cheung,21091406,ព្រៃតាឡី,Prey Ta Lei,DPHI (GPS),RH,Referral Hospital,មន្ទីរពេទ្យបង្អែកស្រុក,,ហេង ធី,855 12987388,None,11.035957553064,104.588876787647,01/01/2006,,Operational,HF_LEVEL
677983,210102,HC គុស,HC Kus,21,តាកែវ,Takeo,2109,ត្រាំកក់,Tram Kak,2101,អង្គរការ,Ang Rokar,210903,គុស,Kus,21090303,ទំនប់ជ្រៃ,Tumnob Chrey,DPHI (GPS),HC,Health Center,មណ្ឌលសុខភាព,,សយ ញឿន,855 12649527,None,10.95911395567,104.615307545793,01/01/2006,,Operational,HF_LEVEL
358156,210103,HC ត្រាំកក់,HC Tram Kak,21,តាកែវ,Takeo,2109,ត្រាំកក់,Tram Kak,2101,អង្គរការ,Ang Rokar,210913,ត្រាំកក់,Tram Kak,21091301,យាយឡ,Yeay La,DPHI (GPS),HC,Health Center,មណ្ឌលសុខភាព,,ម៉ម សំណាង,855 12823007,None,10.910101125505,104.587239247114,01/01/2006,,Operational,HF_LEVEL
463385,210104,HC ត្រពាំងព្រីង,HC Trapeang Pring,21,តាកែវ,Takeo,2109,ត្រាំកក់,Tram Kak,2101,អង្គរការ,Ang Rokar,210910,សំរោង,Samraong,21091004,ចានទាប,Chan Teab,DPHI (GPS),HC,Health Center,មណ្ឌលសុខភាព,,ប៊ុត ចន្ទ័សារ៉ាត់,855 886374909,None,10.9975117513551,104.597341804835,01/01/2006,,Operational,HF_LEVEL
207241,210105,HC តាភេម,HC Ta Phem,21,តាកែវ,Takeo,2109,ត្រាំកក់,Tram Kak,2101,អង្គរការ,Ang Rokar,210912,តាភម,Ta Phem,21091201,ម្រុំ,Mrum,DPHI (GPS),HC,Health Center,មណ្ឌលសុខភាព,,កែវ សារ៉ុម,855 11942772,None,11.0198848489933,104.629869469798,01/01/2006,,Operational,HF_LEVEL
453552,210106,HC អង្គតាសោម,HC Ang Ta Som,21,តាកែវ,Takeo,2109,ត្រាំកក់,Tram Kak,2101,អង្គរការ,Ang Rokar,210901,អង្គតាសោម,Angk Ta Saom,21090107,អង្គតាសោម,Angk Ta Saom,DPHI (GPS),HC,Health Center,មណ្ឌលសុខភាព,,ហៀង ចន្ធី,855 77916436,None,11.0116443224237,104.674626489491,01/01/2006,,Operational,HF_LEVEL
992884,210107,HC ព្រៃជួរ,HC Prey Chuor,21,តាកែវ,Takeo,2109,ត្រាំកក់,Tram Kak,2101,អង្គរការ,Ang Rokar,210909,ពពេល,Popel,21090904,ព្រៃជួរ,Prey Chuor,DPHI (GPS),HC,Health Center,មណ្ឌលសុខភាព,,អួង ភក្តី,855 17576040,None,11.0622824205738,104.665207027049,01/01/2006,,Operational,HF_LEVEL
590174,210108,HC ព្រៃស្បាត,HC Prey Sbat,21,តាកែវ,Takeo,2109,ត្រាំកក់,Tram Kak,2101,អង្គរការ,Ang Rokar,210914,ត្រពាំងធំខាងជើង,Trapeang Thum Khang Cheung,21091410,ព្រៃស្បាត,Prey Sbat,DPHI (GPS),HC,Health Center,មណ្ឌលសុខភាព,,សៀង សុផុន,855 12371636,None,11.067311228194,104.591718453941,01/01/2006,,Operational,HF_LEVEL
102831,210109,HC ត្រពាំងអណ្តើក,HC Trapeang Andeuk,21,តាកែវ,Takeo,2109,ត្រាំកក់,Tram Kak,2101,អង្គរការ,Ang Rokar,210906,អូរសារាយ,Ou Saray,21090611,ឫស្សីមួយគុម្ព,Ruessei Muoy Kump,DPHI (GPS),HC,Health Center,មណ្ឌលសុខភាព,,កុច នី,855 12665008,None,11.0738513659114,104.496227801196,01/01/2006,,Operational,HF_LEVEL
974479,210110,HC អង្គរការ,HC Ang Rokar,21,តាកែវ,Takeo,2109,ត្រាំកក់,Tram Kak,2101,អង្គរការ,Ang Rokar,210914,ត្រពាំងធំខាងជើង,Trapeang Thum Khang Cheung,21091406,ព្រៃតាឡី,Prey Ta Lei,DPHI (GPS),HC,Health Center,មណ្ឌលសុខភាព,,យុន ចាន់ណារិន,855 12975 674,None,11.0356939257143,104.589091044887,01/01/2006,,Operational,HF_LEVEL
441054,210112,HC ញ៉ែងញ៉ង,HC Nheng Nhang,21,តាកែវ,Takeo,2109,ត្រាំកក់,Tram Kak,2101,អង្គរការ,Ang Rokar,210905,ញ៉ែងញ៉ង,Nhaeng Nhang,21090511,កំសី,Kamsei,DPHI (GPS),HC,Health Center,មណ្ឌលសុខភាព,,ដួង អាន,855 12517726,None,10.9282628577604,104.639331898215,01/01/2006,,Operational,HF_LEVEL
433551,210113,HC ត្រពាំងអំពិល,HC Traping Ampel,21,តាកែវ,Takeo,2109,ត្រាំកក់,Tram Kak,2101,អង្គរការ,Ang Rokar,210912,តាភេម,Ta Phem,21091202,ត្រពាំងអំពិល,Trapeang Ampil,DPHI (GPS),HC,Health Center,មណ្ឌលសុខភាព,,ដុស វិជ្ជា,855 77328062,None,11.0427603446997,104.639653454639,19/08/2013,,Operational,HF_LEVEL
830709,210114,HC បុស្សតាផង់,HC Bos Taphorng,21,តាកែវ,Takeo,2109,ត្រាំកក់,Tram Kak,2101,អង្គរការ,Ang Rokar,210907,ត្រពាំងក្រញូង,Trapeang Kranhoung,21090709,បុស្សតាផង់,Boss Taphong,DPHI (GPS),HC,Health Center,មណ្ឌលសុខភាព,,ង៉ាន់ សុវ៉ាត,855 89629864,None,11.0934438237112,104.36890528481,01/08/2015,,Operational,HF_LEVEL
525871,210201,RH មន្ទីរពេទ្យបង្អែកបាទី,RH Bati,21,តាកែវ,Takeo,2102,បាទី,Bati,2102,បាទី,Bati,210201,ចំបក់,Chambak,21020102,បចាម,Bacham,DPHI (GPS),RH,Referral Hospital,មន្ទីរពេទ្យបង្អែកស្រុក,,សៅ​ ចាន់ថា,855 81939047,None,11.2481287755728,104.814630995648,01/01/2006,,Operational,HF_LEVEL
937917,210202,HC ដូង,HC Daung,21,តាកែវ,Takeo,2102,បាទី,Bati,2102,បាទី,Bati,210203,ដូង,Doung,21020304,យុថ្កា,Yuthka,DPHI (GPS),HC,Health Center,មណ្ឌលសុខភាព,,លាង គឹមស្រុង,855 17818722,None,11.233514465477,104.905944561262,01/01/2006,,Operational,HF_LEVEL
938706,210203,HC ចំបក់,HC Chambak,21,តាកែវ,Takeo,2102,បាទី,Bati,2102,បាទី,Bati,210201,ចំបក់,Chambak,21020108,សីហា,Seiha,DPHI (GPS),HC,Health Center,មណ្ឌលសុខភាព,,ហូត​​​​​​​ សុខហេង,855 92817306,None,11.2353438857692,104.826549721881,01/01/2006,,Operational,HF_LEVEL
653161,210204,HC កណ្តឹង,HC Kandoeng,21,តាកែវ,Takeo,2102,បាទី,Bati,2102,បាទី,Bati,210204,កណ្តឹង,Kandoeng,21020408,កណ្ដឹងតូច,Kandoeng Touch,DPHI (GPS),HC,Health Center,មណ្ឌលសុខភាព,,នង ​ស័យណា,855 12315 772,None,11.2914006282176,104.844206689351,01/01/2006,,Operational,HF_LEVEL
877673,210205,HC ទន្លេបាទី,HC Tonle Bati,21,តាកែវ,Takeo,2102,បាទី,Bati,2102,បាទី,Bati,210207,ក្រាំងធ្នង់,Krang Thnong,21020708,ទន្លេបាទី,Tonle Bati,DPHI (GPS),HC,Health Center,មណ្ឌលសុខភាព,,នៅ​ សិលា,855 17561672,None,11.3319540138566,104.861353241239,01/01/2006,,Operational,HF_LEVEL
333212,210206,HC ពត់សរ,HC Pot Sar,21,តាកែវ,Takeo,2102,បាទី,Bati,2102,បាទី,Bati,210210,ពត់ស,Pot Sar,21021008,ឃ្លាំងសម្បត្ដិ,Kleang Sambatt,DPHI (GPS),HC,Health Center,មណ្ឌលសុខភាព,,ញ៉ែម ម៉េង,855 12372376,None,11.3389546769693,104.868003554385,01/01/2006,,Operational,HF_LEVEL
025436,210207,HC លំពង់,HC Lumpong,21,តាកែវ,Takeo,2102,បាទី,Bati,2102,បាទី,Bati,210208,លំពង់,Lumpong,21020809,ថ្មស,Thma Sa,DPHI (GPS),HC,Health Center,មណ្ឌលសុខភាព,,ប្រាក់​ សារៀម,855 12482451,None,11.2934976730171,104.760079183217,01/01/2006,,Operational,HF_LEVEL
445303,210208,HC ត្រពាំងក្រសាំង,HC Trapeang Krasaing,21,តាកែវ,Takeo,2102,បាទី,Bati,2102,បាទី,Bati,210214,ត្រពាំងក្រសាំង,Trapeang Krasang,21021408,គោដួល,Kou Duol,DPHI (GPS),HC,Health Center,មណ្ឌលសុខភាព,,អែម ឡូងផាន់ណា,855 12896325,None,11.2254516580501,104.776274511645,01/01/2006,,Operational,HF_LEVEL
307104,210209,HC ក្រាំងលាវ,HC Kraing Leav,21,តាកែវ,Takeo,2102,បាទី,Bati,2102,បាទី,Bati,210206,ក្រាំងលាវ,Krang Leav,21020617,ឈើទាលជ្រុំ,Chheu Teal Chrum,DPHI (GPS),HC,Health Center,មណ្ឌលសុខភាព,,ប៉ែន កំសាន្ត,855 12220629,None,11.2469928013659,104.735132286381,01/01/2006,,Operational,HF_LEVEL
287575,210210,HC ត្រាំខ្នារ,HC Tram Khna,21,តាកែវ,Takeo,2102,បាទី,Bati,2102,បាទី,Bati,210211,សុភី,Sour Phi,21021102,ត្រាំខ្នារ,Tram Khnar,DPHI (GPS),HC,Health Center,មណ្ឌលសុខភាព,,តែ សារីម,855 12494174,None,11.2934699302665,104.707874269269,01/01/2006,,Operational,HF_LEVEL
342788,210211,HC ខ្វាវ,HC Khvav,21,តាកែវ,Takeo,2107,សំរោង,Samraong,2102,បាទី,Bati,210705,ខ្វាវ,Khvav,21070518,ត្រពាំងត្របែក,Trapeang Trabaek,DPHI (GPS),HC,Health Center,មណ្ឌលសុខភាព,,ចេម​ ថន,855 12411299,None,11.1829031214981,104.714709154542,01/01/2006,,Operational,HF_LEVEL
115858,210212,HC ជំរះពេន,HC Chumreahpen,21,តាកែវ,Takeo,2107,សំរោង,Samraong,2102,បាទី,Bati,210704,ជំរះពេន,Chumreah Pen,21070411,អង្គរផ្ដៀក,Angkor Phdiek,DPHI (GPS),HC,Health Center,មណ្ឌលសុខភាព,,ឆែ​ ស៊ូខេង,855 92995 499,None,11.1466667185771,104.755288170318,01/01/2006,,Operational,HF_LEVEL
533629,210213,HC រវៀង,HC Rovieng,21,តាកែវ,Takeo,2107,សំរោង,Samraong,2102,បាទី,Bati,210707,រវៀង,Rovieng,21070722,ចារ,Char,DPHI (GPS),HC,Health Center,មណ្ឌលសុខភាព,,ជា ស្រេង​​,855 12776034,None,11.1967911925506,104.785788075138,01/01/2006,,Operational,HF_LEVEL
526211,210214,HC សំរោង,HC Samraong,21,តាកែវ,Takeo,2107,សំរោង,Samraong,2102,បាទី,Bati,210708,សំរោង,Samraong,21070803,ព្រៃទទឹង,Prey Totueng,DPHI (GPS),HC,Health Center with beds,មណ្ឌលសុខភាពមានគ្រែ,,យឺ​ ឆេងលី,855 12517205,None,11.1452842615744,104.802176499225,01/01/2006,,Operational,HF_LEVEL
384176,210215,HC ត្រពាំងសាប,HC Trapaing Sab,21,តាកែវ,Takeo,2102,បាទី,Bati,2102,បាទី,Bati,210215,ត្រពាំងសាប,Trapeang Sab,21021510,សង្កែ,Sangkae,DPHI (GPS),HC,Health Center,មណ្ឌលសុខភាព,,អ៊ួង ប៊ុនឃាង,855 12960413,None,11.2612659815564,104.81167688013,25/09/2013,,Operational,HF_LEVEL
833718,210216,HC ចំប៉ី,HC Champey,21,តាកែវ,Takeo,2102,បាទី,Bati,2102,បាទី,Bati,210202,ចំបុី,Champey,21020203,ត្រកៀត,Trakiet,DPHI (GPS),HC,Health Center,មណ្ឌលសុខភាព,,NA,NA,NA,11.2833508398364,104.874857361429,01/01/2021,,Operational,HF_LEVEL;CONTACT_NO
215150,210217,HC កុមាររាជា,HC Komar Reachea,21,តាកែវ,Takeo,2102,បាទី,Bati,2102,បាទី,Bati,210205,កុមាររាជា,Komar Reachea,21020505,ក្រាំងពង្រ,Krang Pongro,DPHI (GPS),HC,Health Center,មណ្ឌលសុខភាព,,NA,NA,NA,11.2604487242982,104.73933917935,01/02/2021,,Operational,HF_LEVEL;CONTACT_NO
453496,210218,HC ពារាម,HC Peareang,21,តាកែវ,Takeo,2102,បាទី,Bati,2102,បាទី,Bati,000000,,,00000000,,,DPHI (GPS),HC,Health Center,មណ្ឌលសុខភាព,,NA,NA,NA,11.2375563460909,104.862730512952,01/09/2022,,Operational,HF_LEVEL;CONTACT_NO
670317,,HC តាំងដូង,HC TaingDaung,,,,,,,,,,,,,,,,,,,,,,,,,,,,,HF_CODE;HF_TYPE_EN;HF_LEVEL;OWNERSHIP;PRO_CODE;DIS_CODE;OD_CODE;COM_CODE;VIL_CODE;HF_LAT;HF_LON;CONTACT_NO;STATUS;START_DATE
455968,210301,PH មន្ទីរពេទ្យខេត្តតាកែវ,PH Takeo,21,តាកែវ,Takeo,2108,ដូនកែវ,Doun Kaev,2103,ដូនកែវ,Daun Keo,210802,រកាក្នុង,Roka Knong,21080210,ភូមិ២,Phum Pir,DPHI (GPS),PH,Provincial Hospital,មន្ទីរពេទ្យខេត្ត,,ឈូវ ឈួន,855 16875 324,None,10.9892420361419,104.782889255792,01/01/2006,,Operational,HF_LEVEL
715184,210302,HC បឹងត្រាញ់,HC Boeng Tranh,21,តាកែវ,Takeo,2107,សំរោង,Samraong,2103,ដូនកែវ,Daun Keo,210701,បឹងត្រាញ់ខាងជើង,Boeng Tranh Khang Cheung,21070108,អង្គរាំង,Angk Reang,DPHI (GPS),HC,Health Center,មណ្ឌលសុខភាព,,តុង ប៉ិន,855 92295060,None,11.1136830949763,104.717133373994,01/01/2006,,Operational,HF_LEVEL
614059,210303,HC លំចង់,HC Lumchang,21,តាកែវ,Takeo,2107,សំរោង,Samraong,2103,ដូនកែវ,Daun Keo,210706,លំចង់,Lumchang,21070602,ស្វាយព្រៃ,Svay Prey,DPHI (GPS),HC,Health Center,មណ្ឌលសុខភាព,,ណុប ច្រៀង,855 12383726,None,11.0694593949588,104.760541861906,01/01/2006,,Operational,HF_LEVEL
648345,210304,HC ទ្រា,HC Trea,21,តាកែវ,Takeo,2107,សំរោង,Samraong,2103,ដូនកែវ,Daun Keo,210711,ទ្រា,Trea,21071101,វែង,Veaeng,DPHI (GPS),HC,Health Center,មណ្ឌលសុខភាព,,សាយ ខា,855 92915411,None,11.075937457685,104.81725882279,01/01/2006,,Operational,HF_LEVEL
754785,210305,HC បារាយណ៍,HC Baray,21,តាកែវ,Takeo,2108,ដូនកែវ,Doun Kaev,2103,ដូនកែវ,Daun Keo,210801,បារាយណ៍,Baray,21080111,ត្រពាំងលាក់,Trapeang Leak,DPHI (GPS),HC,Health Center,មណ្ឌលសុខភាព,,យឹម សុវណ្ណ,855 17500910,None,11.012540476445,104.787835311805,01/01/2006,,Operational,HF_LEVEL
772057,210306,HC រកាក្នុង,HC Roka Khnong,21,តាកែវ,Takeo,2108,ដូនកែវ,Doun Kaev,2103,ដូនកែវ,Daun Keo,210802,រកាក្នុង,Roka Knong,21080210,ភូមិ២,Phum Pir,DPHI (GPS),HC,Health Center,មណ្ឌលសុខភាព,,ឡុញ សុគន្ធា,855 979966593,None,10.9898016156241,104.783316495632,01/01/2006,,Operational,HF_LEVEL
917960,210307,HC រកាក្រៅ,HC Roka Krau,21,តាកែវ,Takeo,2108,ដូនកែវ,Doun Kaev,2103,ដូនកែវ,Daun Keo,210803,រកាក្រៅ,Roka Krau,21080302,ត្រាំ,Tram,DPHI (GPS),HC,Health Center,មណ្ឌលសុខភាព,,អ៊ុំ ប៊ុនធឿន,855 92816872,None,10.9683236538161,104.777283591873,01/01/2006,,Operational,HF_LEVEL
376031,210308,HC សំបួរ,HC Sambour,21,តាកែវ,Takeo,2110,ទ្រាំង,Treang,2103,ដូនកែវ,Daun Keo,211009,សំបួរ,Sambuor,21100908,ក្បាលពោធិ៍,Kbal Pou,DPHI (GPS),HC,Health Center,មណ្ឌលសុខភាព,,សួន ចន្ទ្រា,855 16897057,None,10.9668044706474,104.865366820681,01/01/2006,,Operational,HF_LEVEL
054039,210309,HC ធ្លក,HC Thlork,21,តាកែវ,Takeo,2110,ទ្រាំង,Treang,2103,ដូនកែវ,Daun Keo,211013,ធ្លក,Thlok,21101308,ឈើទាលបាក់,Chheu Teal Bak,DPHI (GPS),HC,Health Center,មណ្ឌលសុខភាព,,ឈឹម រ៉ា,855 178222277,None,10.9182296010749,104.832550407596,01/01/2006,,Operational,HF_LEVEL
308092,210310,HC ខ្វាវ,HC Khvav,21,តាកែវ,Takeo,2110,ទ្រាំង,Treang,2103,ដូនកែវ,Daun Keo,211004,ខ្វាវ,Khvav,21100408,តាស្រែន,Ta Sraen,DPHI (GPS),HC,Health Center,មណ្ឌលសុខភាព,,ទៀង ហាច,855 92907621,None,10.9083046489913,104.732353180178,01/01/2006,,Operational,HF_LEVEL
966060,210311,HC ព្រៃស្លឹក,HC Prey Sloek,21,តាកែវ,Takeo,2110,ទ្រាំង,Treang,2103,ដូនកែវ,Daun Keo,211007,ព្រៃស្លឹក,Prey Sloek,21100701,ព្រៃសណ្ដែក,Prey Sandaek,DPHI (GPS),HC,Health Center,មណ្ឌលសុខភាព,,ឆឹង ឡាយ,855 12627423,None,10.9078711593987,104.78328365515,01/01/2006,,Operational,HF_LEVEL
570656,210312,HC រនាម,HC Roneam,21,តាកែវ,Takeo,2110,ទ្រាំង,Treang,2103,ដូនកែវ,Daun Keo,211008,រនាម,Roneam,21100803,ត្រពាំងធំ,Trapeang Thum,DPHI (GPS),HC,Health Center,មណ្ឌលសុខភាព,,ខៀវ សុផន,855 89516643,None,10.9165223782134,104.745385677053,01/01/2006,,Operational,HF_LEVEL
621375,210313,HC ស្រង៉ែ,HC Srangae,21,តាកែវ,Takeo,2110,ទ្រាំង,Treang,2103,ដូនកែវ,Daun Keo,211012,ស្រង៉ែ,Srangae,21101214,គោកអំពៅ,Kouk Ampov,DPHI (GPS),HC,Health Center,មណ្ឌលសុខភាព,,ធង សោភណ័,855 12591836,None,10.9591045730606,104.830248899538,01/01/2006,,Operational,HF_LEVEL
048225,210314,HC ស្រែរនោង,HC Srae Ronoung,21,តាកែវ,Takeo,2109,ត្រាំកក់,Tram Kak,2103,ដូនកែវ,Daun Keo,210911,ស្រែរនោង,Srae Ronoung,21091117,ត្រពាំងទម្លាប់,Trapeang Tomloab,DPHI (GPS),HC,Health Center,មណ្ឌលសុខភាព,,ស៊ិប មុំ,855 17525841,None,10.9485449692543,104.696464682353,01/01/2006,,Operational,HF_LEVEL
593792,210315,HC លាយបូរ,HC Leay Bo,21,តាកែវ,Takeo,2109,ត្រាំកក់,Tram Kak,2103,ដូនកែវ,Daun Keo,210904,លាយបូរ,Leay Bour,21090422,អង្គនារាយណ៍,Angk Neareay,DPHI (GPS),HC,Health Center,មណ្ឌលសុខភាព,,រត្ន័ សុខជា,855 977533346,None,11.0208011326523,104.721765682142,01/01/2006,,Operational,HF_LEVEL
800644,210316,HC ឧត្តមសូរិយា,HC Oudom Sorya,21,តាកែវ,Takeo,2109,ត្រាំកក់,Tram Kak,2103,ដូនកែវ,Daun Keo,210908,ឧត្ដមសុរិយា,Otdam Soriya,21090806,តាសូរ,Ta Sour,DPHI (GPS),HC,Health Center,មណ្ឌលសុខភាព,,កែវ រុំ,855 12674268,None,11.0641780503207,104.70713062575,01/01/2006,,Operational,HF_LEVEL
378731,210317,HC បឹងត្រាញ់ខាងជើង,HC Boeng Tranh Khang Tboung,21,តាកែវ,Takeo,2107,សំរោង,Samraong,2103,ដូនកែវ,Daun Keo,210702,បឹងត្រាញ់ខាងត្បូង,Boeng Tranh Khang Tboung,21070210,តាដក់ពង,Tadak Pong,DPHI (GPS),HC,Health Center,មណ្ឌលសុខភាព,,ឈន សារ៉េត,855 98286080,None,,,29/11/2023,,Operational,HF_LEVEL;HF_LAT;HF_LON
466707,,HC សឹង្ហ,HC Soeng,21,តាកែវ,Takeo,2107,សំរោង,Samraong,2103,ដូនកែវ,Daun Keo,210709,សឹង្ហ,Soeng,21070913,អង្គក្ដី,Angk kdei,DPHI (GPS),HC,Health Center,មណ្ឌលសុខភាព,,ជា សំណាង,855 92578828,None,,,,,Operational,HF_CODE;HF_LEVEL;HF_LAT;HF_LON;START_DATE
723061,,HP គុក,HC Baray,21,តាកែវ,Takeo,2108,ដូនកែវ,Doun Kaev,2103,ដូនកែវ,Daun Keo,210801,បារាយណ៍,Baray,21080109,ត្រពាំងឬស្សី,Trapeang Ruessei,,,,,,,,,,,,,Operational,HF_CODE;HF_TYPE_EN;HF_LEVEL;OWNERSHIP;HF_LAT;HF_LON;CONTACT_NO;START_DATE
037904,210401,RH មន្ទីរពេទ្យបង្អែកគិរីវង់,RH Kirivong,21,តាកែវ,Takeo,2104,គីរីវង់,Kiri Vong,2104,គិរីវង់,Kirivong,210402,ព្រះបាទជាន់ជុំ,Preah Bat Choan Chum,21040202,កំពង់,Kampong,DPHI (GPS),RH,Referral Hospital,មន្ទីរពេទ្យបង្អែកស្រុក,,គង់ ចាន់កុមារ,855 16319949,None,10.6473951777261,104.871184024924,01/01/2006,,Operational,HF_LEVEL
822985,210405,HC សោម,HC Som,21,តាកែវ,Takeo,2104,គីរីវង់,Bati,2104,គិរីវង់,Kirivong,210411,សោម,Saom,21041107,សោម,Saom,DPHI (GPS),HC,Health Center,មណ្ឌលសុខភាព,,កែន សំអាត,855 714670698,None,10.5632682853286,104.851457940568,01/01/2006,,Operational,HF_LEVEL
764074,210406,HC ភ្នំដិន,HC PhnomDen,21,តាកែវ,Takeo,2104,គីរីវង់,Kiri Vong,2104,គិរីវង់,Kirivong,210407,ភ្នំដិន,Phnum Den,21040701,ផ្សារ,Phsar,DPHI (GPS),HC,Health Center,មណ្ឌលសុខភាព,,ចាប មករា,855 12968387,None,10.6028904307046,104.905665166027,01/01/2006,,Operational,HF_LEVEL
383931,210407,HC កំណប់,HC KamNop,21,តាកែវ,Takeo,2104,គីរីវង់,Kiri Vong,2104,គិរីវង់,Kirivong,210403,កំណប់,Kamnab,21040304,ខ្មល់,Khmal,DPHI (GPS),HC,Health Center,មណ្ឌលសុខភាព,,នាក់ ហ៊ាប,855 975429441,None,10.6559484849148,104.909707044167,01/01/2006,,Operational,HF_LEVEL
094471,210419,HC សន្លុង,HC SanLong,21,តាកែវ,Takeo,2110,ទ្រាំង,Treang,2104,គិរីវង់,Kirivong,211010,សន្កុង,Sanlung,21101007,ចិន,Chen,DPHI (GPS),HC,Health Center,មណ្ឌលសុខភាព,,សួង ចាន់រដ្ឋា,855 978373252,None,10.7970569157259,104.753683388882,01/01/2006,,Operational,HF_LEVEL
420452,210420,HC ប្រាំបីមុំ,HC PramBeiMum,21,តាកែវ,Takeo,2110,ទ្រាំង,Treang,2104,គិរីវង់,Kirivong,211005,ប្រាំបីមុំ,Prambei Mum,21100505,ប្រាំបីមុំ,Prambei Mum,DPHI (GPS),HC,Health Center,មណ្ឌលសុខភាព,,ឈូន ណាត,855 78737308,None,10.8435745568716,104.792674271692,01/01/2006,,Operational,HF_LEVEL
563639,210417,HC អង្គខ្នុរ,HC AngKnol,21,តាកែវ,Takeo,2110,ទ្រាំង,Treang,2104,គិរីវង់,Kirivong,211002,អង្គខ្នុរ,Angk Khnor,21100203,ត្រពាំងប្រី,Trapeang Prei,DPHI (GPS),HC,Health Center,មណ្ឌលសុខភាព,,ស៊ិប សាវី,855 93601647,None,10.8667929308937,104.828759896711,01/01/2006,,Operational,HF_LEVEL
085413,210421,HC ជាន់ជុំ,HC ChaonChum,21,តាកែវ,Takeo,2104,គីរីវង់,Kiri Vong,2104,គិរីវង់,Kirivong,210402,ព្រះបាទជាន់ជុំ,Preah Bat Choan Chum,21040202,កំពង់,Kampong,DPHI (GPS),HC,Health Center,មណ្ឌលសុខភាព,,គង់ យុទ្ធាវី,855 12496798,None,10.6427852129205,104.876666173182,01/01/2006,,Operational,HF_LEVEL
754991,210423,HC កំពែង,HC KamPeng,21,តាកែវ,Takeo,2104,គីរីវង់,Kiri Vong,2104,គិរីវង់,Kirivong,210404,កំពែង,Kampeaeng,21040405,ជីម្រាក់,Chi Mreak,DPHI (GPS),HC,Health Center,មណ្ឌលសុខភាព,,គីម វិចិត្រ,855 976674743,None,10.6594530278282,104.710991546097,01/01/2006,,Operational,HF_LEVEL
311152,210424,HC ព្រៃរំដេង,HC PreyRumDeng,21,តាកែវ,Takeo,2104,គីរីវង់,Kiri Vong,2104,គិរីវង់,Kirivong,210409,ព្រៃរំដេង,Prey Rumdeng,21040907,ដីក្រហម,Dei Kraham,DPHI (GPS),HC,Health Center,មណ្ឌលសុខភាព,,ហួត ហាយ,855 12837691,None,10.6194806890057,104.765872195475,01/01/2006,,Operational,HF_LEVEL
637040,210425,HC គោកព្រេច,HC KorkPrech,21,តាកែវ,Takeo,2104,គីរីវង់,Kiri Vong,2104,គិរីវង់,Kirivong,210406,គោកព្រេច,Kouk Prech,21040607,សំរោងខាងកើត,Samraong Khang Kaeut,DPHI (GPS),HC,Health Center,មណ្ឌលសុខភាព,,កែវ សុខុម,855 92966093,None,10.7237297649241,104.73812490978,01/01/2006,,Operational,HF_LEVEL
793617,210426,HC តាអូ,HC Ta O,21,តាកែវ,Takeo,2104,បាទី,Bati,2104,គិរីវង់,Kirivong,210412,តាអូរ,Ta Ou,21041203,ស្លា,Sla,DPHI (GPS),HC,Health Center,មណ្ឌលសុខភាព,,យឹម រាប,855 979341217,None,10.5754764094554,104.802527124923,02/07/2012,,Operational,HF_LEVEL
339176,21041403,HC រាមអណ្តើក,HC Ream Andaek,21,តាកែវ,Takeo,2104,គីរីវង់,Kiri Vong,2104,គិរីវង់,Kirivong,210410,រាមអណ្ដើក,Ream Andaeuk,21041005,ត្រពាំងខ្ចៅ,Trapeang Khchau,DPHI (GPS),HC,Health Center,មណ្ឌលសុខភាព,,ស៊ា ភា,855 12932095,None,10.7026514304563,104.759825251534,01/06/2015,,Operational,HF_LEVEL
957646,210427,HC ព្រៃអំពក,HC Prey Ampok,21,តាកែវ,Takeo,2104,គីរីវង់,Kiri Vong,2104,គិរីវង់,Kirivong,210408,ព្រៃអំពក,Prey Ampok,21040807,ថ្នល់លោក,Thnal Louk,DPHI (GPS),HC,Health Center,មណ្ឌលសុខភាព,,ទេព សុជាតិ,855 977832348,None,10.6359158675585,104.793228637192,01/05/2013,,Operational,HF_LEVEL
111802,,HC គិរីចុងកោះ,HC KIRICHONGKOH,21,តាកែវ,Takeo,,គីរីវង់,Kiri Vong,,គិរីវង់,Kirivong,,គិរីចុងកោះ,KIRI CHONG KOH,,ចំបក់ទឹម,Chombak Tem,,HC,Health Center,មណ្ឌលសុខភាព,,,,,,,,,,HF_CODE;HF_LEVEL;OWNERSHIP;DIS_CODE;OD_CODE;COM_CODE;VIL_CODE;HF_LAT;HF_LON;CONTACT_NO;STATUS;START_DATE
021973,210601,RH មន្ទីរ​ពេទ្យ​បង្អែក​កោះ​អណ្ដែត,RH Koh Andeth,21,តាកែវ,Takeo,2105,កោះអណ្ដែត,Kaoh Andaet,2106,កោះ​អណ្ដែត,Koh Andeth,210505,រមញ,Romenh,21050502,រមេញខាងជើង,Romenh Khang Cheung,DPHI (GPS),RH,Referral Hospital,មន្ទីរពេទ្យបង្អែកស្រុក,,គង់ តារា,855 9235 1011,None,10.7992652314427,104.94097828267,01/01/2016,,Operational,HF_LEVEL
664971,21041402,HC ធ្លាប្រជុំ,HC Thlea Prachum,21,តាកែវ,Takeo,2105,កោះអណ្ដែត,Kaoh Andaet,2106,កោះ​អណ្ដែត,Koh Andeth,210506,ធ្លាប្រជុំ,Thlea Prachum,21050604,អណ្ដូងសំរិទ្ធិ,Andoung Samretth,DPHI (GPS),HC,Health Center,មណ្ឌលសុខភាព,,សូ ទូច,855 974411166,None,10.7968836721566,104.879141315159,01/01/2006,,Operational,HF_LEVEL
927462,210409,HC ព្រៃមេលង,HC PreyMeLorng,21,តាកែវ,Takeo,2105,កោះអណ្ដែត,Kaoh Andaet,2106,កោះ​អណ្ដែត,Koh Andeth,210503,ព្រៃខ្លា,Prey Khla,21050303,ព្រៃមេលងខាងត្បូង,Prey Melong Khang Tboung,DPHI (GPS),HC,Health Center,មណ្ឌលសុខភាព,,យឹង កែម,855 12891224,None,10.756449799877,104.87132176603,01/01/2006,,Operational,HF_LEVEL
987910,210410,HC ក្រពុំឈូក,HC Krapum Chhouk,21,តាកែវ,Takeo,2105,កោះអណ្ដែត,Kaoh Andaet,2106,កោះ​អណ្ដែត,Koh Andeth,210501,ក្រពុំឈូក,Krapum Chhuk,21050104,ព្រៃម្លូ,Prey Mlu,DPHI (GPS),HC,Health Center,មណ្ឌលសុខភាព,,ប៉ែន សុធី,855 17811238,None,10.7363292833214,104.92575738382,01/01/2006,,Operational,HF_LEVEL
180083,210411,HC ព្រៃយុថ្កា,HC PreyYuthKa,21,តាកែវ,Takeo,2105,កោះអណ្ដែត,Kaoh Andaet,2106,កោះ​អណ្ដែត,Koh Andeth,210504,ព្រៃយុថ្កា,Prey Yuthka,21050405,តាហៀន,Ta Hien,DPHI (GPS),HC,Health Center,មណ្ឌលសុខភាព,,គង់ បូរិទ្ធិ,855 974929900,None,10.682580107582,104.972102582153,01/01/2006,,Operational,HF_LEVEL
869679,210412,HC រមេញ,HC RoMinh,21,តាកែវ,Takeo,2105,កោះអណ្ដែត,Kaoh Andaet,2106,កោះ​អណ្ដែត,Koh Andeth,210505,រមញ,Romenh,21050502,រមេញខាងជើង,Romenh Khang Cheung,DPHI (GPS),HC,Health Center,មណ្ឌលសុខភាព,,ហេន ឌុលសារ៉ាន់,855 3135 66664,None,10.7995702959864,104.941593124092,01/01/2006,,Operational,HF_LEVEL
149068,210413,HC កំពង់ក្រសាំង,HC Kampong Krasaing,21,តាកែវ,Takeo,2103,បូរីជលសារ,Borei Cholsar,2106,កោះ​អណ្ដែត,Koh Andeth,210304,កំពង់ក្រសាំង,Kampong Krasang,21030403,ក្ដុលជ្រុំ,Kdol Chrum,DPHI (GPS),HC,Health Center,មណ្ឌលសុខភាព,,ហែម ហន,855 89696905,None,10.7795992922417,105.064972099323,01/01/2006,,Operational,HF_LEVEL
616615,210414,HC បូរីជលសារ,HC Borey ChulSar,21,តាកែវ,Takeo,2103,បូរីជលសារ,Borei Cholsar,2106,កោះ​អណ្ដែត,Koh Andeth,210301,បូរីជលសា,Borei Cholsar,21030104,អន្លង់នៀន,Anlong Nien,DPHI (GPS),HC,Health Center,មណ្ឌលសុខភាព,,ព្រហ្ម សាមិត្ត,855 71​ 25 99984,None,10.8486830357991,104.991277611835,01/01/2006,,Operational,HF_LEVEL
687239,210416,HC ដូងខ្ពស់,HC DaungKhpos,21,តាកែវ,Takeo,2103,បូរីជលសារ,Borei Cholsar,2106,កោះ​អណ្ដែត,Koh Andeth,210303,ដូងខ្ពស់,Doung Khpos,21030308,តាយឹង,Ta Yueng,DPHI (GPS),HC,Health Center,មណ្ឌលសុខភាព,,ស៊ឹម ឈួយ,855 12​ 573201,None,10.8680031885603,104.866826520629,01/01/2006,,Operational,HF_LEVEL
266537,210422,HC គោកពោធិ៍,HC Kork Por,21,តាកែវ,Takeo,2103,បូរីជលសារ,Borei Cholsar,2106,កោះ​អណ្ដែត,Koh Andeth,210305,គោកពោធិ៍,Kouk Pou,21030503,ជ្រៃគោកពោធិ៍,Chrey Kouk Pou,DPHI (GPS),HC,Health Center,មណ្ឌលសុខភាព,,គាម សារឿង,855 12238562,None,10.8859181874405,104.904584309584,01/01/2006,,Operational,HF_LEVEL
600268,210418,HC ជីខ្មា,HC ChiKhma,21,តាកែវ,Takeo,2110,ទ្រាំង,Treang,2106,កោះ​អណ្ដែត,Koh Andeth,211011,ស្មោង,Smaong,21101105,ត្រពាំងលើក,Trapeang Leuk,DPHI (GPS),HC,Health Center,មណ្ឌលសុខភាព,,សាំង ជួង,855 16626196,None,10.7999250953576,104.814289723382,01/01/2006,,Operational,HF_LEVEL
135422,210408,HC អង្គប្រាសាទ,HC Ang PraSat,21,តាកែវ,Takeo,2104,គីរីវង់,Kiri Vong,2106,កោះ​អណ្ដែត,Koh Andeth,210401,អង្គប្រាសាទ,Angk Prasat,21040107,ភ្នំលន្ទះ,Phnum Lonteah,DPHI (GPS),HC,Health Center,មណ្ឌលសុខភាព,,សួស ណែត,855 977747453,None,10.7571550097395,104.802268503156,01/01/2006,,Operational,HF_LEVEL
153555,,HC ត្រឡាច,HC TrorLarch,21,តាកែវ,Takeo,2110,ទ្រាំង,Treang,2106,កោះ​អណ្ដែត,Koh Andeth,,ត្រឡាច,Trolach,,កន្ទួតធំ,,,HC,Health Center,មណ្ឌលសុខភាព,,ម៉ៅ ដាវី,855 972002385,,,,,,,HF_CODE;HF_LEVEL;OWNERSHIP;COM_CODE;VIL_CODE;HF_LAT;HF_LON;STATUS;START_DATE
480127,,HP ជ័យជោគ,HP Chey Chok,21,តាកែវ,Takeo,2103,បូរីជលសារ,Borei Cholsar,2106,កោះ​អណ្ដែត,Koh Andeth,,ជ័យជោគ,Chey Chok,,តារាគមន៍,Tarakorm,,HP,Health Post,ប៉ុស្តិ៍សុខភាព,,សន ពេជ្រ,855 979497168,,,,,,,HF_CODE;HF_LEVEL;OWNERSHIP;COM_CODE;VIL_CODE;HF_LAT;HF_LON;STATUS;START_DATE
657053,,HP អង្គក្រូច,HP Angkroch,21,តាកែវ,Takeo,2103,បូរីជលសារ,Borei Cholsar,2106,កោះ​អណ្ដែត,Koh Andeth,,បូរីជលសារ,Borei Cholsar,,អង្គក្រូច,AngKroch,,HP,Health Post,ប៉ុស្តិ៍សុខភាព,,ម៉ាង វណ្ណៈ,855 972303853,,,,,,,HF_CODE;HF_LEVEL;OWNERSHIP;COM_CODE;VIL_CODE;HF_LAT;HF_LON;STATUS;START_DATE
640955,210501,RH មន្ទីរពេទ្យបង្អែកព្រៃកប្បាស,RH Prey Kabass,21,តាកែវ,Takeo,2106,ព្រៃកប្បាស,Prey Kabbas,2105,ព្រៃកប្បាស,Prey Kabass,210610,ព្រៃល្វា,Prey Lvea,21061002,ព្រៃល្វាលិច,Prey Lvea Lech,DPHI (GPS),RH,Referral Hospital,មន្ទីរពេទ្យបង្អែកស្រុក,,នួន សុផាត,855 12307635,None,11.1625642287352,104.956203769365,01/01/2006,,Operational,HF_LEVEL
016971,210502,HC គោកធ្លក,HC Kok Thlok,21,តាកែវ,Takeo,2101,អង្គរបូរី,Angkor Borei,2105,ព្រៃកប្បាស,Prey Kabass,210103,គោគធ្លគ,Kouk Thlok,21010303,ទួលពុទ្រា,Tuol Puttrea,DPHI (GPS),HC,Health Center,មណ្ឌលសុខភាព,,ស៊ឺម ផារិទ្ធ,855 963287799,None,10.9328675322915,105.019236145276,01/01/2006,,Operational,HF_LEVEL
592455,210504,HC បាស្រែ,HC Ba Srae,21,តាកែវ,Takeo,2101,អង្គរបូរី,Angkor Borei,2105,ព្រៃកប្បាស,Prey Kabass,210102,បាស្រែ,Ba Srae,21010206,តាអី,Ta Ei,DPHI (GPS),HC,Health Center,មណ្ឌលសុខភាព,,សុខ សាមឿន,855 12888486,None,11.0492709808652,104.951492411168,01/01/2006,,Operational,HF_LEVEL
690156,210505,HC ព្រៃផ្គាំ,HC Prey Phkorm,21,តាកែវ,Takeo,2101,អង្គរបូរី,Angkor Borei,2105,ព្រៃកប្បាស,Prey Kabass,210106,ព្រៃផ្គាំ,Prey Phkoam,21010603,ព្រៃផ្គាំ គ,Prey Phkoam Ko,DPHI (GPS),HC,Health Center,មណ្ឌលសុខភាព,,ងឺម សុមាលី,855 11343020,None,11.0247558432516,104.911973356333,01/01/2006,,Operational,HF_LEVEL
794210,210506,HC ពន្លៃ,HC Ponley,21,តាកែវ,Takeo,2101,អង្គរបូរី,Angkor Borei,2105,ព្រៃកប្បាស,Prey Kabass,210104,ពន្លៃ,Ponley,21010404,ពន្លៃខាងត្បូង,Ponley Khang Tboung,DPHI (GPS),HC,Health Center,មណ្ឌលសុខភាព,,ខាន់ ធឿន,855 17513008,None,11.0748945069716,104.88043553019,01/01/2006,,Operational,HF_LEVEL
411761,210507,HC ស្លា,HC Sla,21,តាកែវ,Takeo,2107,សំរោង,Samraong,2105,ព្រៃកប្បាស,Prey Kabass,210710,ស្លា,Sla,21071008,ពោធិ,Pou,DPHI (GPS),HC,Health Center,មណ្ឌលសុខភាព,,អ៊ុយ សេង,855 12683655,None,11.1773931689784,104.823075050948,01/01/2006,,Operational,HF_LEVEL
715228,210508,HC តាំងយ៉ាប,HC Tang Yab,21,តាកែវ,Takeo,2106,ព្រៃកប្បាស,Prey Kabbas,2105,ព្រៃកប្បាស,Prey Kabass,210613,តាំងយ៉ាប,Tang Yab,21061302,ព្រៃចំបក់,Prey Chambak,DPHI (GPS),HC,Health Center,មណ្ឌលសុខភាព,,អ៊ុយ សុស,855 95 223354,None,11.2021518611747,104.856731352792,01/01/2006,,Operational,HF_LEVEL
946254,210509,HC ព្រៃល្វា,HC Prey Lvea,21,តាកែវ,Takeo,2106,ព្រៃកប្បាស,Prey Kabbas,2105,ព្រៃកប្បាស,Prey Kabass,210610,ព្រៃល្វា,Prey Lvea,21061002,ព្រៃល្វាលិច,Prey Lvea Lech,DPHI (GPS),HC,Health Center,មណ្ឌលសុខភាព,,ឃី ស៊ីថា,855 11823141,None,11.1624006857803,104.95570908818,01/01/2006,,Operational,HF_LEVEL
056366,210510,HC កំពែង,HC Kampeng,21,តាកែវ,Takeo,2106,ព្រៃកប្បាស,Prey Kabbas,2105,ព្រៃកប្បាស,Prey Kabass,210605,កំពែង,Kampeaeng,21060503,តាឡូង,Ta Loung,DPHI (GPS),HC,Health Center,មណ្ឌលសុខភាព,,គួយ វ៉ាន,855 12485957,None,11.0936029076656,104.877676826106,01/01/2006,,Operational,HF_LEVEL
803150,210511,HC ចំប៉ា,HC Champa,21,តាកែវ,Takeo,2106,ព្រៃកប្បាស,Prey Kabbas,2105,ព្រៃកប្បាស,Prey Kabass,210603,ចំប៉ា,Champa,21060302,ឫស្សីថ្មី,Ruessei Thmei,DPHI (GPS),HC,Health Center,មណ្ឌលសុខភាព,,ជា សាវិន,855 92507055,None,11.1645871462501,104.904176524931,01/01/2006,,Operational,HF_LEVEL
382099,210512,HC កំពង់រាប,HC Kampong Reab,21,តាកែវ,Takeo,2106,ព្រៃកប្បាស,Prey Kabbas,2105,ព្រៃកប្បាស,Prey Kabass,210606,កំពង់រាប,Kampong Reab,21060604,កំពង់លាវ,Kampong Leav,DPHI (GPS),HC,Health Center,មណ្ឌលសុខភាព,,គុជ ធឿន,855 89954565,None,11.1619639302358,105.01910152395,01/01/2006,,Operational,HF_LEVEL
165624,210513,HC វ៉ាជាង,HC Va Chieng,21,តាកែវ,Takeo,2106,ព្រៃកប្បាស,Prey Kabbas,2105,ព្រៃកប្បាស,Prey Kabass,210609,ព្រៃកប្បាស,Prey Kabbas,21060905,ព្រៃកប្បាស គ,Prey Kabbas Ko,DPHI (GPS),HC,Health Center,មណ្ឌលសុខភាព,,អ៊ុក សឿន,855 12343006,None,11.0956558181516,104.944795852749,01/01/2006,,Operational,HF_LEVEL
129963,210514,HC ក្រាំងស្លា,HC Kraing Sla,21,តាកែវ,Takeo,2106,ព្រៃកប្បាស,Prey Kabbas,2105,ព្រៃកប្បាស,Prey Kabass,210612,ស្នោ,Snao,21061201,ក្រាំង,Krang,DPHI (GPS),HC,Health Center,មណ្ឌលសុខភាព,,ឡេង ភារ:,855 92298182,None,11.1873050994955,104.924263111974,01/01/2006,,Operational,HF_LEVEL
033568,210515,HC ឆាយគីម អង្កាញ់,HC ChhayKim-AngKanh,21,តាកែវ,Takeo,2106,ព្រៃកប្បាស,Prey Kabbas,2105,ព្រៃកប្បាស,Prey Kabass,210601,អង្កាញ់,Angkanh,21060105,ស្វាយពារ,Svay Pear,DPHI (GPS),HC,Health Center,មណ្ឌលសុខភាព,,ឡុង សោភណ្ឌ័,855 17499749,None,11.0777483419378,104.915983676661,01/01/2006,,Operational,HF_LEVEL
523868,210516,HC ពោធិ៍រំចាក,HC Pou Romchak,21,តាកែវ,Takeo,2106,ព្រៃកប្បាស,Prey Kabass,2105,ព្រៃកប្បាស,Prey Kabass,210608,ពោធិរំចាក,Pou Romchak,21060811,គោកកញ្ចាប់,Kouk Kanhchab,DPHI (GPS),HC,Health Center,មណ្ឌលសុខភាព,,NA,NA,NA,11.1201597173357,104.920875170148,01/03/2019,,Operational,HF_LEVEL;CONTACT_NO
922024,210517,HC ព្រះបាទហ៊ុន ទៀន,HC Preah Bathuntean,21,តាកែវ,Takeo,2101,អង្គរបូរី,Angkor Borei,2105,ព្រៃកប្បាស,Prey Kabass,210101,អង្គរបុរី,Angkor Borei,21010106,សាមគ្គី,Sameakki,DPHI (GPS),HC,Health Center,មណ្ឌលសុខភាព,,NA,NA,NA,10.9997329088085,104.973053496487,01/03/2019,,Operational,HF_LEVEL;CONTACT_NO
693856,NA,HC ចារ,HC Char,21,តាកែវ,Takeo,2106,ព្រៃកប្បាស,Prey Kabbas,2105,ព្រៃកប្បាស,Prey Kabass,210613,ចារ,Tang Yab,21061302,អង្គស្វាយចេក,Prey Chambak,DPHI (GPS),HC,Health Center,មណ្ឌលសុខភាព,,,,,11.2308609465168,104.946042288954,,,Operational,HF_CODE;HF_LEVEL;CONTACT_NO;START_DATE
382364,20151102,RH មន្ទីរពេទ្យបង្អែកអង្គរបូរី,RH Angkor Borei,21,តាកែវ,Takeo,2101,អង្គរបូរី,Angkor Borei,2105,ព្រៃកប្បាស,Prey Kabass,210101,អង្គបូរី,Angkor Borei,21010106,សាមគ្គី,Sameakki,DPHI (GPS),RH,Referral Hospital,មន្ទីរពេទ្យបង្អែកស្រុក,,សេង គីម,855 12968024,None,10.9991600488327,104.973881616568,01/01/2017,,Operational,HF_LEVEL
697584,,HC ក្ដាញ់,HC Kdanh,22,តាកែវ,Takeo,,ព្រៃកប្បាស,Prey Kabbas,2105,ព្រៃកប្បាស,Prey Kabass,,ក្ដាញ់,Kdanh,,ក្ប៉ម,Kporm,DPHI (GPS),HC,Health Center,មណ្ឌលសុខភាព,,,,,,,,,,HF_CODE;HF_LEVEL;DIS_CODE;COM_CODE;VIL_CODE;HF_LAT;HF_LON;CONTACT_NO;STATUS;START_DATE
920680,,HC ព្រៃកផ្ទោល,HC Preakphtol,23,តាកែវ,Takeo,,ព្រៃកប្បាស,Prey Kabass,2105,ព្រៃកប្បាស,Prey Kabass,,ព្រែកផ្ទោល,Preak Ptorl,,ភ្នុំបូរី,Phnom Borey,DPHI (GPS),HC,Health Center,មណ្ឌលសុខភាព,,,,,,,,,,HF_CODE;HF_LEVEL;DIS_CODE;COM_CODE;VIL_CODE;HF_LAT;HF_LON;CONTACT_NO;STATUS;START_DATE
846837,220101,PH មន្ទីរពេទ្យបង្អែកខេត្តឧត្តរមានជ័យ,PH Oddor Meanchey,22,ឧត្តរមានជ័យ,Oddar Meanchey,2204,សំរោង,Samraong,2201,សំរោង,Samraong,220404,សំរោង,Samraong,22040404,ឈូក,Chhuk,DPHI (GPS),PH,Provincial Hospital,មន្ទីរពេទ្យខេត្ត,,អ៊ុក សុមេធា,855 12355 616,None,14.188175,103.517825,01/01/2006,,Operational,HF_LEVEL
721529,220102,HC សំរោង,HC Samraong,22,ឧត្តរមានជ័យ,Oddar Meanchey,2204,សំរោង,Samraong,2201,សំរោង,Samraong,220404,សំរោង,Samraong,22040404,ឈូក,Chhuk,DPHI (GPS),HC,Health Center,មណ្ឌលសុខភាព,,វិបុល ហុងឡាង,855 974851755,None,14.1885147764531,103.518227520214,01/01/2006,,Operational,HF_LEVEL
679310,220103,HC ដូនកែន,HC Don ken,22,ឧត្តរមានជ័យ,Oddar Meanchey,2204,សំរោង,Samraong,2201,សំរោង,Samraong,220404,សំរោង,Samraong,22040414,អូរកន្សែង,Ou Kansaeng,DPHI (GPS),HC,Health Center,មណ្ឌលសុខភាព,,ជិន គារី,855 12974116,None,14.1613978547488,103.519073499011,07/01/2013,,Operational,HF_LEVEL
113742,220104,HC បុស្បូវ,HC Bos Sbov,22,ឧត្តរមានជ័យ,Oddar Meanchey,2204,សំរោង,Samraong,2201,សំរោង,Samraong,220402,បុស្បូវ,Bos Sbov,22040201,បុស្បូវ,Bos Sbov,DPHI (GPS),HC,Health Center,មណ្ឌលសុខភាព,,វ៉ាញ ឯក,855 68529074,None,14.1357227958266,103.486214652009,01/01/2006,,Operational,HF_LEVEL
131798,220105,HC បន្សាយរាក់,HC Bonsay Rak,22,ឧត្តរមានជ័យ,Oddar Meanchey,2204,សំរោង,Samraong,2201,សំរោង,Samraong,220401,បន្សាយរាក់,Bansay Reak,22040101,បន្សាយរាក់,Bansay Reak,DPHI (GPS),HC,Health Center,មណ្ឌលសុខភាព,,ឃុន សម្បត្តិ,855 975653923,None,14.2355168775919,103.463100366225,07/01/2013,,Operational,HF_LEVEL
011458,220106,HC កូនក្រៀល,HC Kaun Kriel,22,ឧត្តរមានជ័យ,Oddar Meanchey,2204,សំរោង,Samraong,2201,សំរោង,Samraong,220403,កូនក្រៀល,Koun Kriel,22040306,ថ្មី,Thmey,DPHI (GPS),HC,Health Center,មណ្ឌលសុខភាព,,លី ធីដា,855 972676622,None,14.2443242235507,103.572655266415,01/01/2006,,Operational,HF_LEVEL
227997,220107,HC អូរស្មាច់,HC Ou Smach,22,ឧត្តរមានជ័យ,Oddar Meanchey,2204,សំរោង,Samraong,2201,សំរោង,Samraong,220405,អូរស្មាច់,Ou Smach,22040506,គីរីមង្គល,Kiri Mongkol,DPHI (GPS),HC,Health Center,មណ្ឌលសុខភាព,,ចាប ភឿន,855 90550466,None,14.4162513770612,103.696368974848,01/01/2006,,Operational,HF_LEVEL
368485,220108,HC គោកភ្លុក,HC Kok Plok,22,ឧត្តរមានជ័យ,Oddar Meanchey,2204,សំរោង,Samraong,2201,សំរោង,Samraong,220403,កូនក្រៀល,Koun Kriel,22040320,គោកភ្លុក,Kouk Phluk,DPHI (GPS),HC,Health Center,មណ្ឌលសុខភាព,,នេម វ៉ាន់ដុង,855 885168181,None,14.245645,103.743153,01/01/2014,,Operational,HF_LEVEL
205088,220109,HC សំរោងសែនជ័យ,HC Samroung Senchey,22,ឧត្តរមានជ័យ,Oddar Meanchey,2204,សំរោង,Samraong,2201,សំរោង,Samraong,220403,កូនក្រៀល,Koun Kriel,22040328,សំរោងសែនជ័យ១,Samroang Saenchey 1,DPHI (GPS),HC,Health Center,មណ្ឌលសុខភាព,,លី រតនា,855 8844495 49,None,14.3041962483747,103.687090884642,01/01/2015,,Operational,HF_LEVEL
033703,220110,HC ត្រពាំងម្អមសែនជ័យ,HC Trapeang Morm Sen Chey,22,ឧត្តរមានជ័យ,Oddar Meanchey,2204,សំរោង,Samraong,2201,សំរោង,Samraong,220401,បន្សាយរាក់,Bansay Reak,22040107,ត្រពាំងម្អមសែនជ័យ,Trapeang Maom Saen Chey,DPHI (GPS),HC,Health Center,មណ្ឌលសុខភាព,,ពាង ជិត,855 66771422,None,14.2928462694612,103.453194266658,01/01/2016,,Operational,HF_LEVEL
123285,220111,HC ពង្រ,HC Pong Ro,22,ឧត្តរមានជ័យ,Oddar Meanchey,2203,ចុងកាល់,Chong Kal,2201,សំរោង,Samraong,220304,ពង្រ,Pongro,22030401,ពង្រ,Pongro,DPHI (GPS),HC,Health Center,មណ្ឌលសុខភាព,,សុខ ប៊ុនហេង,855 77927878,None,14.0513870352038,103.552026669295,01/01/2006,,Operational,HF_LEVEL
873871,220112,HC ចុងកាល់,HC Chong Kal,22,ឧត្តរមានជ័យ,Oddar Meanchey,2203,ចុងកាល់,Chong Kal,2201,សំរោង,Samraong,220302,ចុងកាល់,Chong Kal,22030202,គោកវត្ដ,Kouk Voat,DPHI (GPS),HC,Health Center,មណ្ឌលសុខភាព,,ឃួន ស៊ី,855 67383858,None,13.9528200923335,103.574441469907,01/01/2006,,Operational,HF_LEVEL
992179,220113,HC ក្រសាំង,HC Kror Saing,22,ឧត្តរមានជ័យ,Oddar Meanchey,2203,ចុងកាល់,Chong Kal,2201,សំរោង,Samraong,220303,ក្រសាំង,Krasang,22030304,គោកស្ពាន,Kouk Spean,DPHI (GPS),HC,Health Center,មណ្ឌលសុខភាព,,ផឿន ផែន,855 71695 6423,None,14.0278010583895,103.475682702152,07/01/2013,,Operational,HF_LEVEL
352167,220114,HC គោកមន,HC Kouk Mon,22,ឧត្តរមានជ័យ,Oddar Meanchey,2202,បន្ទាយអំពិល,Banteay Ampil,2201,សំរោង,Samraong,220204,គោកមន,Kouk Mon,22020403,គោកមន,Kouk Mon,DPHI (GPS),HC,Health Center,មណ្ឌលសុខភាព,,ហុក ប៊ុនធឿន,855 68921168,None,14.163994,103.289412,01/01/2006,,Operational,HF_LEVEL
023888,220115,HC គោកខ្ពស់,HC Kouk Khpos,22,ឧត្តរមានជ័យ,Oddar Meanchey,2202,បន្ទាយអំពិល,Banteay Ampil,2201,សំរោង,Samraong,220203,គោកខ្ពស់,Kouk Khpos,22020301,គោកខ្ពស់,Kouk Khpos,DPHI (GPS),HC,Health Center,មណ្ឌលសុខភាព,,ចៅ សុខុម,855 978797486,None,14.2387149805141,103.331188911027,01/01/2006,,Operational,HF_LEVEL
061554,220116,HC អំពិល,HC Ampil,22,ឧត្តរមានជ័យ,Oddar Meanchey,2202,បន្ទាយអំពិល,Banteay Ampil,2201,សំរោង,Samraong,220201,អំពិល,Ampil,22020119,អំពិលថ្មី,Ampil Thmey,DPHI (GPS),HC,Health Center,មណ្ឌលសុខភាព,,ណាត គីនីន,855 978221586,None,14.2373845851584,103.126331623969,01/01/2006,,Operational,HF_LEVEL
512095,220117,HC បេង,HC Beng,22,ឧត្តរមានជ័យ,Oddar Meanchey,2202,បន្ទាយអំពិល,Banteay Ampil,2201,សំរោង,Samraong,220202,បេង,Beng,22020212,តាម៉ាថ្មី,Ta Ma Thmey,DPHI (GPS),HC,Health Center,មណ្ឌលសុខភាព,,មួន ណារិន,855 977412918,None,14.1122408856293,103.297598947747,01/01/2006,,Operational,HF_LEVEL
865491,220118,HC ឈូក,HC Chhouk,22,ឧត្តរមានជ័យ,Oddar Meanchey,2202,បន្ទាយអំពិល,Banteay Ampil,2201,សំរោង,Samraong,220204,គោកមន,Kouk Mon,22020410,សិទ្ធសេរី,Sitserey,DPHI (GPS),HC,Health Center,មណ្ឌលសុខភាព,,គុយ លីវឿន,855 975886803,None,14.2591005582789,103.271111772179,01/01/2006,,Operational,HF_LEVEL
326224,220119,HC វល្លិ៍យាវ,HC Vor Yav,22,ឧត្តរមានជ័យ,Oddar Meanchey,2202,បន្ទាយអំពិល,Banteay Ampil,2201,សំរោង,Samraong,220202,បេង,Beng,22020207,វល្លិយាវ,Voa Yeav,DPHI (GPS),HC,Health Center,មណ្ឌលសុខភាព,,ស្ងួន ឃឿត,855 88255 7282,None,14.0705770988055,103.202952902434,07/01/2013,,Operational,HF_LEVEL
529139,220120,HC តាមាន់​សែនជ័យ,HC Tamun Senchey,22,ឧត្តរមានជ័យ,Oddar Meanchey,2202,បន្ទាយអំពិល,Banteay Ampil,2201,សំរោង,Samraong,220204,គោកមន,Kouk Mon,22020419,តាមាន់សែនជ័យ,Tamoan Saenchey,DPHI (GPS),HC,Health Center,មណ្ឌលសុខភាព,,កែវ ចំរើន,855 888823938,None,14.3272048663536,103.268568436108,01/01/2015,,Operational,HF_LEVEL
620996,220121,HC តេជោថ្មដូន,HC TechoThmardon,22,ឧត្តរមានជ័យ,Oddar Meanchey,2202,បន្ទាយអំពិល,Banteay Ampil,2201,សំរោង,Samraong,220204,គោកមន,Kouk Mon,22020416,ថ្មដូន,Thma Doun,DPHI (GPS),HC,Health Center,មណ្ឌលសុខភាព,,ម៉ុន ភីម,855 888896646,None,14.3495018917671,103.320634450028,01/01/2015,,Operational,HF_LEVEL
155780,220122,HC សែនមនោរម្យ ១ និង២,HC Senmonorom 1​ & 2,22,ឧត្តរមានជ័យ,Oddar Meanchey,2202,បន្ទាយអំពិល,Banteay Ampil,2201,សំរោង,Samraong,220203,គោកខ្ពស់,Kouk Khpos,22020311,សែនមនោរម្យ១,Saen Monorom 1,DPHI (GPS),HC,Health Center,មណ្ឌលសុខភាព,,អ៊ុក ធា,855 977220023,None,14.3376010594597,103.370017800585,01/01/2015,,Operational,HF_LEVEL
280584,220123,HC ហាលៀមសែនជ័យ,HC HaLeam SenChey,22,ឧត្តរមានជ័យ,Oddar Meanchey,2202,បន្ទាយអំពិល,Banteay Ampil,2201,សំរោង,Samraong,220201,អំពិល,Ampil,22020130,ហាលៀមសែនជ័យ,Ha Leam Saenchey,DPHI (GPS),HC,Health Center,មណ្ឌលសុខភាព,,ផាន វីយា,855 719991855,None,14.2876644246933,103.12189996625,01/06/2015,,Operational,HF_LEVEL
843375,220124,HC រំដួលសែនជ័យ,HC Romduol SenChey,22,ឧត្តរមានជ័យ,Oddar Meanchey,2202,បន្ទាយអំពិល,Banteay Ampil,2201,សំរោង,Samraong,220201,អំពិល,Ampil,22020131,រំដួលសែនជ័យ,Rumdul Saenchey,DPHI (GPS),HC,Health Center,មណ្ឌលសុខភាព,,ច្រឹក សុណា,855 973688488,None,14.247041212923,103.049931610422,01/06/2015,,Operational,HF_LEVEL
304344,220125,HC អំពិលសែនជ័យ,HC Ampil Sen Chey,22,ឧត្តរមានជ័យ,Oddar Meanchey,2202,បន្ទាយអំពិល,Banteay Ampil,2201,សំរោង,Samraong,220201,អំពិល,Ampil,22020115,ជប់គគីលិច,Chobkoki lich,DPHI (GPS),HC,Health Center,មណ្ឌលសុខភាព,,ហី ប៉ៃលិន,855 979924660,None,14.305005768971,103.184692383351,01/05/2018,,Operational,HF_LEVEL
728156,220126,HC គោកមនសែនជ័យ,HC Kokmon SenChey,22,ឧត្តរមានជ័យ,Oddar Meanchey,2202,បន្ទាយអំពិល,Banteay Ampil,2201,សំរោង,Samraong,220201,អំពិល,Ampil,22020124,គោកឪឡោក,Kouk Ovlaok,DPHI (GPS),HC,Health Center,មណ្ឌលសុខភាព,,ពល ភក្តី,855 886808777,None,14.132958,103.154291,01/05/2018,,Operational,HF_LEVEL
965545,220127,HC ស្រះកែវ,HC Srash Keo,22,ឧត្តរមានជ័យ,Oddar Meanchey,2203,ចុងកាល់,Chong Kal,2201,សំរោង,Samraong,220302,ចុងកាល់,Chong Kal,22030406,ស្រះកែវ,Srash Keo,DPHI (GPS),HC,Health Center,មណ្ឌលសុខភាព,,តឹង ចាន់រ៉ា,855 882901343,None,14.0363815927559,103.711298544157,01/05/2018,,Operational,HF_LEVEL
000553,220201,RH មន្ទីរពេទ្យបង្អែក​អន្លង់វែង,RH Anlong Vaeng,22,ឧត្តរមានជ័យ,Oddar Meanchey,2201,អន្លង់វែង,Anlong Veaeng,2202,អន្លង់វែង,Anlong Veng,220101,អន្លង់វែង,Anlong Veaeng,22010102,អូរជញ្ជៀន,Ou Chenhchien,DPHI (GPS),RH,Referral Hospital,មន្ទីរពេទ្យបង្អែកស្រុក,,សេង សំអាត,855 977878716,None,14.23489,104.08129,01/01/2006,,Operational,HF_LEVEL
607539,220202,HC អន្លង់វែង,HC Anlong Veng,22,ឧត្តរមានជ័យ,Oddar Meanchey,2201,អន្លង់វែង,Anlong Veaeng,2202,អន្លង់វែង,Anlong Veng,220101,អន្លង់វែង,Anlong Veaeng,22010102,អូរជញ្ជៀន,Ou Chenhchien,DPHI (GPS),HC,Health Center,មណ្ឌលសុខភាព,,ជា សារួន,855 11717865,None,14.23472,104.08054,01/01/2006,,Operational,HF_LEVEL
487352,220203,HC ត្រពាំងតាវ,HC Trapaing Taov,22,ឧត្តរមានជ័យ,Oddar Meanchey,2201,អន្លង់វែង,Anlong Veaeng,2202,អន្លង់វែង,Anlong Veng,220103,ត្រពាំងតាវ,Trapeang Tav,22010305,ទួលស្វាយ,Tuol Svay,DPHI (GPS),HC,Health Center,មណ្ឌលសុខភាព,,ប្រាក់ ណាវិន,855 86565293,None,14.22239,103.89311,01/01/2006,,Operational,HF_LEVEL
252981,220204,HC ត្រពាំងប្រិយ៍,HC Trapaing Prey,22,ឧត្តរមានជ័យ,Oddar Meanchey,2201,អន្លង់វែង,Anlong Veaeng,2202,អន្លង់វែង,Anlong Veng,220104,ត្រពាំងប្រីយ៍,Trapeang Prei,22010411,ទួលសាលា,Tuol Sala,DPHI (GPS),HC,Health Center,មណ្ឌលសុខភាព,,យន់ សារីម,855 11236823,None,14.29014,104.09825,01/01/2006,,Operational,HF_LEVEL
410147,220205,HC រំចេក,HC Rom Chek,22,ឧត្តរមានជ័យ,Oddar Meanchey,2201,អន្លង់វែង,Anlong Veaeng,2202,អន្លង់វែង,Anlong Veng,220101,អន្លង់វែង,Anlong Veaeng,22010113,ថ្នល់ថ្មី,Thnal Thmey,DPHI (GPS),HC,Health Center,មណ្ឌលសុខភាព,,រុន ណាល់,855 974779123,None,14.12442,104.11478,01/02/2011,,Operational,HF_LEVEL
137520,220206,HC ទួលស្វាយសែនជ័យ,HC Tuol Svay Sen Chey,22,ឧត្តរមានជ័យ,Oddar Meanchey,2201,អន្លង់វែង,Anlong Veaeng,2202,អន្លង់វែង,Anlong Veng,220103,ត្រពាំងតាវ,Trapeang Tav,22010310,ទួលស្វាយសែនជ័យ,Tuol Svay Saen Chey,DPHI (GPS),HC,Health Center,មណ្ឌលសុខភាព,,យន់ យ៉ាំ,855 12324126,None,14.2702351883921,103.900407078495,01/01/2006,,Operational,HF_LEVEL
457817,220207,HC ផ្អាវ,HC Pha Av,22,ឧត្តរមានជ័យ,Oddar Meanchey,2205,ត្រពាំងប្រាសាទ,Trapeang Prasat,2202,អន្លង់វែង,Anlong Veng,220502,ផ្អាវ,Ph'av,22050209,ពពេល,Popel,DPHI (GPS),HC,Health Center,មណ្ឌលសុខភាព,,ចូត ចន,855 976732661,None,14.2195929879032,104.235025127019,01/02/2011,,Operational,HF_LEVEL
737583,220208,HC ត្រពាំងប្រាសាទ,HC Trapeang Prasat,22,ឧត្តរមានជ័យ,Oddar Meanchey,2205,ត្រពាំងប្រាសាទ,Trapeang Prasat,2202,អន្លង់វែង,Anlong Veng,220506,ត្រពាំងប្រាសាទ,Trapeang Prasat,22050606,ត្រពាំងប្រាសាទ,Trapeang Prasat,DPHI (GPS),HC,Health Center,មណ្ឌលសុខភាព,,សឿង ម៉ៅ,855 11759545,None,14.1972810797594,104.356633491821,01/01/2006,,Operational,HF_LEVEL
222934,220209,HC ទំនប់ដាច់,HC Tumnup Dach,22,ឧត្តរមានជ័យ,Oddar Meanchey,2205,ត្រពាំងប្រាសាទ,Trapeang Prasat,2202,អន្លង់វែង,Anlong Veng,220505,ទំនប់ដាច់,Tumnob Dach,22050504,ទំនប់ដាច់,Tumnob Dach,DPHI (GPS),HC,Health Center,មណ្ឌលសុខភាព,,នុន ប៊ុនឆុន,855 9755 66770,None,14.28426,104.46685,01/01/2006,,Operational,HF_LEVEL
722874,220210,HC អូរក្រូច,HC O Krouch,22,ឧត្តរមានជ័យ,Oddar Meanchey,2205,ត្រពាំងប្រាសាទ,Trapeang Prasat,2202,អន្លង់វែង,Anlong Veng,220506,ត្រពាំងប្រាសាទ,Trapeang Prasat,22050602,អូរក្រូច,Ou Krouch,DPHI (GPS),HC,Health Center,មណ្ឌលសុខភាព,,អ៊ុក សារ៉ន,855 975467441,None,14.0270380532892,104.347904893833,01/02/2011,,Operational,HF_LEVEL
498294,220211,HC ពពេលសែនជ័យ,HC Popel SenChey,22,ឧត្តរមានជ័យ,Oddar Meanchey,2205,ត្រពាំងប្រាសាទ,Trapeang Prasat,2202,អន្លង់វែង,Anlong Veng,220502,ផ្អាវ,Ph'av,22050212,ពពេលសែនជ័យ,Popel Saenchey,DPHI (GPS),HC,Health Center,មណ្ឌលសុខភាព,,ឆើត អុន,855 9755 66823,None,14.2537626040336,104.236206847209,01/01/2015,,Operational,HF_LEVEL
337398,220212,HC ប្រាសាទក្រហមសែនជ័យ,HC BrosatKrahormSenChey,22,ឧត្តរមានជ័យ,Oddar Meanchey,2205,ត្រពាំងប្រាសាទ,Trapeang Prasat,2202,អន្លង់វែង,Anlong Veng,220504,ព្រះប្រឡាយ,Preah Pralay,22050406,ប្រាសាទក្រហមសែនជ័យ,Prasat Krohom Saenchey,DPHI (GPS),HC,Health Center,មណ្ឌលសុខភាព,,ជុច ស៊ីម,855 97565 4866,None,14.2896924064033,104.542919936815,01/01/2015,,Operational,HF_LEVEL
958606,220213,HC ដីក្រហម,HC Diey Kraham,22,ឧត្តរមានជ័យ,Oddar Meanchey,2205,ត្រពាំងប្រាសាទ,Trapeang Prasat,2202,អន្លង់វែង,Anlong Veng,220506,ត្រពាំងប្រាសាទ,Trapeang Prasat,22050617,ដីក្រហម,Dei krohom,DPHI (GPS),HC,Health Center,មណ្ឌលសុខភាព,,ពិច មន,855 977777130,None,14.1136448440473,104.350785147208,01/09/2022,,Operational,HF_LEVEL
711579,220214,HC គោកសំព័រ,HC KokSampor,22,ឧត្តរមានជ័យ,Oddar Meanchey,2201,អន្លង់វែង,Anlong Veaeng,2202,អន្លង់វែង,Anlong Veng,220106,លំទង,Lomtong,22010610,គោកសំព័រ,Koksampor,DPHI (GPS),HC,Health Center,មណ្ឌលសុខភាព,,ចយ សៀងឡន,855 886155777,None,14.05138,103.5338,29/11/2023,,,HF_LEVEL;STATUS
532937,230101,PH មន្ទីរពេទ្យខេត្តកែប,PH Kep,23,កែប,Kep,2302,កែប,Kaeb,2301,កែប,Kep,230201,កែប,Kaeb,23020101,កែប,Kaeb,KEP (GPS),PH,Provincial Hospital,មន្ទីរពេទ្យខេត្ត,,នួន សំនៀងសត្យា,855 12572779,None,10.482753,104.316848,01/01/2016,,Operational,HF_LEVEL
493607,230102,HC ព្រៃធំ,HC Prey Thum,23,កែប,Kep,2302,កែប,Kaeb,2301,កែប,Kep,230202,ព្រៃធំ,Prey Thum,23020201,ដំណាក់ចង្អើរ,Damnak Chang'aeur,DPHI (GPS),HC,Health Center,មណ្ឌលសុខភាព,,កែវ ណារី,855 16300222,None,10.5357757337341,104.321110840683,01/01/2006,,Operational,HF_LEVEL
615744,230103,HC អូរក្រសារ,HC O Krasar,23,កែប,Kep,2301,កែប,Kaeb,2301,កែប,Kep,230203,អូរក្រសារ,Ou Krasar,23020302,ដំណាក់ចំបក់,Damnak Chambak,DPHI (GPS),HC,Health Center,មណ្ឌលសុខភាព,,ហ៊ុន​ សុខគា,855 16584686,None,10.5590681306366,104.281105414997,01/01/2006,,Operational,HF_LEVEL
489986,230104,HC ពងទឹក,HC Pong Teuk,23,កែប,Kep,2301,ដំណាក់ចង្អើរ,Damnak Chang'aeur,2301,កែប,Kep,230103,ពងទឹក,Pong Tuek,23010303,ភ្នំលាវ,Phnum Leav,DPHI (GPS),HC,Health Center,មណ្ឌលសុខភាព,,លៀម ម៉េងវ៉ាន់,855 16335345,None,10.5282533526847,104.367324707904,01/01/2006,,Operational,HF_LEVEL
186244,230105,HC អង្គោល,HC Angkoul,23,កែប,Kep,2301,ដំណាក់ចង្អើរ,Damnak Chang'aeur,2301,កែប,Kep,230101,អង្កោល,Angkaol,23010101,អំពេង,Ampeng,DPHI (GPS),HC,Health Center,មណ្ឌលសុខភាព,,លៀម ម៉េងស្រៀម,855 963380716,None,10.486139031948,104.391486438554,01/01/2006,,Operational,HF_LEVEL
533480,230106,HC ចំការបី,HC Chomkar Bei,23,កែប,Kep,2301,ដំណាក់ចង្អើរ,Damnak Chang'aeur,2301,កែប,Kep,230103,ពងទឹក,Pong Tuek,23010307,អន្ទង់ស,Antung Sar,KEP (GPS),HC,Health Center,មណ្ឌលសុខភាព,,សៅ ឆាយ,855 969949194,None,10.5572020245952,104.388694643301,01/02/2017,,Operational,HF_LEVEL
585601,240101,PH មន្ទីរពេទ្យខេត្តប៉ៃលិន,PH Pailin,24,ប៉ៃលិន,Pailin,2401,ប៉ៃលិន,Pailin,2401,ប៉ៃលិន,Pailin,240101,ប៉ៃលិន,Pailin,24010106,វត្ដ,Voat,DPHI (GPS),PH,Provincial Hospital,មន្ទីរពេទ្យខេត្ត,,តែង សារដ្ឋ,855 978789499,sarathteng7@gmail.com,12.8543036520507,102.610474701261,01/01/2006,,Operational,HF_LEVEL
150582,240102,HC សួនកុមារ,HC Suon Koma,24,ប៉ៃលិន,Pailin,2401,ប៉ៃលិន,Pailin,2401,ប៉ៃលិន,Pailin,240101,ប៉ៃលិន,Pailin,24010106,វត្ដ,Voat,DPHI (GPS),HC,Health Center,មណ្ឌលសុខភាព,,លឿ​ ពិរុណ,855 16710871,loeur.pyrun@gmail.com,12.8549990280068,102.610686116313,01/01/2006,,Operational,HF_LEVEL
942740,240103,HC អូរច្រា,HC Ou chra,24,ប៉ៃលិន,Pailin,2401,ប៉ៃលិន,Pailin,2401,ប៉ៃលិន,Pailin,240103,ទួលល្វា,Tuol Lvea,24010303,អូរច្រាកណ្ដាល,Ou Chra Kandal,DPHI (GPS),HC,Health Center,មណ្ឌលសុខភាព,,ភូ ប៊ន,855 92167535,phoubon4@gmail.com,12.8718857161013,102.585367153972,01/01/2006,,Operational,HF_LEVEL
855856,240104,HC ភ្នំស្ពង់,HC Phnom Spong,24,ប៉ៃលិន,Pailin,2402,សាលាក្រៅ,Sala Krau,2401,ប៉ៃលិន,Pailin,240201,សាលាក្រៅ,Sala Krau,24020102,ភ្នំស្ពង់,Phnum Spong,Pailin (GPS),HC,Health Center,មណ្ឌលសុខភាព,,ឡុង យ៉េម,855 964055502,240104phnomspong@gmail.com,12.954592,102.589528,01/01/2006,,Operational,HF_LEVEL
857968,240105,HC ភ្នំព្រាល,HC Phnom Preal,24,ប៉ៃលិន,Pailin,2402,សាលាក្រៅ,Sala Krau,2401,ប៉ៃលិន,Pailin,240202,ស្ទឹងត្រង់,Stueng Trang,24020211,ដីស្អិត,Dei S'et,DPHI (GPS),HC,Health Center,មណ្ឌលសុខភាព,,ធឿង សាគីន,855 974049840,hcphnompreal@gmail.com,13.07972195,102.6859207,01/01/2006,,Operational,HF_LEVEL
953545,240106,HC ផ្សារព្រំ,HC Phsar Prom,24,ប៉ៃលិន,Pailin,2402,សាលាក្រៅ,Sala Krau,2401,ប៉ៃលិន,Pailin,240203,ស្ទឹងកាច់,Stueng Kach,24020316,ផ្សារព្រំជើង,Phsar Prum Choeung,DPHI (GPS),HC,Health Center,មណ្ឌលសុខភាព,,សុន ចន្នី,855 92379873,sonchanny@gmail.com,12.9314094227604,102.503138029506,01/09/2007,,Operational,HF_LEVEL
531427,240107,HC ក្រចាប់,HC Krachab,24,ប៉ៃលិន,Pailin,2401,ប៉ៃលិន,Pailin,2401,ប៉ៃលិន,Pailin,240102,អូរតាវ៉ៅ,Ou Ta Vau,24010205,ដីក្រហម,Dei Kraham,Pailin (GPS),HC,Health Center,មណ្ឌលសុខភាព,,ឡុង ប៊ុនថង,855 12729500,longbunthang3@gmail.com,12.7749330002329,102.739379398192,19/04/2008,,Operational,HF_LEVEL
234106,240108,HC អូរចិតប្រាំ,HC Ou Chetbram,24,ប៉ៃលិន,Pailin,2401,ប៉ៃលិន,Pailin,2401,ប៉ៃលិន,Pailin,000000,,,00000000,,,DPHI (GPS),HC,Health Center,មណ្ឌលសុខភាព,,NA,NA,NA,12.9556128047651,102.738003062403,01/02/2021,,Operational,HF_LEVEL;CONTACT_NO
507804,NA,HP ស្រែលើសែនជ័យ,HP Sreleu Senchey,25,ត្បូងឃ្មុំ,Tboung Khmum,2503,មេមត់,Memot,2504,មេមត់,Memut,250303,ជាំក្រវៀន,Chaom Kravien,25030302,ក្រវៀនជើង,Kravien Cheung,DPHI (GPS),HP,Health Post,ប៉ុស្តិ៍សុខភាព,,ឆិ វុន,0885866400,chhevun40@gmail.com,11.70802576,106.3817833,01/03/2011,,Operational,HF_CODE;HF_LEVEL
822515,030101,RH មន្ទីរពេទ្យបង្អែកចំការលើ,RH Chamkar Leu,03,កំពង់ចាម,Kampong Cham,0302,ចំការលើ,Chamkar Leu,0301,ចំការលើ,Chamkar Leu,030206,ស្វាយទាប,Svay Teab,03020612,ថ្នល់បែកកើត,Thnal Baek Kaeut,DPHI (GPS),RH,Referral Hospital,មន្ទីរពេទ្យបង្អែកស្រុក,,តាន់ គីមឆេង,855 12​402505,None,12.3125767636592,105.279790190093,01/01/2016,https://maps.app.goo.gl/x7pyB5MXvKpJG3dK6,Operational,HF_LEVEL
826679,030102,HC ដូនធី,HC Daun Thi,03,កំពង់ចាម,Kampong Cham,0302,ចំការលើ,Chamkar Leu,0301,ចំការលើ,Chamkar Leu,030201,បុសខ្នុរ,Bos Khnor,03020102,ដូនធី,Doun Thi,DPHI (GPS),HC,Health Center,មណ្ឌលសុខភាព,,តាំង​ ឈុនហាក់,855 97 4144944,None,12.1259403804801,105.337601399465,01/01/2006,https://maps.app.goo.gl/1Li89Ms2pipsR9CfA?g_st=com.google.maps.preview.copy,Operational,HF_LEVEL
010611,030103,HC បុសខ្នុរ,HC Bos Khnaor,03,កំពង់ចាម,Kampong Cham,0302,ចំការលើ,Chamkar Leu,0301,ចំការលើ,Chamkar Leu,030201,បុសខ្នុរ,Bos Khnor,03020105,បុសខ្នុរ,Bos Khnor,DPHI (GPS),HC,Health Center,មណ្ឌលសុខភាព,,ឈាវ កុសល,855 97 9996844,None,12.1812007750065,105.322424405937,01/01/2006,https://maps.app.goo.gl/5cUWMJ8VHndQNCDS7?g_st=com.google.maps.preview.copy,Operational,HF_LEVEL
098941,030104,HC តាអុង,HC Ta Ong,03,កំពង់ចាម,Kampong Cham,0302,ចំការលើ,Chamkar Leu,0301,ចំការលើ,Chamkar Leu,030207,តាអុង,Ta Ong,03020701,តាអុង,Ta Ong,DPHI (GPS),HC,Health Center,មណ្ឌលសុខភាព,,ជឹម រតនៈ,855 979845488,None,12.2360519222313,105.300649127556,01/01/2006,https://maps.app.goo.gl/uqhbJFAprSRNRDTy9?g_st=com.google.maps.preview.copy,Operational,HF_LEVEL
306604,030105,HC តាំងក្រង,HC Taing Krang,03,កំពង់ចាម,Kampong Cham,0302,ចំការលើ,Chamkar Leu,0301,ចំការលើ,Chamkar Leu,030206,ស្វាយទាប,Svay Teab,03020607,តាំងក្រង់,Tang Krang,DPHI (GPS),HC,Health Center,មណ្ឌលសុខភាព,,ជុំ ចាន់,855 88 9530000,None,12.2646975522171,105.287702138026,01/01/2006,https://maps.app.goo.gl/yi97EnuyQECKnAs1A?g_st=com.google.maps.preview.copy,Operational,HF_LEVEL
645891,030106,HC ស្វាយទាប,HC Svay Teab,03,កំពង់ចាម,Kampong Cham,0302,ចំការលើ,Chamkar Leu,0301,ចំការលើ,Chamkar Leu,030206,ស្វាយទាប,Svay Teab,03020612,ថ្នល់បែកកើត,Thnal Baek Kaeut,DPHI (GPS),HC,Health Center,មណ្ឌលសុខភាព,,ទៀង សារិន,855 979299904,None,12.31235,105.27941,01/01/2006,https://maps.app.goo.gl/RmueHDbWaYBgoHbg6?g_st=com.google.maps.preview.copy,Operational,HF_LEVEL
598445,030107,HC ស្ពឺ,HC Speu,03,កំពង់ចាម,Kampong Cham,0302,ចំការលើ,Chamkar Leu,0301,ចំការលើ,Chamkar Leu,030205,ស្ពឺ,Spueu,03020507,ស្ពឺកើត,Spueu Kaeut,DPHI (GPS),HC,Health Center,មណ្ឌលសុខភាព,,ឈាវ លឹមសេង,855 99292981,None,12.32664079,105.3350779,01/01/2006,https://maps.app.goo.gl/waQR4YGprM9S8LG7A?g_st=com.google.maps.preview.copy,Operational,HF_LEVEL
331167,030108,HC ជយោ,HC Cheyo,03,កំពង់ចាម,Kampong Cham,0302,ចំការលើ,Chamkar Leu,0301,ចំការលើ,Chamkar Leu,030203,ជយោ,Cheyyou,03020303,អូរប៉ិះ,Ou Peh,DPHI (GPS),HC,Health Center,មណ្ឌលសុខភាព,,និន ហ៊ុច,855 77505266,None,12.320342059631,105.358094181011,01/01/2006,https://maps.app.goo.gl/hNa6XyiHbc4iPje19?g_st=com.google.maps.preview.copy,Operational,HF_LEVEL
030837,030109,HC ចំការអណ្តូង,HC Chamkar Andoung,03,កំពង់ចាម,Kampong Cham,0302,ចំការលើ,Chamkar Leu,0301,ចំការលើ,Chamkar Leu,030202,ចំការអណ្ដូង,Chamkar Andoung,03020202,សូរជៃ,Souchey,DPHI (GPS),HC,Health Center,មណ្ឌលសុខភាព,,ខាត់ សំណាង,855​ 89 594343,None,12.3415677098636,105.169727312334,01/01/2006,https://maps.app.goo.gl/M5nhB2BMiKHSUgmg6?g_st=it,Operational,HF_LEVEL
615603,030110,HC តាប្រុក,HC Ta Prok,03,កំពង់ចាម,Kampong Cham,0302,ចំការលើ,Chamkar Leu,0301,ចំការលើ,Chamkar Leu,030208,តាប្រុក,Ta Prok,03020801,ស្រែប្រាំង,Srae Prang,DPHI (GPS),HC,Health Center,មណ្ឌលសុខភាព,,ហោ រចនា,855 97 5522258,None,12.3871300145981,105.210676103212,01/01/2006,https://maps.app.goo.gl/yi97EnuyQECKnAs1A?g_st=com.google.maps.preview.copy,Operational,HF_LEVEL
433402,030111,HC ល្វាលើ,HC Lvea Leu,03,កំពង់ចាម,Kampong Cham,0302,ចំការលើ,Chamkar Leu,0301,ចំការលើ,Chamkar Leu,030204,ល្វាលើ,Lvea Leu,03020405,ល្វាជើង,Lvea Cheung,DPHI (GPS),HC,Health Center,មណ្ឌលសុខភាព,,អេង ឌីណា,855 88 9191620,None,12.3413878763274,105.284192817753,01/01/2006,https://maps.app.goo.gl/ksdngzg5HezfqxaK7?g_st=com.google.maps.preview.copy,Operational,HF_LEVEL
704446,030115,HC ចំការកៅស៊ូចំការអណ្តូង,HC Chamkar Kaosou Chamkar Andoung,03,កំពង់ចាម,Kampong Cham,0302,ចំការលើ,Chamkar Leu,0301,ចំការលើ,Chamkar Leu,030202,តាប្រុក,Ta Prok,03020208,តាប៉ាង១,Ta Pang 1,Survey123 (WHO),HC,Health Center,មណ្ឌលសុខភាព,,វ៉ាន់ កតវេទិតា,855 88 5727797,None,12.3799532,105.2208834,20/01/2011,https://maps.app.goo.gl/jhhwrmod1ZkJf5AV9?g_st=com.google.maps.preview.copy,Operational,HF_LEVEL
266063,030116,HC ស្វាយមាស,HC Svay Meas,03,កំពង់ចាម,Kampong Cham,0302,ចំការលើ,Chamkar Leu,0301,ចំការលើ,Chamkar Leu,030207,បុសខ្នុរ,Bos Khnor,03020711,បាំង​ ១,Baing 1,DPHI (GPS),HC,Health Center,មណ្ឌលសុខភាព,,ហោ បញ្ញារិទ្ធ,855 12459378,None,12.202727,105.3138937,01/03/2012,https://maps.app.goo.gl/jnYqh48kBkx6BaNh6?g_st=com.google.maps.preview.copy,Operational,HF_LEVEL
151071,030325,RH មន្ទីរពេទ្យបងែ្អកហ៊ុនសែនស្ទឹងត្រង់,RH Hun Sen Stueng Trang,03,កំពង់ចាម,Kampong Cham,0315,ស្ទឹងត្រង់,Stueng Trang,0311,ស្ទឹងត្រង់,Stueng Trang,031510,ព្រែកកក់,Preak Kak,03151004,ត្នោតតាសាយ,Tnaot Ta Say,Survey123 (WHO),RH,Referral Hospital,មន្ទីរពេទ្យបង្អែកស្រុក,,កៀត តេង,855 92322413,None,12.2569379,105.5334328,01/10/2011,https://maps.app.goo.gl/B9d9Wx6uohUF4uEy9,Operational,HF_LEVEL
998454,030112,HC មេសរជ្រៃ,HC Me Sar Chrey,03,កំពង់ចាម,Kampong Cham,0315,ស្ទឹងត្រង់,Stueng Trang,0311,ស្ទឹងត្រង់,Stueng Trang,031505,មេសរជ្រៃ,Me Sar Chrey,03150503,បុសពោធិ,Bos Pou,DPHI (GPS),HC,Health Center,មណ្ឌលសុខភាព,,ស៊ាង ណាត,855 12780780,None,12.2990837560943,105.409401668459,01/01/2006,https://maps.app.goo.gl/9ii55WWeyjrKsAkRA,Operational,HF_LEVEL
334641,030113,HC ដងក្តារ,HC Dang Kdar,03,កំពង់ចាម,Kampong Cham,0315,ស្ទឹងត្រង់,Stueng Trang,0311,ស្ទឹងត្រង់,Stueng Trang,031503,ដងក្ដារ,Dang Kdar,03150301,សន្ទិចកើត,Santich Kaeut,DPHI (GPS),HC,Health Center,មណ្ឌលសុខភាព,,ឆាយ បំណង,855 11717385,None,12.3741354020775,105.480452004128,01/01/2006,https://maps.app.goo.gl/mhVe5QKfjxfUe8hp9,Operational,HF_LEVEL
432842,030114,HC សូភាស,HC Sopheas,03,កំពង់ចាម,Kampong Cham,0315,ស្ទឹងត្រង់,Stueng Trang,0311,ស្ទឹងត្រង់,Stueng Trang,031512,សូភាស,Soupheas,03151201,សូភាស,Soupheas,DPHI (GPS),HC,Health Center,មណ្ឌលសុខភាព,,លោក ឃឹម ឈឿង,855 12405918,None,12.2704442300735,105.422388343627,01/01/2006,https://maps.app.goo.gl/diuxm5ZCN4pQB7dA6,Operational,HF_LEVEL
181098,030320,HC ព្រែកកក់,HC Prek Kak,03,កំពង់ចាម,Kampong Cham,0315,ស្ទឹងត្រង់,Stueng Trang,0311,ស្ទឹងត្រង់,Stueng Trang,031510,ព្រែកកក់,Preak Kak,03151004,ត្នោតតាសាយ,Tnaot Ta Say,DPHI (GPS),HC,Health Center,មណ្ឌលសុខភាព,,ឌីន សុខុម,855 78275082,None,12.25638,105.53355,01/01/2006,https://maps.app.goo.gl/B9d9Wx6uohUF4uEy9,Operational,HF_LEVEL
927252,030321,HC ព្រែកបាក់,HC Prek Bak,03,កំពង់ចាម,Kampong Cham,0315,ស្ទឹងត្រង់,Stueng Trang,0311,ស្ទឹងត្រង់,Stueng Trang,031509,ព្រែកបាក់,Preaek Bak,03150904,ព្រែកព្រះអង្គ,Preaek Preah Angk,Survey123 (WHO),HC,Health Center,មណ្ឌលសុខភាព,,ចាន់ សារ៉ាត់,855 16448898,None,12.1852073,105.5206597,01/07/2014,https://maps.app.goo.gl/6ELH6Pru6bsU4jS37,Operational,HF_LEVEL
036098,030409,HC ខ្ពបតាងួន,HC Khpob Ta Nguon,03,កំពង់ចាម,Kampong Cham,0315,ស្ទឹងត្រង់,Stueng Trang,0311,ស្ទឹងត្រង់,Stueng Trang,031504,ខ្ពបតាងួន,Khpob Ta Nguon,03150404,ខ្ពបតាងួន,Khpob Ta Nguon,DPHI (GPS),HC,Health Center,មណ្ឌលសុខភាព,,ឡៅ ស៊ីផា,855 12453761,None,12.2878782239597,105.717311206696,01/01/2006,https://maps.app.goo.gl/cgpcY6QxwECZ96r77,Operational,HF_LEVEL
622545,030410,HC ពាមកោះស្នា,HC Peam Koh Sna,03,កំពង់ចាម,Kampong Cham,0315,ស្ទឹងត្រង់,Stueng Trang,0311,ស្ទឹងត្រង់,Stueng Trang,031507,ពាមកោះស្នា,Peam Kaoh Snar,03150702,ពាមក្នុង,Peam Knong,DPHI (GPS),HC,Health Center,មណ្ឌលសុខភាព,,ស៊ើង ប៊ុន្នី,855 12485230,None,12.3001957254608,105.668899032804,01/01/2006,https://maps.app.goo.gl/8c5nHjRajuh5dGAP8,Operational,HF_LEVEL
514902,030411,HC អារក្សត្នោត,HC Aractnout,03,កំពង់ចាម,Kampong Cham,0315,ស្ទឹងត្រង់,Stueng Trang,0311,ស្ទឹងត្រង់,Stueng Trang,031501,អារក្សត្នោត,Areaks Tnot,03150105,បែកអន្លូង,Baek Anlung,DPHI (GPS),HC,Health Center,មណ្ឌលសុខភាព,,ខាត់ បូរីន,855 92392816,None,12.359471134344,105.5933004823,01/01/2006,https://maps.app.goo.gl/j1X1uzjS3QFqNNfU6,Operational,HF_LEVEL
314349,030412,HC ទួលសំបូរ,HC Tourl Sambour,03,កំពង់ចាម,Kampong Cham,0315,ស្ទឹងត្រង់,Stueng Trang,0311,ស្ទឹងត្រង់,Stueng Trang,031514,ទួលសំបួរ,Tuol Sambuor,03151402,ពោន,Poun,Survey123 (WHO),HC,Health Center,មណ្ឌលសុខភាព,,វ៉ា លាងសេង,855 973444465,None,12.4175183,105.6755733,01/01/2006,https://maps.app.goo.gl/xBSKo53iEnmcdGWD8,Operational,HF_LEVEL
617968,031101,HC ទួលព្រះឃ្លាំង,HC Tuol Preah Khlaing,03,កំពង់ចាម,Kampong Cham,0315,ស្ទឹងត្រង់,Stueng Trang,0311,ស្ទឹងត្រង់,Stueng Trang,031513,ទួលព្រះឃ្លាំង,Tuol Preah Khleang,03151305,ដូនទរ,Doun Tor,Survey123 (WHO),HC,Health Center,មណ្ឌលសុខភាព,,យេត យាត,855 977338977,None,12.2248094,105.4574337,01/01/2006,https://maps.app.goo.gl/BaqbfkQo6uDgKTo79,Operational,HF_LEVEL
570028,031102,HC អូរម្លូ,HC O Malu,03,កំពង់ចាម,Kampong Cham,0315,ស្ទឹងត្រង់,Stueng Trang,0311,ស្ទឹងត្រង់,Stueng Trang,031506,អូរម្លូ,Ou Mlu,03150601,ខ្ទួយទី១,Khtuoy Ti Muoy,Survey123 (WHO),HC,Health Center,មណ្ឌលសុខភាព,,ស៊ូ សុភ័ត្រា,855 87782015,None,12.394398342587,105.534386237793,01/01/2014,https://maps.app.goo.gl/RLPwEZ7yRd1nwQ4F7,Operational,HF_LEVEL
621526,031104,HC មាឃ៣,HC Meakh 3,03,កំពង់ចាម,Kampong Cham,0315,ស្ទឹងត្រង់,Stueng Trang,0311,ស្ទឹងត្រង់,Stueng Trang,031510,ព្រែកកក់,Preak Kak,03151022,មាឃ ៣,Meakh Bei,Survey123 (WHO),HC,Health Center,មណ្ឌលសុខភាព,,ហេង សុខុម,855 86280893,None,12.2781377,105.5232355,01/01/2016,https://maps.app.goo.gl/7fubFiMpzW68HiPP6,Operational,HF_LEVEL
938291,030201,RH មន្ទីរពេទ្យបង្អែកជើងព្រៃ,RH Choeung Prey,03,កំពង់ចាម,Kampong Cham,0303,ជើងព្រៃ,Cheung Prey,0302,ជើងព្រៃ,Choeung Prey,030308,សូទិព្វ,Soutib,03030802,ស្គន់,Skon,DPHI (GPS),RH,Referral Hospital,មន្ទីរពេទ្យបង្អែកស្រុក,,លុយ សែន,855 12765 580,None,12.055507264403,105.072537535406,01/01/2016,https://maps.app.goo.gl/djrEGxKJhXqz6ag58,Operational,HF_LEVEL
654852,030202,HC សំពងជ័យ,HC Sampong Chey,03,កំពង់ចាម,Kampong Cham,0303,ជើងព្រៃ,Cheung Prey,0302,ជើងព្រៃ,Choeung Prey,030306,សំពងជ័យ,Sampong Chey,03030609,បាខម,Bakham,DPHI (GPS),HC,Health Center,មណ្ឌលសុខភាព,,ងួន សុខលាង,855 17 855 907,None,12.1868162306917,105.126918210887,01/01/2006,https://maps.app.goo.gl/gyBqHdzBaNWPS3oF7,Operational,HF_LEVEL
543706,030203,HC ព្រីងជ្រុំ,HC Pring Chrum,03,កំពង់ចាម,Kampong Cham,0303,ជើងព្រៃ,Cheung Prey,0302,ជើងព្រៃ,Choeung Prey,030305,ព្រីងជ្រុំ,Pring Chrum,03030502,ត្រពាំងទឹម,Trapeang Tuem,DPHI (GPS),HC,Health Center,មណ្ឌលសុខភាព,,ប៊ី សុខម៉ៅ,855 96 440 1456,None,12.176299222467,105.054211872186,01/01/2006,https://maps.app.goo.gl/Shy8hWfJ2qZ8i6Kk7,Operational,HF_LEVEL
151349,030204,HC ស្តើងជ័យ,HC Sdaeung Chey,03,កំពង់ចាម,Kampong Cham,0303,ជើងព្រៃ,Cheung Prey,0302,ជើងព្រៃ,Choeung Prey,030307,ស្ដើងជ័យ,Sdaeung Chey,03030702,ស្ដើងជ័យ,Sdaeung Chey,DPHI (GPS),HC,Health Center,មណ្ឌលសុខភាព,,ជា សារី,855 89436958,None,12.0987712144536,105.072406018713,01/01/2006,https://maps.app.goo.gl/wHUh3RvPWPbn3FJXA,Operational,HF_LEVEL
986913,030205,HC ស្អាង,HC Saang,03,កំពង់ចាម,Kampong Cham,0303,ជើងព្រៃ,Cheung Prey,0302,ជើងព្រៃ,Choeung Prey,030310,ត្រពាំងគរ,Trapeang Kor,03031002,ស្អាង,S'ang,DPHI (GPS),HC,Health Center,មណ្ឌលសុខភាព,,ស៊ីម សុវណ្ណនី,855 17438685,None,12.1201690610759,105.125470487817,01/01/2006,https://maps.app.goo.gl/bAps74WGgafX6LyM9,Operational,HF_LEVEL
065385,030206,HC ស្គន់,HC Skun,03,កំពង់ចាម,Kampong Cham,0303,ជើងព្រៃ,Cheung Prey,0302,ជើងព្រៃ,Choeung Prey,030308,សូទិព្វ,Soutib,03030802,ស្គន់,Skon,DPHI (GPS),HC,Health Center,មណ្ឌលសុខភាព,,ឈាង ស្រីតូច,855 77 554 733,None,12.055647358317,105.072360722413,01/01/2006,https://maps.app.goo.gl/djrEGxKJhXqz6ag58,Operational,HF_LEVEL
552152,030207,HC ដូនដុំ,HC Daun Dom,03,កំពង់ចាម,Kampong Cham,0303,ជើងព្រៃ,Cheung Prey,0302,ជើងព្រៃ,Choeung Prey,030308,សូទិព្វ,Soutib,03030806,ដូនដុំ,Doun Dom,DPHI (GPS),HC,Health Center,មណ្ឌលសុខភាព,,ហ៊ាន ហ៊ុល,855 11324046,None,12.018153,105.0695,01/01/2006,https://maps.app.goo.gl/VbyFwxwYQ2VRgFtR6?g_st=it,Operational,HF_LEVEL
555258,030208,HC ខ្នុរដំបង,HC Khnor Dambang,03,កំពង់ចាម,Kampong Cham,0303,ជើងព្រៃ,Cheung Prey,0302,ជើងព្រៃ,Choeung Prey,030301,ខ្នុរដំបង,Khnor Dambang,03030102,ខ្នុរដំបង,Khnor Dambang,DPHI (GPS),HC,Health Center,មណ្ឌលសុខភាព,,ជុំ ផល្លា,855 99 660 658,None,12.0175067627715,105.015166265679,01/01/2006,https://maps.app.goo.gl/QSsRDARB4gKZMesG7,Operational,HF_LEVEL
393775,030213,RH មន្ទីរពេទ្យបង្អែកបាធាយ,RH Batheay,03,កំពង់ចាម,Kampong Cham,0301,បាធាយ,Batheay,0312,បាធាយ,Batheay,030101,បាធាយ,Batheay,03010102,បាធាយ,Batheay,DPHI (GPS),RH,Referral Hospital,មន្ទីរពេទ្យបង្អែកស្រុក,,ទូច ហួត,855 12960295,None,11.9856337664698,104.940968364343,01/01/2016,https://maps.app.goo.gl/c8r4tZxUkShFSRyt9,Operational,HF_LEVEL
536824,030209,HC ទំនប់,HC Tumnub,03,កំពង់ចាម,Kampong Cham,0301,បាធាយ,Batheay,0312,បាធាយ,Batheay,030112,ទំនប់,Tumnob,03011203,ដូនប៉ែន,Doun Paen,DPHI (GPS),HC,Health Center,មណ្ឌលសុខភាព,,ណុប សោភា,855 92237196,None,12.0862040270749,104.973818854394,01/01/2006,https://maps.app.goo.gl/6AeMwz9vYrgWjqc69,Operational,HF_LEVEL
681740,030210,HC ជើងព្រៃ,HC Cheung Prey,03,កំពង់ចាម,Kampong Cham,0301,បាធាយ,Batheay,0312,បាធាយ,Batheay,030104,ជើងព្រៃ,Cheung Prey,03010401,ជើងព្រៃ,Cheung Prey,DPHI (GPS),HC,Health Center,មណ្ឌលសុខភាព,,ជា អុន,855 882589469,None,12.0573083264038,104.969561013289,01/01/2006,https://maps.app.goo.gl/dH9RPyxFE43j2QBh9,Operational,HF_LEVEL
381319,030211,HC ផ្អាវ,HC Phaav,03,កំពង់ចាម,Kampong Cham,0301,បាធាយ,Batheay,0312,បាធាយ,Batheay,030106,ផ្អាវ,Ph'av,03010601,ផ្អាវ,Ph'av,DPHI (GPS),HC,Health Center,មណ្ឌលសុខភាព,,ហាក់ ណារ៉េត,855 17473222,None,12.0283906900551,104.966647808053,01/01/2006,https://maps.app.goo.gl/HRJmbEbmEKnqLVhSA,Operational,HF_LEVEL
386856,030212,HC ជើងឆ្នុក,HC Cheung Chhnok,03,កំពង់ចាម,Kampong Cham,0301,បាធាយ,Batheay,0312,បាធាយ,Batheay,030109,តាំងក្រាំង,Tang Krang,03010902,ជើងឆ្នុក,Cheung Chhnok,DPHI (GPS),HC,Health Center,មណ្ឌលសុខភាព,,រស់ ចំរើន,855 12548961,None,11.8814412342567,104.936014633805,01/01/2006,https://maps.app.goo.gl/i8WdhF2q4hC9mkZE8,Operational,HF_LEVEL
063876,030214,HC សណ្តែក,HC Sandaek,03,កំពង់ចាម,Kampong Cham,0301,បាធាយ,Batheay,0312,បាធាយ,Batheay,030108,សណ្ដែក,Sandaek,03010801,កប៉ាល់,Kakpal,DPHI (GPS),HC,Health Center,មណ្ឌលសុខភាព,,ជ័យ ហ៊ាង,855 92894717,None,12.1224211457091,104.972965018713,01/01/2006,https://maps.app.goo.gl/P3vDA8mP1B2Z3KDv7,Operational,HF_LEVEL
406291,030215,HC សំបូរ,HC Sambour,03,កំពង់ចាម,Kampong Cham,0301,បាធាយ,Batheay,0312,បាធាយ,Batheay,030107,សំបូរ,Sambour,03010701,សំបូរ,Sambour,DPHI (GPS),HC,Health Center,មណ្ឌលសុខភាព,,គង់ ពលៈ,855 12368994,None,11.8679502491557,104.852220596702,01/01/2006,https://maps.app.goo.gl/fyhbMKshW6pS4VrV7,Operational,HF_LEVEL
628268,030216,HC បាធាយ,HC Batheay,03,កំពង់ចាម,Kampong Cham,0301,បាធាយ,Batheay,0312,បាធាយ,Batheay,030101,បាធាយ,Batheay,03010102,បាធាយ,Batheay,Survey123 (WHO),HC,Health Center,មណ្ឌលសុខភាព,,អ៊ុន ឈុនលី,855 98539669,None,11.9857665,104.9409177,01/01/2006,https://maps.app.goo.gl/x5rtnKC3WiFy53jX8,Operational,HF_LEVEL
922441,030217,HC ត្រប់,HC Trob,03,កំពង់ចាម,Kampong Cham,0301,បាធាយ,Batheay,0312,បាធាយ,Batheay,030111,ត្រប់,Trab,03011107,ត្រប់,Trab,Survey123 (WHO),HC,Health Center,មណ្ឌលសុខភាព,,សៀក សាល,855 12866256,None,12.1389687,104.942646,01/06/2017,https://maps.app.goo.gl/aCgn2S8Vz2ngUqaW6,Operational,HF_LEVEL
574288,030218,HC តាំងក្រសាំង,HC Tang Krasaing,03,កំពង់ចាម,Kampong Cham,0301,បាធាយ,Batheay,0312,បាធាយ,Batheay,030110,តាំងក្រសាំង,Tang Krasang,03011005,ត្រាវ ភ្នី,Trav Phni,Survey123 (WHO),HC,Health Center,មណ្ឌលសុខភាព,,ជា  លីតា,855 17551146,None,12.0855592,104.9534794,01/02/2019,https://maps.app.goo.gl/mVnZCYdUd5uxw8MCA,Operational,HF_LEVEL
842357,030219,HC ច្បារអំពៅ,HC Chbar Ampov,03,កំពង់ចាម,Kampong Cham,0301,បាធាយ,Batheay,0312,បាធាយ,Batheay,030102,ច្បារអំពៅ,Chbar Ampov,03010202,ទួលច័ន្ទ,Toul Chan,Survey123 (WHO),HC,Health Center,មណ្ឌលសុខភាព,,ប៉ុន នាត,855 85658236,None,11.9179438,104.9723775,01/05/2020,https://maps.app.goo.gl/yGGTVjtJKhB4uYGv6,Operational,HF_LEVEL
461281,030221,HC ជាលា​,HC Chea Lea,03,កំពង់ចាម,Kampong Cham,0302,បាធាយ,Batheay,0312,បាធាយ,Batheay,030110,ជាលា​,Chea Lea,,ជាលា,Chea Lea,,HC,Health Center,មណ្ឌលសុខភាព,,ទូច ឈុនហ៊ូយ,855 98236563,None,11.8986076,104.347201,19/3/2025,https://maps.app.goo.gl/zzzVS8K8Bew1PtNb8,Operational,HF_LEVEL;OWNERSHIP;VIL_CODE
463290,030220,HC មេព្រីង,HC Mepring,03,កំពង់ចាម,Kampong Cham,0303,បាធាយ,Batheay,0312,បាធាយ,Batheay,030102,មេព្រីង,Mepring,,មេព្រីង,Mepring,,HC,Health Center,មណ្ឌលសុខភាព,,ឡឹក ឡេន,855 93806080,None,12.0220737,104.7971349,19/3/2025,https://maps.app.goo.gl/xc9nE3oF3vipWSvx9,Operational,HF_LEVEL;OWNERSHIP;VIL_CODE
323477,030301,PH មន្ទីរពេទ្យខេត្តកំពង់ចាម,PH Kampong Cham,03,កំពង់ចាម,Kampong Cham,0305,កំពង់ចាម,Kampong Cham,0303,កំពង់ចាម - កំពង់សៀម,Kampong Cham - Kg. Siem,030502,កំពង់ចាម,Kampong Cham,03050201,ភូមិ ទី ៧,Phum Ti Prampir,DPHI (GPS),PH,Provincial Hospital,មន្ទីរពេទ្យខេត្ត,,យិន ស៊ីណាត,855 12682808,yinsinath@gmail.com,11.9930176568775,105.460990964357,01/01/2006,https://maps.app.goo.gl/ZZvzuqe7z7pzLhZYA,Operational,HF_LEVEL
218212,030302,HC បឹងកុក,HC Boeng Kok,03,កំពង់ចាម,Kampong Cham,0305,កំពង់ចាម,Kampong Cham,0303,កំពង់ចាម - កំពង់សៀម,Kampong Cham - Kg. Siem,030502,កំពង់ចាម,Kampong Cham,03050201,ភូមិ ទី ៧,Phum Ti Prampir,DPHI (GPS),HC,Health Center,មណ្ឌលសុខភាព,,ហ៊ី ចិន្តា,855 11 765 184,None,11.9940056344393,105.460096123608,01/01/2006,https://maps.app.goo.gl/vRwPckkYU1CU9GPc7,Operational,HF_LEVEL
698122,030303,HC សំបួរមាស,HC Sambuor Meas,03,កំពង់ចាម,Kampong Cham,0305,កំពង់ចាម,Kampong Cham,0303,កំពង់ចាម - កំពង់សៀម,Kampong Cham - Kg. Siem,030503,សំបួរមាស,Sambuor Meas,03050307,ព្រែកដើមចាន់,Preaek Daeum Chan,DPHI (GPS),HC,Health Center,មណ្ឌលសុខភាព,,ហ៊ូ ចន្ទថា,855 12960216,None,11.9730726556297,105.44592210119,01/01/2006,https://maps.app.goo.gl/4tPg8GdaYzLwxeu49,Operational,HF_LEVEL
227206,030304,HC វាលវង់,HC Veal Vong,03,កំពង់ចាម,Kampong Cham,0305,កំពង់ចាម,Kampong Cham,0303,កំពង់ចាម - កំពង់សៀម,Kampong Cham - Kg. Siem,030504,វាលវង់,Veal Vong,03050403,ភូមិ ទី ៣,Phum Ti Bei,DPHI (GPS),HC,Health Center,មណ្ឌលសុខភាព,,ប៊ុន សុខឃីម,855 11852872,None,11.9833989562392,105.462141658589,01/01/2006,https://maps.app.goo.gl/iK9kNEWUPdXpy1da7,Operational,HF_LEVEL
104847,030305,HC ហាន់ជ័យ,HC Han Chey,03,កំពង់ចាម,Kampong Cham,0306,កំពង់សៀម,Kampong Siem,0303,កំពង់ចាម - កំពង់សៀម,Kampong Cham - Kg. Siem,030602,ហាន់ជ័យ,Hanchey,03060203,ល្វាទេ,Lvea Te,DPHI (GPS),HC,Health Center,មណ្ឌលសុខភាព,,លី វុទ្ធី,855 12344801,None,12.1390529775819,105.527583259152,01/01/2006,https://maps.app.goo.gl/cKqHoq8w1mhNuSqG9,Operational,HF_LEVEL
608020,030306,HC កៀនជ្រៃ,HC Kien Chrey,03,កំពង់ចាម,Kampong Cham,0306,កំពង់សៀម,Kampong Siem,0303,កំពង់ចាម - កំពង់សៀម,Kampong Cham - Kg. Siem,030603,កៀនជ្រៃ,Kien Chrey,03060303,ស្ពានថ្មី,Spean Thmei,DPHI (GPS),HC,Health Center,មណ្ឌលសុខភាព,,ហ៊ាង គន្ធា,855 12 624 015,None,12.0720919544493,105.496842630938,01/01/2006,https://maps.app.goo.gl/kEtMfW9h9g7nnmjFA,Operational,HF_LEVEL
348977,030307,HC កោះសំរោង,HC Koh Samraong,03,កំពង់ចាម,Kampong Cham,0306,កំពង់សៀម,Kampong Siem,0303,កំពង់ចាម - កំពង់សៀម,Kampong Cham - Kg. Siem,030607,កោះសំរោង,Kaoh Samraong,03060704,ភូមិ ទី ៤,Phum Ti Buon,DPHI (GPS),HC,Health Center,មណ្ឌលសុខភាព,,គង់ នី,855 976408426,None,12.0615747569606,105.527604420136,01/01/2006,https://maps.app.goo.gl/mVXLxQWRceLjKcDH7,Operational,HF_LEVEL
978989,030308,HC កោះមិត្ត,HC Koh Mith,03,កំពង់ចាម,Kampong Cham,0306,កំពង់សៀម,Kampong Siem,0303,កំពង់ចាម - កំពង់សៀម,Kampong Cham - Kg. Siem,030605,កោះមិត្ដ,Kaoh Mitt,03060502,កោះប៉ែន ខ,Kaoh Paen Kha,DPHI (GPS),HC,Health Center,មណ្ឌលសុខភាព,,ឆាយ ស៊ីណា,855 979663223,None,11.9435425418038,105.448565313188,01/01/2006,https://maps.app.goo.gl/vFr5QjPHQqrqbVjv5,Operational,HF_LEVEL
448499,030309,HC កោះរកា,HC Koh Roka,03,កំពង់ចាម,Kampong Cham,0306,កំពង់សៀម,Kampong Siem,0303,កំពង់ចាម - កំពង់សៀម,Kampong Cham - Kg. Siem,030606,កោះរកា,Kaoh Roka,03060603,ដំបងដែក,Dambang Daek,DPHI (GPS),HC,Health Center,មណ្ឌលសុខភាព,,ស៊ុន សុផល,855 85 415084,None,11.9484695479666,105.401441773324,01/01/2006,https://maps.app.goo.gl/M3SBFP3bjCEfwDDb9,Operational,HF_LEVEL
114321,030310,HC អំពិល,HC Ampil,03,កំពង់ចាម,Kampong Cham,0306,កំពង់សៀម,Kampong Siem,0303,កំពង់ចាម - កំពង់សៀម,Kampong Cham - Kg. Siem,030601,អំពិល,Ampil,03060101,អណ្ដូងច្រុះ,Andoung Chroh,DPHI (GPS),HC,Health Center,មណ្ឌលសុខភាព,,សុខ វ៉ាន់ឌី,855 12759096,None,12.0248769906655,105.415293565872,01/01/2006,https://maps.app.goo.gl/mLNkHQexGWa3B7hJ8,Operational,HF_LEVEL
295122,030311,HC វិហារធំ,HC Vihear Thum,03,កំពង់ចាម,Kampong Cham,0306,កំពង់សៀម,Kampong Siem,0303,កំពង់ចាម - កំពង់សៀម,Kampong Cham - Kg. Siem,030615,វិហារធំ,Vihear Thum,03061503,គោកគ្រាម,Kouk Kream,DPHI (GPS),HC,Health Center,មណ្ឌលសុខភាព,,ឌីម សុខឃីម,855 12338792,None,12.0103915244402,105.369922123827,01/01/2006,https://maps.app.goo.gl/Bv6QoG4XcbJMJEon6,Operational,HF_LEVEL
923661,030312,HC ក្រឡា,HC Krala,03,កំពង់ចាម,Kampong Cham,0306,កំពង់សៀម,Kampong Siem,0303,កំពង់ចាម - កំពង់សៀម,Kampong Cham - Kg. Siem,030609,ក្រឡា,Krala,03060905,ត្រពាំងជ្រៃ,Trapeang Chrey,DPHI (GPS),HC,Health Center,មណ្ឌលសុខភាព,,ហួត សុធន់,855 92 649 988,None,12.0438963526629,105.390166020891,01/01/2006,https://maps.app.goo.gl/kTYkmhoeew4oUj7r9,Operational,HF_LEVEL
150004,030313,HC ទ្រាន,HC Trean,03,កំពង់ចាម,Kampong Cham,0306,កំពង់សៀម,Kampong Siem,0303,កំពង់ចាម - កំពង់សៀម,Kampong Cham - Kg. Siem,030614,ទ្រាន,Trean,03061411,ទួលត្រាច,Tuol Trach,DPHI (GPS),HC,Health Center,មណ្ឌលសុខភាព,,យីម តុងហេង,855 77253788,None,12.0609154822043,105.428950098471,01/01/2006,https://maps.app.goo.gl/pEBW5Pu8Vkw1Fxka7,Operational,HF_LEVEL
922751,030324,HC គគរ,HC Kokor,03,កំពង់ចាម,Kampong Cham,0306,កំពង់សៀម,Kampong Siem,0303,កំពង់ចាម - កំពង់សៀម,Kampong Cham - Kg. Siem,030604,គគរ,Kokor,03060402,គគរ២,Kokor Pir,Survey123 (WHO),HC,Health Center,មណ្ឌលសុខភាព,,ហាក់ រ៉ាមី,855 968513137,None,11.9392171651464,105.37076636679,01/01/2006,https://maps.app.goo.gl/adsuhNz81zoEXDkNA,Operational,HF_LEVEL
306657,030326,HC ស្រក,HC Srork,03,កំពង់ចាម,Kampong Cham,0306,កំពង់សៀម,Kampong Siem,0303,កំពង់ចាម - កំពង់សៀម,Kampong Cham - Kg. Siem,030613,ស្រក,Srak,03061301,ល្ពាក,Lpeak,Survey123 (WHO),HC,Health Center,មណ្ឌលសុខភាព,,សេង សាន,855 12942236,None,12.1299106,105.4285945,01/02/2014,https://maps.app.goo.gl/bfUm9MEpEwzY31CC8,Operational,HF_LEVEL
665481,030327,HC អូរស្វាយ,HC Ou Svay,03,កំពង់ចាម,Kampong Cham,0305,កំពង់សៀម,Kampong Siem,0303,កំពង់ចាម - កំពង់សៀម,Kampong Cham - Kg. Siem,030610,អូរស្វាយ,Ou Svay,03061005,ត្រពាំងកក់,Tranpeang Kak,Survey123 (WHO),HC,Health Center,មណ្ឌលសុខភាព,,លាង សុម៉ាលី,855 886074040,None,12.0864907659397,105.385360548871,01/03/2020,https://maps.app.goo.gl/vP4QW2s3TSWQmMEv9,Operational,HF_LEVEL
310423,030610,RH មន្ទីរពេទ្យបង្អែកកោះសូទិន,RH Koh Sotin,03,កំពង់ចាម,Kampong Cham,0308,កោះសូទិន,Kaoh Soutin,0313,កោះសូទិន,Koh Sotin,030806,ពាមប្រធ្នោះ,Peam Prathnuoh,03080601,ផ្សារថ្មី,Phsar Thmei,DPHI (GPS),RH,Referral Hospital,មន្ទីរពេទ្យបង្អែកស្រុក,,ហ៊ុយ ស្រីពៅ,855 89407678,None,11.8893090220847,105.43080159605,01/10/2018,https://maps.app.goo.gl/ARjaskTAuCnrNURE7,Operational,HF_LEVEL
061598,030314,HC ព្រែកតានង់,HC Prek Ta Nong,03,កំពង់ចាម,Kampong Cham,0308,កោះសូទិន,Kaoh Soutin,0313,កោះសូទិន,Koh Sotin,030808,ព្រែកតានង់,Preaek Ta Nong,03080802,ភូមិ ទី២,Phum Ti Pir,DPHI (GPS),HC,Health Center,មណ្ឌលសុខភាព,,សួន ធឿន,855 12661824,None,11.906821818829,105.278920975386,01/01/2006,https://maps.app.goo.gl/nod563X94CL1N2156,Operational,HF_LEVEL
582507,030315,HC មហាខ្ញូង,HC Moha Khnhoung,03,កំពង់ចាម,Kampong Cham,0308,កោះសូទិន,Kaoh Soutin,0313,កោះសូទិន,Koh Sotin,030805,មហាខ្ញូង,Moha Khnhoung,03080504,កំពង់ចម្លង,Kampong Chamlang,DPHI (GPS),HC,Health Center,មណ្ឌលសុខភាព,,ស៊ាង តុលា,855 99722979,None,11.9268738833026,105.318908106062,01/01/2006,https://maps.app.goo.gl/qCZRXm6goLkNX9FR8,Operational,HF_LEVEL
922192,030316,HC កោះសូទិន,HC Koh Sotin,03,កំពង់ចាម,Kampong Cham,0308,កោះសូទិន,Kaoh Soutin,0313,កោះសូទិន,Koh Sotin,030802,កោះសូទិន,Kaoh Sotin,03080204,ភូមិទី៤,Phum Ti Buon,DPHI (GPS),HC,Health Center,មណ្ឌលសុខភាព,,អេង កញ្ញា,855 977564654,None,11.9185347624099,105.431504004658,01/01/2006,https://maps.app.goo.gl/ckVctfknypKiFCJK9,Operational,HF_LEVEL
168104,030318,HC ល្វេ,HC Love,03,កំពង់ចាម,Kampong Cham,0308,កោះសូទិន,Kaoh Soutin,0313,កោះសូទិន,Koh Sotin,030803,ល្វេ,Lve,03080304,បទស្រីទន្ទឹង,Bat Srei Tontueng,DPHI (GPS),HC,Health Center,មណ្ឌលសុខភាព,,សាង ស៊ាងឡេង,855 979683888,None,11.8415521353458,105.390139905576,01/01/2006,https://maps.app.goo.gl/T56EKoajkRapjP3S6,Operational,HF_LEVEL
806936,030319,HC កំពង់រាប,HC Kampong Reab,03,កំពង់ចាម,Kampong Cham,0308,កោះសូទិន,Kaoh Soutin,0313,កោះសូទិន,Koh Sotin,030801,កំពង់រាប,Kampong Reab,03080104,កំពង់រាបក្រោម,Kampong Reab Kraom,DPHI (GPS),HC,Health Center,មណ្ឌលសុខភាព,,សំរិទ្ទ វ៉ាន់ឌី,855 12339188,None,11.911518157314,105.362992872182,01/01/2006,https://maps.app.goo.gl/uzqzWLz4VXi8XrVD8,Operational,HF_LEVEL
892572,030609,HC ពង្រ-មហាលាភ,HC Pongro-Moha Leaph,03,កំពង់ចាម,Kampong Cham,0308,កោះសូទិន,Kaoh Soutin,0313,កោះសូទិន,Koh Sotin,030804,មហាលាភ,Moha Leaph,03080402,មហាលាភជើង,Moha Leaph Cheung,DPHI (GPS),HC,Health Center,មណ្ឌលសុខភាព,,ហ៊ាង ឆេងលី,855 99207357,None,11.8708497600467,105.42395519078,01/01/2006,https://maps.app.goo.gl/ANaYSNxfW4rwb1Ae7,Operational,HF_LEVEL
557094,030611,HC ពាមប្រធ្នោះ,HC Peam Prathnuoh,03,កំពង់ចាម,Kampong Cham,0308,កោះសូទិន,Kaoh Soutin,0313,កោះសូទិន,Koh Sotin,030806,ពាមប្រធ្នោះ,Peam Prathnuoh,03080601,ផ្សារថ្មី,Phsar Thmei,DPHI (GPS),HC,Health Center,មណ្ឌលសុខភាព,,ស៊ុយ ណារ៉ុម,855 714514444,None,11.8893873,105.4308196,01/01/2022,https://maps.app.goo.gl/CB5kxvikDLYf2wt76,Operational,HF_LEVEL
318433,030801,RH មន្ទីរពេទ្យបង្អែកព្រៃឈរ,RH Prey Chhor,03,កំពង់ចាម,Kampong Cham,0313,ព្រៃឈរ,Prey Chhor,0308,ព្រៃឈរ,Prey Chhor,031303,ជ្រៃវៀន,Chrey Vien,03130302,ដូនដី,Doun Dei,DPHI (GPS),RH,Referral Hospital,មន្ទីរពេទ្យបង្អែកស្រុក,,លួង សាវុយ,855 12 903 130,None,12.058211320973,105.254927241668,01/01/2006,https://maps.app.goo.gl/ukccvbRqTnVKjjaK9,Operational,HF_LEVEL
068577,030802,HC ត្រពាំងព្រះ,HC Trapeang Preah,03,កំពង់ចាម,Kampong Cham,0313,ព្រៃឈរ,Prey Chhor,0308,ព្រៃឈរ,Prey Chhor,031315,ត្រពាំងព្រះ,Trapeang Preah,03131524,ត្រពាំងក្រសាំង,Trapeang Krasang,DPHI (GPS),HC,Health Center,មណ្ឌលសុខភាព,,លាង សុឃី,855 11 994 382,None,12.0546127553872,105.30311804481,01/01/2006,https://maps.app.goo.gl/ZiGfJcfvTwHJNHyL9,Operational,HF_LEVEL
281338,030803,HC មៀន,HC Mien,03,កំពង់ចាម,Kampong Cham,0313,ព្រៃឈរ,Prey Chhor,0308,ព្រៃឈរ,Prey Chhor,031308,មៀន,Mien,03130804,ត្រពាំងឈូក,Trapeang Chhuk,DPHI (GPS),HC,Health Center,មណ្ឌលសុខភាព,,យ៉ាន គឹមអឿន,855 12 596 936,None,12.0437783851792,105.297722446082,01/01/2006,https://maps.app.goo.gl/kJxbAVaJJqUrZjA29,Operational,HF_LEVEL
896458,030804,HC ស្រងែ,HC Sra Nge,03,កំពង់ចាម,Kampong Cham,0313,ព្រៃឈរ,Prey Chhor,0308,ព្រៃឈរ,Prey Chhor,031311,សំរោង,Samraong,03131107,សូដី,Soudei,DPHI (GPS),HC,Health Center,មណ្ឌលសុខភាព,,លឹម ណារិទ្ធ,855 12 623 438,None,12.050414241732,105.136796289147,01/01/2006,https://maps.app.goo.gl/DQPAfiWWbW8sLpq9A,Operational,HF_LEVEL
665729,030805,HC សូរសែន្យ,HC So Sen,03,កំពង់ចាម,Kampong Cham,0313,ព្រៃឈរ,Prey Chhor,0308,ព្រៃឈរ,Prey Chhor,031310,សូរ្យសែន,Sour Saen,03131001,សូរ្យសែន,Sour Saen,DPHI (GPS),HC,Health Center,មណ្ឌលសុខភាព,,ចត សារ៉ា,855 92 669 833,None,12.0814631963499,105.166409712272,01/01/2006,https://maps.app.goo.gl/tnz4i86KmnvQ6Emw9,Operational,HF_LEVEL
832978,030806,HC ជ្រៃវៀន,HC Chrey Vien,03,កំពង់ចាម,Kampong Cham,0313,ព្រៃឈរ,Prey Chhor,0308,ព្រៃឈរ,Prey Chhor,031303,ជ្រៃវៀន,Chrey Vien,03130317,ព្រៃទទឹង,Prey Totueng,DPHI (GPS),HC,Health Center,មណ្ឌលសុខភាព,,លន់ ប៊ុនលី,855 12 684 796,None,12.0584648294294,105.254128707064,01/01/2006,https://maps.app.goo.gl/4Mmu2CP9LJhNaGZ88,Operational,HF_LEVEL
887590,030807,HC គរ,HC Kor,03,កំពង់ចាម,Kampong Cham,0313,ព្រៃឈរ,Prey Chhor,0308,ព្រៃឈរ,Prey Chhor,031305,គរ,Kor,03130506,តាម៉ូត,Ta Mout,DPHI (GPS),HC,Health Center,មណ្ឌលសុខភាព,,ម៉ី សុគន្ធី,855 85 555 993,None,12.1110913754923,105.214291775117,01/01/2006,https://maps.app.goo.gl/TuSXxEgqYX1Mi6nY7,Operational,HF_LEVEL
445908,030808,HC បារាយណ៍,HC Baray,03,កំពង់ចាម,Kampong Cham,0313,ព្រៃឈរ,Prey Chhor,0308,ព្រៃឈរ,Prey Chhor,031301,បារាយណ៍,Baray,03130102,ទួលចំបក់,Tuol Chambak,DPHI (GPS),HC,Health Center,មណ្ឌលសុខភាព,,គិត្ត សេងហ៊ត់,855 11 784 278,None,12.0779362612875,105.246829633948,01/01/2006,https://maps.app.goo.gl/hnoZMrXXD6zLMgWD7,Operational,HF_LEVEL
896737,030809,HC ក្រូច,HC Krouch,03,កំពង់ចាម,Kampong Cham,0313,ព្រៃឈរ,Prey Chhor,0308,ព្រៃឈរ,Prey Chhor,031306,ក្រូច,Krouch,03130601,អូរជ្រក,Ou Chrok,DPHI (GPS),HC,Health Center,មណ្ឌលសុខភាព,,ងីម គឹមអេង,855 12 845 495,None,12.1426966521224,105.177434539193,01/01/2006,https://maps.app.goo.gl/94YaQN2fBrTVjpDDA,Operational,HF_LEVEL
795400,030810,HC ថ្មពូន,HC Thmar Pun,03,កំពង់ចាម,Kampong Cham,0313,ព្រៃឈរ,Prey Chhor,0308,ព្រៃឈរ,Prey Chhor,031313,ថ្មពូន,Thma Pun,03131302,អណ្ដូងតាពេជ្រ,Andoung Ta Pech,DPHI (GPS),HC,Health Center,មណ្ឌលសុខភាព,,ជុំ អាន,855 12 845 668,None,12.1512491,105.2427562,01/01/2006,https://maps.app.goo.gl/aTj5Zi2jRfRbMuRt8,Operational,HF_LEVEL
941587,030811,HC ល្វា,HC Lovea,03,កំពង់ចាម,Kampong Cham,0313,ព្រៃឈរ,Prey Chhor,0308,ព្រៃឈរ,Prey Chhor,031307,ល្វា,Lvea,03130709,ល្វា,Lvea,DPHI (GPS),HC,Health Center,មណ្ឌលសុខភាព,,ចន ប៊ុនធឿន,855 96 667 1399,None,12.0597177740056,105.189438835471,01/01/2006,https://maps.app.goo.gl/GZ7K8U4nVHRsLxkJ8,Operational,HF_LEVEL
993312,030812,HC តុងរ៉ុង,HC Tong Rong,03,កំពង់ចាម,Kampong Cham,0313,ព្រៃឈរ,Prey Chhor,0308,ព្រៃឈរ,Prey Chhor,031314,តុងរ៉ុង,Tong Rong,03131408,ទ្រមុខទី ១,Tro Mukh Ti Muoy,DPHI (GPS),HC,Health Center,មណ្ឌលសុខភាព,,សែម ចាន់ថុល,855 92 900 052,None,12.0353189624114,105.204715768784,01/01/2006,https://maps.app.goo.gl/CAd4tmXLKN5eLL2dA,Operational,HF_LEVEL
660564,030813,HC ពាមជីកង,HC Peam Chi Kang,03,កំពង់ចាម,Kampong Cham,0307,កងមាស,Kang Meas,0314,កងមាស,Kang Meas,030704,ពាមជីកង,Peam Chi Kang,03070403,ពាមជីកង,Peam Chi Kang,DPHI (GPS),HC,Health Center,មណ្ឌលសុខភាព,,ហ៊ាង សុផាត,855 61566545,None,11.9454186198746,105.269022360736,01/01/2006,https://maps.app.goo.gl/o3iuUhSgiuzd5GfR8?g_st=ac,Operational,HF_LEVEL
059973,030814,HC ព្រែកក្របៅ,HC Prek Krabau,03,កំពង់ចាម,Kampong Cham,0307,កងមាស,Kang Meas,0314,កងមាស,Kang Meas,030706,ព្រែកក្របៅ,Preaek Krabau,03070601,ពាមក្នុង,Peam Knong,DPHI (GPS),HC,Health Center,មណ្ឌលសុខភាព,,លោក លី គឹមសួ,855 17512090,None,11.998513331288,105.267261948738,01/01/2006,https://maps.app.goo.gl/rXXFq1T2CYF7X53V7,Operational,HF_LEVEL
239574,030815,HC អង្គរបាន,HC Angkor Ban,03,កំពង់ចាម,Kampong Cham,0307,កងមាស,Kang Meas,0314,កងមាស,Kang Meas,030701,អង្គរបាន,Angkor Ban,03070103,អង្គរបានទី ៣,Angkor Ban Ti Bei,DPHI (GPS),HC,Health Center,មណ្ឌលសុខភាព,,ឃុត ចាន់ថា,855 12738253,None,11.94932883621,105.223696947723,01/01/2006,https://maps.app.goo.gl/dFKSLhGJP9uKtASX9?g_st=atm,Operational,HF_LEVEL
227316,030816,HC សូរគង,HC So Kong,03,កំពង់ចាម,Kampong Cham,0307,កងមាស,Kang Meas,0314,កងមាស,Kang Meas,030711,សូរគង,Sour Kong,03071101,កោះតាង៉ោទី ១,Kaoh Ta Ngao Ti Muoy,DPHI (GPS),HC,Health Center,មណ្ឌលសុខភាព,,ម៉ៅ ស៊ាងលី,855 76290000,None,11.9557487091171,105.195055844216,01/01/2006,https://maps.app.goo.gl/jo9DtkadwuFkzqvF9?g_st=atm,Operational,HF_LEVEL
234140,030911,HC ខ្ចៅ,HC Khchao,03,កំពង់ចាម,Kampong Cham,0307,កងមាស,Kang Meas,0314,កងមាស,Kang Meas,030703,ខ្ចៅ,Khchau,03070305,ខ្ចៅទី ១,Khchau Ti Muoy,DPHI (GPS),HC,Health Center,មណ្ឌលសុខភាព,,ឆូវ ណាលីន,855 719704927,None,11.9203355531366,105.145236874479,01/01/2006,https://maps.app.goo.gl/jbxBYy6mfkYdxbw5A?g_st=atm,Operational,HF_LEVEL
819551,030912,HC រកាអារ,HC Roka Ar,03,កំពង់ចាម,Kampong Cham,0307,កងមាស,Kang Meas,0314,កងមាស,Kang Meas,030708,រកាអារ,Roka Ar,03070807,ស្វាយស្រណោះទី ១,Svay Sranaoh Ti Muoy,DPHI (GPS),HC,Health Center,មណ្ឌលសុខភាព,,សាយ សោភា,855 965980577,None,11.8638204056271,105.119330281539,01/01/2006,https://maps.app.goo.gl/jo9DtkadwuFkzqvF9?g_st=atm,Operational,HF_LEVEL
780429,030913,HC ស្ដៅ,HC Sdau,03,កំពង់ចាម,Kampong Cham,0307,កងមាស,Kang Meas,0314,កងមាស,Kang Meas,030710,ស្ដៅ,Sdau,03071005,ល្វាក្រោម,Lvea Kraom,DPHI (GPS),HC,Health Center,មណ្ឌលសុខភាព,,ទ្រី ប៉ាវ,855 12921232,None,11.8595348703034,105.005195357277,01/01/2006,https://maps.app.goo.gl/Wh4WRchji7AZprpd8?g_st=atm,Operational,HF_LEVEL
971997,030914,HC រាយប៉ាយ,HC Reay Pay,03,កំពង់ចាម,Kampong Cham,0307,កងមាស,Kang Meas,0314,កងមាស,Kang Meas,030707,រាយប៉ាយ,Reay Pay,03070705,រាយប៉ាយលើ,Reay Pay Leu,DPHI (GPS),HC,Health Center,មណ្ឌលសុខភាព,,ស៊្រាង ប៊ុណ្ណវុឌ្ឍ,855 887494794,None,11.937883523734,105.087423416499,01/01/2006,https://maps.app.goo.gl/rVeuraKMMDa9mRLVA?g_st=atm,Operational,HF_LEVEL
150563,030915,RH មន្ទីរពេទ្យបង្អែកកងមាស,RH Kang Meas,03,កំពង់ចាម,Kampong Cham,0307,កងមាស,Kang Meas,0314,កងមាស,Kang Meas,030704,ពាមជីកង,Peam Chi Kang,03070403,ពាមជីកង,Peam Chi Kang,DPHI (GPS),RH,Referral Hospital,មន្ទីរពេទ្យបង្អែកស្រុក,,កែផុន សុខាណា,855 92190085,None,11.9453963148,105.269006267482,01/01/2019,https://maps.app.goo.gl/o3iuUhSgiuzd5GfR8?g_st=ac,Operational,HF_LEVEL
617332,NA,HC កងតាណឹង,HC Kang Taneung,03,កំពង់ចាម,Kampong Cham,0307,កងមាស,Kang Meas,0314,កងមាស,Kang Meas,030708,រកាអារ,Roka Ar,03070807,ស្វាយស្រណោះទី ១,Svay Sranaoh Ti Muoy,DPHI (GPS),HC,Health Center,មណ្ឌលសុខភាព,,លោក សុខ សំណាង,855 769666662,None,11.8582145505361,105.060457972471,01/01/2006,https://maps.app.goo.gl/jo9DtkadwuFkzqvF9?g_st=atm,Operational,HF_CODE;HF_LEVEL
924769,NA,HC ព្រៃកុយ,HC Prey Koy,03,កំពង់ចាម,Kampong Cham,0307,កងមាស,Kang Meas,0314,កងមាស,Kang Meas,030708,រកាអារ,Roka Ar,03070807,ស្វាយស្រណោះទី ១,Svay Sranaoh Ti Muoy,DPHI (GPS),HC,Health Center,មណ្ឌលសុខភាព,,លោក ថោង បូរិទ្ធី,855 12512859,None,11.8850154663248,104.983209299548,01/01/2006,https://maps.app.goo.gl/jo9DtkadwuFkzqvF9?g_st=atm,Operational,HF_CODE;HF_LEVEL
168556,NA,HC រកាគយ,HC Roka Koy,03,កំពង់ចាម,Kampong Cham,0307,កងមាស,Kang Meas,0314,កងមាស,Kang Meas,030708,រកាអារ,Roka Ar,03070807,ស្វាយស្រណោះទី ១,Svay Sranaoh Ti Muoy,DPHI (GPS),HC,Health Center,មណ្ឌលសុខភាព,,ឃីម ស្រីម៉ី,855 93901990,None,11.9383575322875,105.338488070307,01/01/2006,https://maps.app.goo.gl/MmKAn8Po3DzcZU4cA?g_st=atm,Operational,HF_CODE;HF_LEVEL
272135,030901,RH មន្ទីរពេទ្យបង្អែកស្រីសន្ធរ,RH Srey Santhor,03,កំពង់ចាម,Kampong Cham,0314,ស្រីសន្ធរ,Srei Santhor,0309,ស្រីសន្ធរ,Srey Santhor,031409,ព្រែកពោធិ,Preaek Pou,03140901,រកាទ្វារ,Roka Tvear,DPHI (GPS),RH,Referral Hospital,មន្ទីរពេទ្យបង្អែកស្រុក,,ម៉ៅ ប៊ុនឡេង,855 12685643,None,11.8275591041788,105.113100772181,01/01/2006,https://maps.app.goo.gl/E68bj5TGERxe31Hx9,Operational,HF_LEVEL
547061,030902,HC ព្រែករំដេង,HC Prek Romdeng,03,កំពង់ចាម,Kampong Cham,0314,ស្រីសន្ធរ,Srei Santhor,0309,ស្រីសន្ធរ,Srey Santhor,031410,ព្រែករំដេង,Preaek Rumdeng,03141010,"ស្វាយតានាន់ ""ក""",Svay Ta Noan Ka,DPHI (GPS),HC,Health Center,មណ្ឌលសុខភាព,,ឌី ថារិន,855 11995468,None,11.9025273485125,105.25416796227,01/01/2006,https://maps.app.goo.gl/n9AfsrpuXJNUjDbo7,Operational,HF_LEVEL
502957,030903,HC ស្វាយសាច់ភ្នំ,HC Svay Sach Phnom,03,កំពង់ចាម,Kampong Cham,0314,ស្រីសន្ធរ,Srei Santhor,0309,ស្រីសន្ធរ,Srey Santhor,031413,ស្វាយខ្សាច់ភ្នំ,Svay Khsach Phnum,03141302,ស្វាយកណ្ដាល,Svay Kandal,DPHI (GPS),HC,Health Center,មណ្ឌលសុខភាព,,ហេង សុខា,855 12522354,None,11.9200134935521,105.180525176062,01/01/2006,https://maps.app.goo.gl/CQHfkBLhgriHP7XF7,Operational,HF_LEVEL
610764,030904,HC ព្រែកដំបូក,HC Prek Dambok,03,កំពង់ចាម,Kampong Cham,0314,ស្រីសន្ធរ,Srei Santhor,0309,ស្រីសន្ធរ,Srey Santhor,031408,ព្រែកដំបូក,Preaek Dambouk,03140805,ព្រែកដំបូកក្រោម,Preaek Dambouk Kraom,DPHI (GPS),HC,Health Center,មណ្ឌលសុខភាព,,វ៉េង វង្សសេរី,855 85 414675,None,11.8838229846845,105.15544958331,01/01/2006,https://maps.app.goo.gl/wPPH9YQ2Juy5HWebA,Operational,HF_LEVEL
627824,030905,HC ទងត្រឡាច,HC Tong Tralach,03,កំពង់ចាម,Kampong Cham,0314,ស្រីសន្ធរ,Srei Santhor,0309,ស្រីសន្ធរ,Srey Santhor,031414,ទងត្រឡាច,Tong Tralach,03141401,ទងត្រឡាច,Tong Tralach,DPHI (GPS),HC,Health Center,មណ្ឌលសុខភាព,,យឹម ខេមរា,855 92537461,None,11.7802774953584,105.102106545507,01/01/2006,https://maps.app.goo.gl/avHZ1s5tDv4i5PGp8,Operational,HF_LEVEL
971369,030906,HC ព្រែកពោធិ,HC Prek Por,03,កំពង់ចាម,Kampong Cham,0314,ស្រីសន្ធរ,Srei Santhor,0309,ស្រីសន្ធរ,Srey Santhor,031409,ព្រែកពោធិ,Preaek Pou,03140901,រកាទ្វារ,Roka Tvear,DPHI (GPS),HC,Health Center,មណ្ឌលសុខភាព,,ជាម ភិរិន,855 12201703,None,11.8283598539688,105.113704771128,01/01/2006,https://maps.app.goo.gl/u4T5SZcA1zG58tyS8,Operational,HF_LEVEL
971080,030907,HC បារាយណ៍,HC Baray,03,កំពង់ចាម,Kampong Cham,0314,ស្រីសន្ធរ,Srei Santhor,0309,ស្រីសន្ធរ,Srey Santhor,031401,បារាយណ៍,Baray,03140103,បន្ទាយ,Banteay,DPHI (GPS),HC,Health Center,មណ្ឌលសុខភាព,,អ៊ន់ ស៊ីម,855 12292189,None,11.8508385949635,105.195406345678,01/01/2006,https://maps.app.goo.gl/EYZDtPjd3h5VtZ1GA,Operational,HF_LEVEL
040010,030908,HC មានជ័យ,HC Mean Chey,03,កំពង់ចាម,Kampong Cham,0314,ស្រីសន្ធរ,Srei Santhor,0309,ស្រីសន្ធរ,Srey Santhor,031405,មានជ័យ,Mean Chey,03140501,វាល,Veal,DPHI (GPS),HC,Health Center,មណ្ឌលសុខភាព,,អ៊ូ គីមហ័ង,855 12637593,None,11.8360491726201,105.06056845706,01/01/2006,https://maps.app.goo.gl/78E9HjZs3Gpe9Eo89,Operational,HF_LEVEL
124446,030909,HC ស្វាយពោធិ,HC Svay Pou,03,កំពង់ចាម,Kampong Cham,0314,ស្រីសន្ធរ,Srei Santhor,0309,ស្រីសន្ធរ,Srey Santhor,031412,ស្វាយពោធិ,Svay Pou,03141201,ពោធិ៍,Pou,DPHI (GPS),HC,Health Center,មណ្ឌលសុខភាព,,ស្រុង ដាវី,855 12385548,None,11.7946216613916,105.084144490679,01/01/2006,https://maps.app.goo.gl/d7RoC5yC24jEZ2hr6,Operational,HF_LEVEL
047703,030910,HC ប្រាំយ៉ាម,HC Pram Yam,03,កំពង់ចាម,Kampong Cham,0314,ស្រីសន្ធរ,Srei Santhor,0309,ស្រីសន្ធរ,Srey Santhor,031407,ប្រាំយ៉ាម,Pram Yam,03140701,ប្រាំយ៉ាម,Pram Yam,DPHI (GPS),HC,Health Center,មណ្ឌលសុខភាព,,កង ណារ៉េត,855 89559058,None,11.7937968788208,105.155064066212,01/01/2006,https://maps.app.goo.gl/o9QkShVtSKZN8zYQ7,Operational,HF_LEVEL
238126,040101,PH មន្ទីរពេទ្យខេត្តកំពង់ឆ្នាំង,PH Kampong Chhnang,04,កំពង់ឆ្នាំង,Kampong Chhnang,0403,កំពង់ឆ្នាំង,Kampong Chhnang,0401,កំពង់ឆ្នាំង,Kampong Chhnang,040302,កំពង់ឆ្នាំង,Kampong Chhnang,04030204,កណ្ដាល,Kandal,DPHI (GPS),PH,Provincial Hospital,មន្ទីរពេទ្យខេត្ត,,ទុំ សម្បត្តិ,855 11701777,None,12.2508020556145,104.669358485317,01/01/2006,,Operational,HF_LEVEL
880670,040102,HC ផ្សារឆ្នាំង,HC Phsar Chhnang,04,កំពង់ឆ្នាំង,Kampong Chhnang,0403,កំពង់ឆ្នាំង,Kampong Chhnang,0401,កំពង់ឆ្នាំង,Kampong Chhnang,040301,ផ្សារឆ្នាំង,Phsar Chhnang,04030101,ផ្សារលើ,Phsar Leu,DPHI (GPS),HC,Health Center,មណ្ឌលសុខភាព,,ស៊ុំ ពុទ្ធីឌី,855 12697933,None,12.2602404,104.6730512,01/01/2006,,Operational,HF_LEVEL
566739,040103,HC កំពង់ឆ្នាំង,HC Kampong Chhnang,04,កំពង់ឆ្នាំង,Kampong Chhnang,0403,កំពង់ឆ្នាំង,Kampong Chhnang,0401,កំពង់ឆ្នាំង,Kampong Chhnang,040302,កំពង់ឆ្នាំង,Kampong Chhnang,04030204,កណ្ដាល,Kandal,DPHI (GPS),HC,Health Center,មណ្ឌលសុខភាព,,សំ ធីតា,855 12627406,None,12.2504104383892,104.669464654297,01/01/2006,,Operational,HF_LEVEL
099639,040104,HC ព្រៃខ្មែរ,HC Prey Khmer,04,កំពង់ឆ្នាំង,Kampong Chhnang,0406,រលាប្អៀរ,Rolea B'ier,0401,កំពង់ឆ្នាំង,Kampong Chhnang,040610,រលាប្អៀរ,Rolea B'ier,04061002,ព្រៃខ្មែរ,Prey Khmer,DPHI (GPS),HC,Health Center,មណ្ឌលសុខភាព,,ឈួរ សុខ,855 92915 215,None,12.1710449672832,104.663247868003,01/01/2006,,Operational,HF_LEVEL
177828,040105,HC ជើងគ្រាវ,HC Cheung Kreav,04,កំពង់ឆ្នាំង,Kampong Chhnang,0406,រលាប្អៀរ,Rolea B'ier,0401,កំពង់ឆ្នាំង,Kampong Chhnang,040603,ជើងគ្រាវ,Cheung Kreav,04060305,អណ្ដូងចេក,Andoung Chek,DPHI (GPS),HC,Health Center,មណ្ឌលសុខភាព,,សុក ស៊ីណា,855 87303334,None,12.1337972449991,104.619024688641,01/01/2006,,Operational,HF_LEVEL
387593,040106,HC ស្រែថ្មី,HC Srae Thmei,04,កំពង់ឆ្នាំង,Kampong Chhnang,0406,រលាប្អៀរ,Rolea B'ier,0401,កំពង់ឆ្នាំង,Kampong Chhnang,040611,ស្រែថ្មី,Srae Thmei,04061103,សន្ទូច,Santuch,DPHI (GPS),HC,Health Center,មណ្ឌលសុខភាព,,យិន សំអ៊ាង,855 12968005,None,12.237009,104.649402,01/01/2006,,Operational,HF_LEVEL
227144,040107,HC ព្រៃគ្រី,HC Prey Kri,04,កំពង់ឆ្នាំង,Kampong Chhnang,0402,ជលគីរី,Chol Kiri,0401,កំពង់ឆ្នាំង,Kampong Chhnang,040205,ព្រៃគ្រី,Prey Kri,04020501,ព្រៃគ្រីត្បូង,Prey Kri Tboung,DPHI (GPS),HC,Health Center with beds,មណ្ឌលសុខភាពមានគ្រែ,,ជួន ធុល,855 16680241/855 976615935,None,12.1560211534263,104.873838647697,01/01/2006,,Operational,HF_LEVEL
674578,040108,HC ពាមឆ្កោក,HC Peam Chhkaok,04,កំពង់ឆ្នាំង,Kampong Chhnang,0402,ជលគីរី,Chol Kiri,0401,កំពង់ឆ្នាំង,Kampong Chhnang,040204,ពាមឆ្កោក,Peam Chhkaok,04020401,ពាមឆ្កោក,Peam Chhkaok,DPHI (GPS),HC,Health Center,មណ្ឌលសុខភាព,,ទៀង សារ៉ាន់,855 977230085/855​​​​​​​​​ 12288492,None,12.2131890396078,104.814382359897,01/01/2006,,Operational,HF_LEVEL
414956,040109,HC អភិវឌ្ឃន៍,HC Akphivoadth,04,កំពង់ឆ្នាំង,Kampong Chhnang,0408,ទឹកផុស,Tuek Phos,0401,កំពង់ឆ្នាំង,Kampong Chhnang,040801,អភិវឌ្ឍន៍,Akphivoadth,04080101,ស្រែតាជៃ,Srae Ta Chey,DPHI (GPS),HC,Health Center with beds,មណ្ឌលសុខភាពមានគ្រែ,,អ៊ុង វង់ដន,855 92931936,None,12.0520351944747,104.523825101194,01/01/2006,,Operational,HF_LEVEL
481587,040110,HC ជៀប,HC Chieb,04,កំពង់ឆ្នាំង,Kampong Chhnang,0408,ទឹកផុស,Tuek Phos,0401,កំពង់ឆ្នាំង,Kampong Chhnang,040802,ជៀប,Chieb,04080206,ឆកកណ្ដោល,Chhak Kandaol,DPHI (GPS),HC,Health Center,មណ្ឌលសុខភាព,,ផូ សុភា,855 85266577,None,12.0043704501876,104.425345535901,01/01/2006,,Operational,HF_LEVEL
721380,040111,HC តាំងក្រសាំង,HC Taing Krasaing,04,កំពង់ឆ្នាំង,Kampong Chhnang,0408,ទឹកផុស,Tuek Phos,0401,កំពង់ឆ្នាំង,Kampong Chhnang,040807,តាំងក្រសាំង,Tang Krasang,04080702,ត្បែងខ្ពស់,Tbaeng Khpos,DPHI (GPS),HC,Health Center,មណ្ឌលសុខភាព,,សឿ សាយ,855 92547104,None,12.1074032797785,104.596858313191,01/01/2006,,Operational,HF_LEVEL
638068,040112,HC កំពង់ហៅ,HC Kampong Hau,04,កំពង់ឆ្នាំង,Kampong Chhnang,0404,កំពង់លែង,Kampong Leaeng,0401,កំពង់ឆ្នាំង,Kampong Chhnang,040403,កំពង់ហៅ,Kampong Hau,04040301,កំពង់បឹង,Kampong Boeng,DPHI (GPS),HC,Health Center with beds,មណ្ឌលសុខភាពមានគ្រែ,,កឹម សុខុន,855 12909986,None,12.2772891513878,104.725270731233,01/01/2006,,Operational,HF_LEVEL
321056,040113,HC ស្វាយរំពារ,HC Svay Rumpear,04,កំពង់ឆ្នាំង,Kampong Chhnang,0404,កំពង់លែង,Kampong Leaeng,0401,កំពង់ឆ្នាំង,Kampong Chhnang,040408,ស្វាយរំពារ,Svay Rumpear,04040802,ក្នុង,Knong,DPHI (GPS),HC,Health Center,មណ្ឌលសុខភាព,,ប៊ូ សារុន,855 61524991,None,12.3147830182998,104.777956313194,01/01/2006,,Operational,HF_LEVEL
904370,040114,HC ច្រណូក,HC Chranouk,04,កំពង់ឆ្នាំង,Kampong Chhnang,0404,កំពង់លែង,Kampong Leaeng,0401,កំពង់ឆ្នាំង,Kampong Chhnang,040401,ច្រណូក,Chranouk,04040102,ធ្លក,Thlok,DPHI (GPS),HC,Health Center,មណ្ឌលសុខភាព,,ស្លឹក ភិន,855 962111038,None,12.418502520481,104.776015155774,01/01/2006,,Operational,HF_LEVEL
323601,040115,HC ព្រះកុសុមះ,HC Preah Kosamak,04,កំពង់ឆ្នាំង,Kampong Chhnang,0406,រលាប្អៀរ,Rolea B'ier,0401,កំពង់ឆ្នាំង,Kampong Chhnang,040613,ទឹកហូត,Tuek Hout,04061308,ទឹកល្អក់,Tik L'ak,DPHI (GPS),HC,Health Center,មណ្ឌលសុខភាព,,មិញ សុខខេង,855 98220498,None,12.0813425275796,104.716148654295,01/01/2006,,Operational,HF_LEVEL
114291,040116,HC ក្បាលទឹក,HC Kbal Tuek,04,កំពង់ឆ្នាំង,Kampong Chhnang,0408,ទឹកផុស,Tuek Phos,0401,កំពង់ឆ្នាំង,Kampong Chhnang,040804,ក្បាលទឹក,Kbal Tuek,04080401,ក្រសាំងដុះឡើង,Krasang Doh Laeung,DPHI (GPS),HC,Health Center,មណ្ឌលសុខភាព,,យឺន សុភារី,855 964436597,None,11.9502282929575,104.323859654292,01/04/2011,,Operational,HF_LEVEL
742554,040117,HC ជ្រៃបាក់,HC Chrey Bak,04,កំពង់ឆ្នាំង,Kampong Chhnang,0406,រលាប្អៀរ,Rolea B'ier,0401,កំពង់ឆ្នាំង,Kampong Chhnang,040604,ជ្រៃបាក់,Chrey Bak,04060403,ព្រៃពួច,Prey Puoch,DPHI (GPS),HC,Health Center,មណ្ឌលសុខភាព,,មាន សុគន្ធ,855 12274672/855 16274672,None,12.2086239278977,104.66616703682,01/01/2006,,Operational,HF_LEVEL
896388,040120,HC ផ្លូវទូក,HC Plov Touk,04,កំពង់ឆ្នាំង,Kampong Chhnang,0404,កំពង់លែង,Kampong Leaeng,0401,កំពង់ឆ្នាំង,Kampong Chhnang,040404,ផ្លូវទូក,Plov Tuk,04040402,ពាមខ្នង,Peam Khnang,DPHI (GPS),HC,Health Center,មណ្ឌលសុខភាព,,តេង សៀង,855 77470062,None,12.512265385788,104.639568753926,01/01/2021,,Operational,HF_LEVEL
935966,040121,HC ចោងម៉ោង,HC Choung Moung,04,កំពង់ឆ្នាំង,Kampong Chhnang,0408,ទឹកផុស,Tuek Phos,0401,កំពង់ឆ្នាំង,Kampong Chhnang,040803,ចោងម៉ោង,Choang Moung,04080303,ខ្សែត,,DPHI (GPS),HC,Health Center,មណ្ឌលសុខភាព,,សាត សុភ័ណ្ឌ,855 10493437,None,12.0097120086575,104.518851475553,01/01/2021,,Operational,HF_LEVEL
445067,040122,HC ព្រៃមូល,HC Prey Moul,04,កំពង់ឆ្នាំង,Kampong Chhnang,0406,រលាប្អៀរ,Rolea B'ier,0401,កំពង់ឆ្នាំង,Kampong Chhnang,040609,ព្រៃមូល,Prey Mul,04060903,ប្រចាក់,Prachak,DPHI (GPS),HC,Health Center,មណ្ឌលសុខភាព,,ហាស ប៊ុនហាន,855 12654212/855 16405022,None,12.15363888,104.5987421,01/02/2015,,Operational,HF_LEVEL
665172,040122,HP ពន្ធនាគារខេត្ត,HP Pontheakea,04,កំពង់ឆ្នាំង,Kampong Chhnang,0406,រលាប្អៀរ,Rolea B'ier,0401,កំពង់ឆ្នាំង,Kampong Chhnang,040609,ព្រៃមូល,Prey Mul,04060904,ត្រពាំងក្រវ៉ាន់,,DPHI (GPS),HP,Health Post,ប៉ុស្តិ៍សុខភាព,,ហាស ប៊ុនហាន,855 12654212/855 16405022,None,,,,,Operational,HF_LEVEL;HF_LAT;HF_LON;START_DATE
437853,040123,HC ប្រឡាយមាស,HC Pralay Meas,04,កំពង់ឆ្នាំង,Kampong Chhnang,0404,កំពង់លែង,Kampong Leaeng,0401,កំពង់ឆ្នាំង,Kampong Chhnang,040406,ប្រឡាយមាស,Pralay Meas,04040601,ប្រឡាយមាស,Pralay Meas,DPHI (GPS),HC,Health Center,មណ្ឌលសុខភាព,,ជ វណ្ណឌី,855 969798531,None,12.389552940091,104.626417052591,01/01/2006,,Operational,HF_LEVEL
804713,040124,HC គោកបន្ទាយ,HC Kouk Banteay,04,កំពង់ឆ្នាំង,Kampong Chhnang,0406,រលាប្អៀរ,Rolea B'ier,0401,កំពង់ឆ្នាំង,Kampong Chhnang,040605,គោកបន្ទាយ,Kouk Banteay,04060503,មានជ័យ,Mean Chey,DPHI (GPS),HC,Health Center,មណ្ឌលសុខភាព,,យ៉ែម ផល្លា,855 77939380,None,,,,,Operational,HF_LEVEL;HF_LAT;HF_LON;START_DATE
747286,040124,HP កងមាស,HP Kang Meas,04,កំពង់ឆ្នាំង,Kampong Chhnang,0406,រលាប្អៀរ,Rolea B'ier,0401,កំពង់ឆ្នាំង,Kampong Chhnang,040605,គោកបន្ទាយ,Kouk Banteay,04060507,កងមាស,Kang Meas,DPHI (GPS),HP,Health Post,ប៉ុស្តិ៍សុខភាព,,យ៉ែម ផល្លា,855 77939380,None,12.1598778407388,104.768941039104,18-01-2013,,Operational,HF_LEVEL
372137,040201,RH មន្ទីរពេទ្យបង្អែកកំពង់ត្រឡាច,RH Kampong Tralach,04,កំពង់ឆ្នាំង,Kampong Chhnang,0405,កំពង់ត្រឡាច,Kampong Tralach,0402,កំពង់ត្រឡាច,Kampong Tralach,040507,ពានី,Peani,04050701,កាអត,Ka At,DPHI (GPS),RH,Referral Hospital,មន្ទីរពេទ្យបង្អែកស្រុក,,តែ វណ្ណា,855 11978597,None,11.9379861238542,104.712898532092,01/01/2006,,Operational,HF_LEVEL
537586,040202,HC កំពង់ត្រឡាចលើ,HC Kampong Tralach Leu,04,កំពង់ឆ្នាំង,Kampong Chhnang,0405,កំពង់ត្រឡាច,Kampong Tralach,0402,កំពង់ត្រឡាច,Kampong Tralach,040504,កំពង់ត្រឡាច,Kampong Tralach,04050403,អ្នកតាហាង,Neak Ta Hang,DPHI (GPS),HC,Health Center,មណ្ឌលសុខភាព,,យន់ សីឡា,855 95258213,None,11.9184016102478,104.764092324943,01/01/2006,,Operational,HF_LEVEL
682478,040203,HC សាលាលេខប្រាំ,HC Sala Lek Pram,04,កំពង់ឆ្នាំង,Kampong Chhnang,0405,កំពង់ត្រឡាច,Kampong Tralach,0402,កំពង់ត្រឡាច,Kampong Tralach,040507,ពានី,Peani,04050701,កាអត,Ka At,DPHI (GPS),HC,Health Center,មណ្ឌលសុខភាព,,ហៀន ប៊ុនសេង,855 85232231,None,11.9376238560678,104.713423199689,01/01/2006,,Operational,HF_LEVEL
151413,040204,HC អំពិលទឹក,HC Ampil Tuek,04,កំពង់ឆ្នាំង,Kampong Chhnang,0405,កំពង់ត្រឡាច,Kampong Tralach,0402,កំពង់ត្រឡាច,Kampong Tralach,040501,អំពិលទឹក,Ampil Tuek,04050101,ស្ទឹងស្ងួត,Stueng Snguot,DPHI (GPS),HC,Health Center,មណ្ឌលសុខភាព,,ជា ស៊ីណាត,855 12728419,None,11.9770562192612,104.835214307153,01/01/2006,,Operational,HF_LEVEL
046378,040205,HC តាជេស,HC Ta Ches,04,កំពង់ឆ្នាំង,Kampong Chhnang,0405,កំពង់ត្រឡាច,Kampong Tralach,0402,កំពង់ត្រឡាច,Kampong Tralach,040509,តាជេស,Ta Ches,04050907,ស្នាយ,Snay,DPHI (GPS),HC,Health Center,មណ្ឌលសុខភាព,,ហេង តាំងសេង,855 12522728,None,12.0104308114587,104.731925063021,01/01/2006,,Operational,HF_LEVEL
833783,040206,HC សែប,HC Saeb,04,កំពង់ឆ្នាំង,Kampong Chhnang,0405,កំពង់ត្រឡាច,Kampong Tralach,0402,កំពង់ត្រឡាច,Kampong Tralach,040508,សែប,Saeb,04050803,ក្បាលថ្នល់,Kbal Thnal,DPHI (GPS),HC,Health Center,មណ្ឌលសុខភាព,,ព្រហ្ម វិច្ឆិកា,855 12363857,None,12.0606589957196,104.739105799461,01/01/2006,,Operational,HF_LEVEL
806999,040207,HC លង្វែក (នៅលើដីឃុំសេដ្ឋី),HC Longvek,04,កំពង់ឆ្នាំង,Kampong Chhnang,0407,សាមគ្គីមានជ័យ,Sameakki Mean Chey,0402,កំពង់ត្រឡាច,Kampong Tralach,040705,សេដ្ឋី (លង្វែក),Sedthei,04070502,ស្ពានពោធិ៍,Spean Pou,DPHI (GPS),HC,Health Center,មណ្ឌលសុខភាព,,ធន់ សុភា,855 16345 816,None,11.8981331462411,104.703466584223,01/01/2006,,Operational,HF_LEVEL
168284,040208,HC កោះថ្កូវ,HC Koh Thkov,04,កំពង់ឆ្នាំង,Kampong Chhnang,0402,ជលគីរី,Chol Kiri,0402,កំពង់ត្រឡាច,Kampong Tralach,040202,កោះថ្កូវ,Kaoh Thkov,04020206,កោះថ្កូវ,Kaoh Thkov,DPHI (GPS),HC,Health Center,មណ្ឌលសុខភាព,,សំរិត ថា,855 977661363/ 855 85781887,None,12.0708327497082,104.781107579711,01/01/2006,,Operational,HF_LEVEL
949823,040209,HC ស្វាយជុក,HC Svay Chuk,04,កំពង់ឆ្នាំង,Kampong Chhnang,0407,សាមគ្គីមានជ័យ,Sameakki Mean Chey,0402,កំពង់ត្រឡាច,Kampong Tralach,040707,ស្វាយជុក,Svay Chuk,04070706,ក្រាំងស្រម៉,Krang Srama,DPHI (GPS),HC,Health Center,មណ្ឌលសុខភាព,,ប្រាក់ សុធា,855 93225296,None,11.7762413208836,104.570190455759,01/01/2006,,Operational,HF_LEVEL
422728,040210,HC ស្វាយ (នៅលើដីឃុំលង្វែក),HC Svay,04,កំពង់ឆ្នាំង,Kampong Chhnang,0405,កំពង់ត្រឡាច,Kampong Tralach,0402,កំពង់ត្រឡាច,Kampong Tralach,040505,លង្វែក(ស្វាយ),Longveaek,04050503,ផ្សារត្រាច,Phsar Trach,DPHI (GPS),HC,Health Center,មណ្ឌលសុខភាព,,ផល សុភាព,855 89848142,None,11.8463939970111,104.724024828887,01/01/2006,,Operational,HF_LEVEL
766015,040211,HC ក្រាំងល្វា,HC Krang Lvea,04,កំពង់ឆ្នាំង,Kampong Chhnang,0407,សាមគ្គីមានជ័យ,Sameakki Mean Chey,0402,កំពង់ត្រឡាច,Kampong Tralach,040703,ក្រាំងល្វា,Krang Lvea,04070301,ថ្នល់,Thnal,DPHI (GPS),HC,Health Center,មណ្ឌលសុខភាព,,ជី បាត់,855 12416854,None,11.9727149754625,104.563615613287,01/01/2006,,Operational,HF_LEVEL
160429,040212,HC ធ្លកវៀន,HC Thlok Vien,04,កំពង់ឆ្នាំង,Kampong Chhnang,0407,សាមគ្គីមានជ័យ,Sameakki Mean Chey,0402,កំពង់ត្រឡាច,Kampong Tralach,040709,ធ្លកវៀន,Thlok Vien,04070904,ឈូក,Chhuk,DPHI (GPS),HC,Health Center,មណ្ឌលសុខភាព,,យន់ សម្ផស្ស,855 12577470,None,11.9530702044199,104.644222095496,01/01/2006,,Operational,HF_LEVEL
635633,040213,HC ពាម,HC Peam,04,កំពង់ឆ្នាំង,Kampong Chhnang,0407,សាមគ្គីមានជ័យ,Sameakki Mean Chey,0402,កំពង់ត្រឡាច,Kampong Tralach,040704,ពាម,Peam,04070401,តាំងពោន,Tang Poun,DPHI (GPS),HC,Health Center,មណ្ឌលសុខភាព,,អ៊ុន គឹមលាង,855 316111777/855 12825773,None,11.7444222,104.5431236,09/01/2013,,Operational,HF_LEVEL
059241,040213,HP សុខសែនជ័យ,HP,04,កំពង់ឆ្នាំង,Kampong Chhnang,0407,សាមគ្គីមានជ័យ,Sameakki Mean Chey,0402,កំពង់ត្រឡាច,Kampong Tralach,040704,ពាម,Peam,04070413,សុខសែនជ័យ,,,HP,Health Post,ប៉ុស្តិ៍សុខភាព,,អ៊ុន គឹមលាង,855 316111777/855 12825773,None,,,,,,HF_LEVEL;OWNERSHIP;HF_LAT;HF_LON;STATUS;START_DATE
965628,040213,HP គីរីអភិវឌ្ឍន៍,HP,04,កំពង់ឆ្នាំង,Kampong Chhnang,0407,សាមគ្គីមានជ័យ,Sameakki Mean Chey,0402,កំពង់ត្រឡាច,Kampong Tralach,040701,ឈានឡើង,Chhean Laeung,04070109,គីរីអភិវឌ្ឍន៍,,,HP,Health Post,ប៉ុស្តិ៍សុខភាព,,អ៊ុន គឹមលាង,855 316111777/855 12825773,None,,,,,,HF_LEVEL;OWNERSHIP;HF_LAT;HF_LON;STATUS;START_DATE
086653,040214,HC ត្បែងខ្ពស់,HC Tbeng khpos,04,កំពង់ឆ្នាំង,Kampong Chhnang,0407,សាមគ្គីមានជ័យ,Sameakki Mean Chey,0402,កំពង់ត្រឡាច,Kampong Tralach,040708,ត្បែងខ្ពស់,Tbaeng Khpos,04070802,នាងមាលា,Neang Mealea,DPHI (GPS),HC,Health Center,មណ្ឌលសុខភាព,,ឆឺយ ណារីន,855 98545702,None,11.8197236916166,104.642853452715,01/01/2016,,Operational,HF_LEVEL
352109,040215,HC ឈូកស,HC Chhuok Sor,04,កំពង់ឆ្នាំង,Kampong Chhnang,0405,កំពង់ត្រឡាច,Kampong Tralach,0402,កំពង់ត្រឡាច,Kampong Tralach,040502,ឈូកស,Chhuk Sa,04050209,ត្រពាំងខ្ទុំ,Trapeang Khtum,DPHI (GPS),HC,Health Center,មណ្ឌលសុខភាព,,នោ ហ៊ីម,855 12283519,None,12.014362330805,104.667054110468,01/01/2017,,Operational,HF_LEVEL
785372,040216,HC ច្រេស,HC Chres,04,កំពង់ឆ្នាំង,Kampong Chhnang,0405,កំពង់ត្រឡាច,Kampong Tralach,0402,កំពង់ត្រឡាច,Kampong Tralach,040503,ច្រេស,Chres,04050312,ចក,Chak,DPHI (GPS),HC,Health Center,មណ្ឌលសុខភាព,,ហែន ភិនសុដានី,855 14235792/855 17954345,None,11.9498497086965,104.760878295496,01/07/2020,,Operational,HF_LEVEL
906513,040217,HC ខ្នារឆ្មារ,HC  Khnar Chhmar,04,កំពង់ឆ្នាំង,Kampong Chhnang,0407,សាមគ្គីមានជ័យ,Sameakki Mean Chey,0402,កំពង់ត្រឡាច,Kampong Tralach,040702,ខ្នារឆ្មារ,Khnar Chhmar,04070201,វត្ត,,DPHI (GPS),HC,Health Center,មណ្ឌលសុខភាព,,ខែក ឡូ,855 95669768,None,,,,,Operational,HF_LEVEL;HF_LAT;HF_LON;START_DATE
059760,040301,RH មន្ទីរពេទ្យបង្អែកបរិបូរណ៍,RH Boribo,04,កំពង់ឆ្នាំង,Kampong Chhnang,0401,បរិបូណ៌,Baribour,0403,បរិបូណ៍,Boribo,040109,ពពេល,Popel,04010906,សាលាឃុំ,Sala Khum,DPHI (GPS),RH,Referral Hospital,មន្ទីរពេទ្យបង្អែកស្រុក,,សឹង សំណាង,855 121764023,None,12.4293094,104.4649779,01/01/2006,,Operational,HF_LEVEL
908051,040302,HC ឆ្នុកទ្រូ,HC Chhnok Tru,04,កំពង់ឆ្នាំង,Kampong Chhnang,0401,បរិបូណ៌,Baribour,0403,បរិបូណ៍,Boribo,040102,ឆ្នុកទ្រូ,Chhnok Tru,04010201,ឆ្នុកទ្រូ,Chhnok Tru,DPHI (GPS),HC,Health Center,មណ្ឌលសុខភាព,,ណយ សុណាយ,855 885446888,None,12.4991414449469,104.454318124953,01/01/2006,,Operational,HF_LEVEL
464790,040303,HC ផ្សារ,HC Phsar,04,កំពង់ឆ្នាំង,Kampong Chhnang,0401,បរិបូណ៌,Baribour,0403,បរិបូណ៍,Boribo,040107,ផ្សារ,Phsar,04010706,ព្រៃតាមូង,Prey Ta Mung,DPHI (GPS),HC,Health Center,មណ្ឌលសុខភាព,,មុំ បូរ៉ារដ្ឋ,855 12700219,None,12.3855433936705,104.48554907677,01/01/2006,,Operational,HF_LEVEL
484849,040304,HC ពន្លៃ,HC Ponley,04,កំពង់ឆ្នាំង,Kampong Chhnang,0401,បរិបូណ៌,Baribour,0403,បរិបូណ៍,Boribo,040109,ពពេល,Popel,04010906,សាលាឃុំ,Sala Khum,DPHI (GPS),HC,Health Center,មណ្ឌលសុខភាព,,យុង ពិសី,855 12279569,None,12.4300318911581,104.464931385404,01/01/2006,,Operational,HF_LEVEL
023524,040305,HC ត្រពាំងចាន់,HC Trapeang Chan,04,កំពង់ឆ្នាំង,Kampong Chhnang,0401,បរិបូណ៌,Baribour,0403,បរិបូណ៍,Boribo,040111,ត្រពាំងចាន់,Trapeang Chan,04011101,ត្រពាំងចាន់,Trapeang Chan,DPHI (GPS),HC,Health Center,មណ្ឌលសុខភាព,,ផុន យុទ្ធសាមិនា,855 12860634,None,12.4712263164518,104.41439191417,01/01/2006,,Operational,HF_LEVEL
949235,040307,HC ពង្រ,HC Pongro,04,កំពង់ឆ្នាំង,Kampong Chhnang,0406,រលាប្អៀរ,Rolea B'ier,0403,បរិបូណ៍,Boribo,040607,ពង្រ,Pongro,04060709,ប្រាំបីឆោម,Prambei Chhaom,DPHI (GPS),HC,Health Center,មណ្ឌលសុខភាព,,មៀច សុភាព,855 978353662,None,12.2716103766939,104.582048287836,01/02/2015,,Operational,HF_LEVEL
603542,040308,HC ស្វាយជ្រុំ,HC Svay Chrum,04,កំពង់ឆ្នាំង,Kampong Chhnang,0406,រលាប្អៀរ,Rolea B'ier,0403,បរិបូណ៍,Boribo,040612,ស្វាយជ្រុំ,Svay Chrum,04061209,ផ្លូវវាយ,Phlov Veay,DPHI (GPS),HC,Health Center,មណ្ឌលសុខភាព,,ធា ទី,855 17712444,None,12.2703375037244,104.610027453977,01/01/2006,,Operational,HF_LEVEL
771434,040309,HC ក្រាំងស្គារ,HC Kraing Skear,04,កំពង់ឆ្នាំង,Kampong Chhnang,0408,ទឹកផុស,Tuek Phos,0403,បរិបូណ៍,Boribo,040806,ក្រាំងស្គារ,Krang Skear,04080605,ត្រពាំងម្លូ,Trapeang Mlu,DPHI (GPS),HC,Health Center,មណ្ឌលសុខភាព,,គឹម ចិន្តា,855 12​675496,None,12.2198120862651,104.455490224948,01/01/2006,,Operational,HF_LEVEL
923700,040310,HC ក្តុល,HC Kdol,04,កំពង់ឆ្នាំង,Kampong Chhnang,0408,ទឹកផុស,Tuek Phos,0403,បរិបូណ៍,Boribo,040809,ក្ដុលសែនជ័យ,Kdol Saen Chey,04080901,ក្ដុល,Kdol,DPHI (GPS),HC,Health Center,មណ្ឌលសុខភាព,,លី ចន្នី,855 12373046,None,12.2388647016776,104.277094798909,01/03/2011,,Operational,HF_LEVEL
415610,040311,HC ពេជចង្វារ,HC Pech Changvar,04,កំពង់ឆ្នាំង,Kampong Chhnang,0401,បរិបូណ៌,Baribour,0403,បរិបូណ៍,Boribo,040108,ពេជចង្វារ,Pech Changvar,04010802,តាំងត្រពាំង,,DPHI (GPS),HC,Health Center,មណ្ឌលសុខភាព,,តាំ រ៉ាន្នី,855 976643327,None,12.3689117725647,104.393867942741,01/03/2011,,Operational,HF_LEVEL
026819,040312,HC ក្រាំងលាវ,HC Kraing Leav,04,កំពង់ឆ្នាំង,Kampong Chhnang,0406,រលាប្អៀរ,Rolea B'ier,0403,បរិបូណ៍,Boribo,040606,ក្រាំងលាវ,Krang Leav,04060601,ក្រាំងលាវ,Krang Leav,DPHI (GPS),HC,Health Center,មណ្ឌលសុខភាព,,ភិន ចាន់មុនីន,855 12737694,None,12.23052989,104.5561693,01/03/2011,,Operational,HF_LEVEL
951295,050101,PH មន្ទីរពេទ្យខេត្តកំពង់ស្ពឺ,PH Kampong Speu,05,កំពង់ស្ពឺ,Kampong Speu,0502,ច្បារមន,Chbar Mon,0501,កំពង់ស្ពឺ,Kampong Speu,050203,រការធំ,Rokar Thum,05020307,អង្គសេរី,Angk Serei,DPHI (GPS),PH,Provincial Hospital,មន្ទីរពេទ្យខេត្ត,,ឡុង វិសិដ្ឋ,855 012899352,NA,11.472301696605,104.543583009532,01/01/2006,,Operational,HF_LEVEL
502117,050102,HC ដុំក្រវ៉ាន់,HC Dom Kravan,05,កំពង់ស្ពឺ,Kampong Speu,0502,ច្បារមន,Chbar Mon,0501,កំពង់ស្ពឺ,Kampong Speu,050202,កណ្ដោលដុំ,Kandaol Dom,05020206,ញរ,Nhor,DPHI (GPS),HC,Health Center,មណ្ឌលសុខភាព,,ថៃ ថាវី,855 17702101,NA,11.4457316385446,104.48793612173,01/01/2006,,Operational,HF_LEVEL
565148,050103,HC ច្បារធំ,HC Chbar Thum,05,កំពង់ស្ពឺ,Kampong Speu,0502,ច្បារមន,Chbar Mon,0501,កំពង់ស្ពឺ,Kampong Speu,050201,ច្បារមន,Chbar Mon,05020106,រលួស,Roluos,DPHI (GPS),HC,Health Center,មណ្ឌលសុខភាព,,រស់ ចិន្ដា,855 16619970,NA,11.4799646218741,104.50851664831,01/01/2006,,Operational,HF_LEVEL
355519,050104,HC រការទេព,HC Roka Tep,05,កំពង់ស្ពឺ,Kampong Speu,0502,ច្បារមន,Chbar Mon,0501,កំពង់ស្ពឺ,Kampong Speu,050203,រការធំ,Rokar Thum,05020307,អង្គសេរី,Angk Serei,DPHI (GPS),HC,Health Center,មណ្ឌលសុខភាព,,ឆន ប៊ុនឡេង,855 15573530,NA,11.4723976722154,104.544565165196,01/01/2006,,Operational,HF_LEVEL
077654,050105,HC ត្រពាំងគង,HC Trapeang Kong,05,កំពង់ស្ពឺ,Kampong Speu,0507,សំរោងទង,Samraong Tong,0501,កំពង់ស្ពឺ,Kampong Speu,050713,ត្រពាំងគង,Trapeang Kong,05071308,ព្រៃផ្ដៅ,Prey Phdau,DPHI (GPS),HC,Health Center,មណ្ឌលសុខភាព,,ហង់ គឹមវុទ្ធា,855 16905906,NA,11.482905265559,104.614488237452,01/01/2006,,Operational,HF_LEVEL
361245,050106,HC ក្រាំងព្នាយ,HC Kraing Pneay,05,កំពង់ស្ពឺ,Kampong Speu,0507,សំរោងទង,Samraong Tong,0501,កំពង់ស្ពឺ,Kampong Speu,050705,ព្នាយ,Pneay,05070501,តាំងក្រសាំង,Tang Krasang,DPHI (GPS),HC,Health Center,មណ្ឌលសុខភាព,,សំ យុត្តិ,855 979116800,NA,11.5262708573764,104.532537024937,01/01/2006,,Operational,HF_LEVEL
002231,050107,HC រលាំងសែន,HC Roleang Sen,05,កំពង់ស្ពឺ,Kampong Speu,0507,សំរោងទង,Samraong Tong,0501,កំពង់ស្ពឺ,Kampong Speu,050706,រលាំងគ្រើល,Roleang Kreul,05070618,អង្គមេត្រី,Angk Metrei,DPHI (GPS),HC,Health Center,មណ្ឌលសុខភាព,,ហួរ ធារ៉ា,855 70411428,NA,11.4354829886153,104.655660767385,01/01/2006,,Operational,HF_LEVEL
334774,050108,HC សំរោងសំបូរ,HC Samraong Sambo,05,កំពង់ស្ពឺ,Kampong Speu,0507,សំរោងទង,Samraong Tong,0501,កំពង់ស្ពឺ,Kampong Speu,050707,សំរោងទង,Samrong Tong,05070702,ទន្លេកន្ទិល,Tonle Kantil,DPHI (GPS),HC,Health Center,មណ្ឌលសុខភាព,,ប៉ុល រ៉ានី,855 98566155,NA,11.5077177296011,104.599309239373,01/01/2006,,Operational,HF_LEVEL
648300,050109,HC រលាំងចក,HC Roleang Chak,05,កំពង់ស្ពឺ,Kampong Speu,0507,សំរោងទង,Samraong Tong,0501,កំពង់ស្ពឺ,Kampong Speu,050701,រលាំងចក,Roleang Chak,05070108,ក្រាំងធំ,Krang Thum,DPHI (GPS),HC,Health Center,មណ្ឌលសុខភាព,,យឹម យុវតី,855 15276656,NA,11.4497562707285,104.593804001882,01/01/2006,,Operational,HF_LEVEL
456635,050110,HC ក្រាំងស្គុះ,HC Kraing Skuh,05,កំពង់ស្ពឺ,Kampong Speu,0507,សំរោងទង,Samraong Tong,0501,កំពង់ស្ពឺ,Kampong Speu,050710,ស្គុះ,Skuh,05071017,ព្រៃបេង,Prey Beng,DPHI (GPS),HC,Health Center,មណ្ឌលសុខភាព,,មៀច គឹមសេម,855 15826704,NA,11.4185634021286,104.515570460621,01/01/2006,,Operational,HF_LEVEL
992225,050111,HC កាហែងតាអរ,HC Kaheng Ta Or,05,កំពង់ស្ពឺ,Kampong Speu,0507,សំរោងទង,Samraong Tong,0501,កំពង់ស្ពឺ,Kampong Speu,050702,កាហែង,Kahaeng,05070215,ឡ,La,DPHI (GPS),HC,Health Center,មណ្ឌលសុខភាព,,ប្រាក់​ សុគន្ធា,855 16547482,NA,11.4278713629672,104.459772254383,01/01/2006,,Operational,HF_LEVEL
128662,050112,HC ក្រូចមាស,HC Krouch Meas,05,កំពង់ស្ពឺ,Kampong Speu,0507,សំរោងទង,Samraong Tong,0501,កំពង់ស្ពឺ,Kampong Speu,050711,តាំងក្រូច,Tang Krouch,05071111,ពង្រ,Pongro,DPHI (GPS),HC,Health Center,មណ្ឌលសុខភាព,,ឈឿន ដាលីន,855 16667648,NA,11.4816381885174,104.414220766041,01/01/2006,,Operational,HF_LEVEL
808617,050113,HC វល្លិ៍ស,HC Voa Sa,05,កំពង់ស្ពឺ,Kampong Speu,0507,សំរោងទង,Samraong Tong,0501,កំពង់ស្ពឺ,Kampong Speu,050715,វល្លិសរ,Voa Sar,05071517,កណ្ដាល,Kandal,DPHI (GPS),HC,Health Center,មណ្ឌលសុខភាព,,ស៊ុក សុភាព,855 98259891,NA,11.5069020571391,104.549959054623,01/01/2006,,Operational,HF_LEVEL
305399,050114,HC ត្រែងត្រយឹង,HC Traeng Trayueng,05,កំពង់ស្ពឺ,Kampong Speu,0506,ភ្នំស្រួច,Phnum Sruoch,0504,ភ្នំស្រួច,Phnom Srouch,050613,ត្រែងត្រយឹង,Traeng Trayueng,05061304,ទី៤,Ti Boun,DPHI (GPS),HC,Health Center,មណ្ឌលសុខភាព,,ប៊ាន សុខហ៊ាង,855 81636390,NA,11.2766602425838,104.212390839004,01/01/2015,,Operational,HF_LEVEL
057864,050115,HC តាឡាត់,HC Ta Lat,05,កំពង់ស្ពឺ,Kampong Speu,0506,ភ្នំស្រួច,Phnum Sruoch,0504,ភ្នំស្រួច,Phnom Srouch,050607,អូរ,Ou,05060718,ព្រៃស្រោង,Prey Sraong,DPHI (GPS),HC,Health Center,មណ្ឌលសុខភាព,,ប៊ុត សុវណ្ណ,855 16872936,NA,11.33830337382,104.325450621261,01/01/2015,,Operational,HF_LEVEL
589232,050117,RH មន្ទីរពេទ្យបង្អែក​ត្រពាំងក្រឡឹង,RH Trapeang Kraloeung,05,កំពង់ស្ពឺ,Kampong Speu,0506,ភ្នំស្រួច,Phnum Sruoch,0504,ភ្នំស្រួច,Phnom Srouch,050604,គិរីវន្ដ,Kiri Voan,05060402,ត្រពាំងអត់ទឹក,Trapeang At Tuek,DPHI (GPS),RH,Referral Hospital,មន្ទីរពេទ្យបង្អែកស្រុក,,ប៉ុក សុគន្ធរត្ន័,855 16232163,NA,11.3816945861516,104.373060912137,01/01/2015,,Operational,HF_LEVEL
279340,050118,HC មហាសាំង,HC Moha Sang,05,កំពង់ស្ពឺ,Kampong Speu,0506,ភ្នំស្រួច,Phnum Sruoch,0504,ភ្នំស្រួច,Phnom Srouch,050606,មហាសាំង,Moha Sang,05060616,កណ្ដាល,Kandal,DPHI (GPS),HC,Health Center,មណ្ឌលសុខភាព,,សុខ នឿន,855 81555868,NA,11.4155547636638,104.424592813278,01/01/2015,,Operational,HF_LEVEL
224506,050119,HC ក្រសាំងចេក,HC Krosang Chek,05,កំពង់ស្ពឺ,Kampong Speu,0505,ឧដុង្គ,Odongk,0501,កំពង់ស្ពឺ,Kampong Speu,050505,ក្រាំងចេក,Krang Chek,05050515,តានី,Ta Ni,DPHI (GPS),HC,Health Center,មណ្ឌលសុខភាព,,យិន អឿន,855 16424090,NA,11.5871081263495,104.535488983833,01/01/2006,,Operational,HF_LEVEL
415869,050120,HC ភ្នំតូចពាំងល្វា,HC Phnum Touch Pang Lvea,05,កំពង់ស្ពឺ,Kampong Speu,0505,ឧដុង្គ,Odongk,0501,កំពង់ស្ពឺ,Kampong Speu,050515,ភ្នំតូច,Phnom Touch,05051518,វត្ដភ្នំ,Voat Phnom,DPHI (GPS),HC,Health Center,មណ្ឌលសុខភាព,,ឃុន សុខឃឿន,855 121837497,NA,11.5892096776849,104.666726808769,01/01/2006,,Operational,HF_LEVEL
131291,050120,HC សំរោងរំដួល,HC Samroung romduol,05,កំពង់ស្ពឺ,Kampong Speu,0506,ភ្នំស្រួច,Phnum Sruoch,0504,ភ្នំស្រួច,Phnom Srouch,050608,ព្រៃរំដួល,Prey Rumduol,05060805,កាប់ទូក,Kab Tuk,DPHI (GPS),HC,Health Center,មណ្ឌលសុខភាព,,ជឺម ចន្នី,855 16278440,NA,11.3838970725619,104.327555631069,01/01/2006,,Operational,HF_LEVEL
489978,050121,HC ព្រៃជម្ពូមានអង្គ,HC Prey Chumpou Mean Ang,05,កំពង់ស្ពឺ,Kampong Speu,0505,ឧដុង្គ,Odongk,0501,កំពង់ស្ពឺ,Kampong Speu,050508,ព្រៃក្រសាំង,Prey Krasang,05050802,ទួល,Tuol,DPHI (GPS),HC,Health Center,មណ្ឌលសុខភាព,,ញឹក ចរិយា,855 16515227,NA,11.5947441439578,104.485135720218,01/01/2006,,Operational,HF_LEVEL
009869,050122,HC រការកោះ,HC Roka Koh,05,កំពង់ស្ពឺ,Kampong Speu,0503,គងពិសី,Kong Pisei,0501,កំពង់ស្ពឺ,Kampong Speu,050308,រកាកោះ,Roka Kaoh,05030804,ព្រៃតាអូក,Prey Ta Ouk,DPHI (GPS),HC,Health Center,មណ្ឌលសុខភាព,,ស៊ុយ សុវណ្ណ,855 962665151,NA,11.408823835116,104.692969128836,01/01/2006,,Operational,HF_LEVEL
456230,050123,HC ឱរ៉ាល់,HC Oral,05,កំពង់ស្ពឺ,Kampong Speu,0504,ឱរ៉ាល់,Aoral,0501,កំពង់ស្ពឺ,Kampong Speu,050404,សង្កែសាទប,Sangkae Satob,05040402,ពាម,Peam,DPHI (GPS),HC,Health Center with beds,មណ្ឌលសុខភាពមានគ្រែ,,ជា ហ៊ីម,855 12715010,NA,11.6803167264767,104.144602385113,01/01/2006,,Operational,HF_LEVEL
727963,050124,HC មិត្តភាពកម្ពុជា ជប៉ុន ចំបក់,HC Camdodia-Japan frienship Chambak,05,កំពង់ស្ពឺ,Kampong Speu,0506,ភ្នំស្រួច,Phnum Sruoch,0504,ភ្នំស្រួច,Phnom Srouch,050601,ចំបក់,Chambak,05060101,ក្រាំងចេក,Krang Chek,DPHI (GPS),HC,Health Center,មណ្ឌលសុខភាព,,ឈឿន សំបូរ,855 81719489,NA,11.3873109263692,104.117806474999,01/06/2015,,Operational,HF_LEVEL
913390,050125,HC ត្រពាំងជោ,HC Trapeang Cho,05,កំពង់ស្ពឺ,Kampong Speu,0504,ឱរ៉ាល់,Aoral,0501,កំពង់ស្ពឺ,Kampong Speu,050403,ត្រពាំងជោ,Trapeang Chuor,05040302,ផ្លូវគោ,Plov Kou,DPHI (GPS),HC,Health Center,មណ្ឌលសុខភាព,,ជា សុជាតិ,855 93727100,NA,11.804745,104.165925,01/01/2015,,Operational,HF_LEVEL
055551,050125,HC ត្រពាំងក្រឡឹង,HC Trapeang Kraloeung,05,កំពង់ស្ពឺ,Kampong Speu,0506,ភ្នំស្រួច,Phnum Sruoch,0504,ភ្នំស្រួច,Phnom Srouch,050604,គិរីវន្ដ,Kiri Voan,05060408,ផ្សារត្រពាំងក្រឡឹង,Phsar Trapeang Kraloeng,DPHI (GPS),HC,Health Center,មណ្ឌលសុខភាព,,ខែម វុត្ថា,855 16666164,NA,11.381788,104.372675,01/01/2015,,Operational,HF_LEVEL
017261,050126,HC តាំងសំរោង,HC Taing Samroang,05,កំពង់ស្ពឺ,Kampong Speu,0506,ភ្នំស្រួច,Phnum Sruoch,0504,ភ្នំស្រួច,Phnom Srouch,000000,តាំងសំរោង,TANG SAMROUNG,00000000,ជ្រៃសែនជ័យ,Chrey SenChey,DPHI (GPS),HC,Health Center,មណ្ឌលសុខភាព,,គង់ សុខណាង,855 16868022,NA,11.3682474595775,104.275568876232,01/07/2022,,Operational,HF_LEVEL
037528,050201,RH មន្ទីរពេទ្យបង្អែកគងពិសី,RH Kong Pisey,05,កំពង់ស្ពឺ,Kampong Speu,0503,គងពិសី,Kong Pisei,0502,គងពិសី,Kong Pisey,050306,ព្រៃញាតិ,Prey Nheat,05030610,ស្វាយចារ្យ,Svay Char,DPHI (GPS),RH,Referral Hospital,មន្ទីរពេទ្យបង្អែកស្រុក,,ផាត់ យោគ,855 12506885,NA,11.292589555119,104.626184621487,01/01/2006,,Operational,HF_LEVEL
584382,050202,HC ស្រង់,HC Srong,05,កំពង់ស្ពឺ,Kampong Speu,0503,គងពិសី,Kong Pisei,0502,គងពិសី,Kong Pisey,050311,ស្រង់,Srang,05031107,ស្រង់,Srang,DPHI (GPS),HC,Health Center,មណ្ឌលសុខភាព,,ចែ នី,855 972871637,NA,11.2923270103986,104.62916999875,01/01/2006,,Operational,HF_LEVEL
605848,050203,HC ព្រៃញាតិ,HC Prey Nheat,05,កំពង់ស្ពឺ,Kampong Speu,0503,គងពិសី,Kong Pisei,0502,គងពិសី,Kong Pisey,050306,ព្រៃញាតិ,Prey Nheat,05030623,សម្ដេចឪ,Samdach Ov,DPHI (GPS),HC,Health Center,មណ្ឌលសុខភាព,,កែវ ឧត្តម,855 16544024,NA,11.3450293811762,104.667963781601,01/01/2006,,Operational,HF_LEVEL
411187,050204,HC ពេជ្រមុនីទឹកល្អក់,HC Pichr Muni Teuk La-,05,កំពង់ស្ពឺ,Kampong Speu,0503,គងពិសី,Kong Pisei,0502,គងពិសី,Kong Pisey,050304,ពេជ្រមុនី,Pechr Muni,05030403,ត្រពាំងស្នួល,Trapeang Snuol,DPHI (GPS),HC,Health Center,មណ្ឌលសុខភាព,,នេត​ប៊ុនថុល,855 15512613,NA,11.3616356214416,104.623724560791,01/01/2006,,Operational,HF_LEVEL
814184,050205,HC ស្នំក្រពើ,HC Snom Krapeu,05,កំពង់ស្ពឺ,Kampong Speu,0503,គងពិសី,Kong Pisei,0502,គងពិសី,Kong Pisey,050310,ស្នំក្រពើ,Snam Krapeu,05031005,ស្នួល,Snuol,DPHI (GPS),HC,Health Center,មណ្ឌលសុខភាព,,វ៉ន វណ្ណធី,855 889592482,NA,11.2831441929664,104.640581461282,01/01/2006,,Operational,HF_LEVEL
622703,050206,HC ស្តុក,HC Sdok,05,កំពង់ស្ពឺ,Kampong Speu,0503,គងពិសី,Kong Pisei,0502,គងពិសី,Kong Pisey,050309,ស្ដុក,Sdok,05030904,ស្ដុក,Sdok,DPHI (GPS),HC,Health Center,មណ្ឌលសុខភាព,,សុខ តុលា,855 978726071,NA,11.2299009276891,104.631470286109,01/01/2006,,Operational,HF_LEVEL
592982,050207,HC មហាឬស្សី,HC Moha Russei,05,កំពង់ស្ពឺ,Kampong Speu,0503,គងពិសី,Kong Pisei,0502,គងពិសី,Kong Pisey,050303,មហាឫស្សី,Moha Ruessei,05030319,សំរោងខ្ពស់,Samraong Khpos,DPHI (GPS),HC,Health Center,មណ្ឌលសុខភាព,,ឧិ នៅ,855 12203992,NA,11.2515894962486,104.658349537838,01/01/2006,,Operational,HF_LEVEL
792148,050208,HC ព្រៃវិហារ,HC Prey Vihear,05,កំពង់ស្ពឺ,Kampong Speu,0503,គងពិសី,Kong Pisei,0502,គងពិសី,Kong Pisey,050307,ព្រៃវិហារ,Prey Vihear,05030714,ចំការដូង,Chamkar Doung,DPHI (GPS),HC,Health Center,មណ្ឌលសុខភាព,,គាំ ប៉ិច,855 81985071,NA,11.2261319112508,104.667996534106,01/01/2006,,Operational,HF_LEVEL
458248,050209,HC ជង្រុក,HC Chongruk,05,កំពង់ស្ពឺ,Kampong Speu,0503,គងពិសី,Kong Pisei,0502,គងពិសី,Kong Pisey,050302,ជង្រុក,Chongruk,05030219,ជង្រុក,Chongruk,DPHI (GPS),HC,Health Center,មណ្ឌលសុខភាព,,មុំ ផល្លា,855 10781766,NA,11.2981482718364,104.699541469734,01/01/2006,,Operational,HF_LEVEL
130037,050210,HC វាលអង្គពពេល,HC Veal Ang Popel,05,កំពង់ស្ពឺ,Kampong Speu,0503,គងពិសី,Kong Pisei,0502,គងពិសី,Kong Pisey,050313,វាល,Veal,05031303,ក្រសាំងជីមែ,Krasang Chi Meae,DPHI (GPS),HC,Health Center,មណ្ឌលសុខភាព,,ទាវ សុគន្ធី,855 93626137,NA,11.3333394393263,104.718738992534,01/01/2006,,Operational,HF_LEVEL
876366,050211,HC ព្រះនិពាន្វ,HC Preah Nipean,05,កំពង់ស្ពឺ,Kampong Speu,0503,គងពិសី,Kong Pisei,0502,គងពិសី,Kong Pisey,050305,ព្រះនិព្វាន,Preah Nipean,05030526,ព្រៃទទឹង,Prey Totueng,DPHI (GPS),HC,Health Center,មណ្ឌលសុខភាព,,កែវ សុភាព,855 15826553,NA,11.4049668653535,104.778313941286,01/01/2006,,Operational,HF_LEVEL
819787,050212,HC រំពារមានជ័យ,HC Rumpea Mean Chey,05,កំពង់ស្ពឺ,Kampong Speu,0501,បរសេដ្ឋ,Basedth,0502,គងពិសី,Kong Pisey,050114,ស្វាយរំពារ,Svay Rumpear,05011410,ស្លាប់លែង,Slab Leaeng,DPHI (GPS),HC,Health Center,មណ្ឌលសុខភាព,,គៀត គន្ធល,855 92269399,NA,11.2140753842007,104.584943785254,01/01/2006,,Operational,HF_LEVEL
458110,050213,HC ពោធិអង្គ្រង,HC Pou Angkrang,05,កំពង់ស្ពឺ,Kampong Speu,0501,បរសេដ្ឋ,Basedth,0502,គងពិសី,Kong Pisey,050107,ពោធិអង្ក្រង,Pou Angkrang,05010711,ត្រពាំងកក់,Trapeang Kak,DPHI (GPS),HC,Health Center,មណ្ឌលសុខភាព,,ម៉ៅ សៅ,855 81539305,NA,11.1084108783736,104.640636616557,01/01/2006,,Operational,HF_LEVEL
261385,050215,HC កក់ព្រះខែ,HC Kak Preah Khe,05,កំពង់ស្ពឺ,Kampong Speu,0501,បរសេដ្ឋ,Basedth,0502,គងពិសី,Kong Pisey,050113,កក់,Kak,05011310,ត្រពាំងឈូក,Trapeang Chhuk,DPHI (GPS),HC,Health Center,មណ្ឌលសុខភាព,,យឿង ថុល,855 92958573,NA,11.1933698847631,104.536061674871,01/01/2006,,Operational,HF_LEVEL
114428,050216,HC ទួលសាលា,HC Tuol Sala,05,កំពង់ស្ពឺ,Kampong Speu,0501,បរសេដ្ឋ,Basedth,0502,គងពិសី,Kong Pisey,050112,ទួលសាលា,Tuol Sala,05011211,ធ្លក,Thlok,DPHI (GPS),HC,Health Center,មណ្ឌលសុខភាព,,ឯក សារុន,855 12592442,NA,11.2452918641879,104.527460752186,01/01/2006,,Operational,HF_LEVEL
799927,050217,HC កាត់ភ្លុក,HC Kat Phluk,05,កំពង់ស្ពឺ,Kampong Speu,0501,បរសេដ្ឋ,Basedth,0502,គងពិសី,Kong Pisey,050102,កាត់ភ្លុក,Kat Phluk,05010209,ចំបក់,Chambak,DPHI (GPS),HC,Health Center,មណ្ឌលសុខភាព,,គឹម សម្បត្តិ,855 969174647,NA,11.163792052364,104.449825370461,01/01/2006,,Operational,HF_LEVEL
258367,050218,HC និទានចំរើន,HC Nitean Chamroeun,05,កំពង់ស្ពឺ,Kampong Speu,0501,បរសេដ្ឋ,Basedth,0502,គងពិសី,Kong Pisey,050103,និទាន,Nitean,05010309,ត្រពាំងខ្នារ,Trapeang Khnar,DPHI (GPS),HC,Health Center,មណ្ឌលសុខភាព,,អ៊ុន យ៉ារី,855 81824661,NA,11.1400444464879,104.615115348442,01/01/2006,,Operational,HF_LEVEL
740578,050219,HC ផុង,HC Phong,05,កំពង់ស្ពឺ,Kampong Speu,0501,បរសេដ្ឋ,Basedth,0502,គងពិសី,Kong Pisey,050106,ផុង,Phong,05010604,សំបូរមាស,Sambuor Meas,DPHI (GPS),HC,Health Center,មណ្ឌលសុខភាព,,កែវ សំអាត,855 87277703,NA,11.1573048202225,104.465852313274,01/01/2006,,Operational,HF_LEVEL
398455,050220,HC ទួលអំពិល,HC Tuol Ampil,05,កំពង់ស្ពឺ,Kampong Speu,0501,បរសេដ្ឋ,Basedth,0502,គងពិសី,Kong Pisey,050111,ទួលអំពិល,Tuol Ampil,05011112,មីលាវ,Mi Leav,DPHI (GPS),HC,Health Center,មណ្ឌលសុខភាព,,អ៊ុយ ធារិទ្ធ,855 89849113,NA,11.1746615240025,104.672687329682,01/01/2006,,Operational,HF_LEVEL
966026,050221,HC ស្វាយចចិប,HC Svay Chochep,05,កំពង់ស្ពឺ,Kampong Speu,0501,បរសេដ្ឋ,Basedth,0502,គងពិសី,Kong Pisey,050112,ទួលសាលា,Tuol Sala,05011210,អ៊ូ,Ou,DPHI (GPS),HC,Health Center,មណ្ឌលសុខភាព,,ម៉ែន ពិសិដ្ឋ,855 16413545,NA,11.2600091203877,104.509183170774,25/08/2013,,Operational,HF_LEVEL
484456,050222,HC ភក្តី,HC Pheadkei,05,កំពង់ស្ពឺ,Kampong Speu,0501,បរសេដ្ឋ,Basedth,0502,គងពិសី,Kong Pisey,050104,ភក្តី,Pheakdei,05010402,ព្រៃរំដែល,Prey Rumdael,DPHI (GPS),HC,Health Center,មណ្ឌលសុខភាព,,ហង់ សំណាង,855 92354565,NA,11.1583924189187,104.411918928812,25/08/2013,,Operational,HF_LEVEL
178864,050223,HC ពោធិម្រាល,HC Por Mreal,05,កំពង់ស្ពឺ,Kampong Speu,0501,បរសេដ្ឋ,Basedth,0502,គងពិសី,Kong Pisey,050109,ពោធិម្រាល,Po Mreal,05010911,ត្រពាំងខ្នារ,Trapeang Khnar,DPHI (GPS),HC,Health Center,មណ្ឌលសុខភាព,,ម៉ៅ វណ្ណេត,855 93327070,NA,11.14485119,104.5752675,01/01/2017,,Operational,HF_LEVEL
642180,050224,HC ពោធិចំរើន,HC Pou Chamroeun,05,កំពង់ស្ពឺ,Kampong Speu,0501,បរសេដ្ឋ,Basedth,0502,គងពិសី,Kong Pisey,050108,ពោធិចម្រើន,Pou Chamroeun,05010808,ត្រពាំងត្រយឹង,Trapeang Trayueng,DPHI (GPS),HC,Health Center,មណ្ឌលសុខភាព,,សក់ សុខឃៀង,855 87729798,NA,11.106398,104.588766,01/01/2020,,Operational,HF_LEVEL
204873,050225,HC បរសែត,HC Basedth Pomreal,05,កំពង់ស្ពឺ,Kampong Speu,0501,បរសេដ្ឋ,Basedth,0502,គងពិសី,Kong Pisey,050101,បសែត,Basedth,05010121,ក្រុមហ៊ុន,Kromhun,DPHI (GPS),HC,Health Center,មណ្ឌលសុខភាព,,គង់ វ៉ង់,855 962352838,NA,11.1532132890671,104.528971329278,01/01/2020,,Operational,HF_LEVEL
040313,050301,RH មន្ទីរពេទ្យបង្អែកឩដុង្គ,RH Ou Dong,05,កំពង់ស្ពឺ,Kampong Speu,0505,ឧដុង្គ,Odongk,0503,ឧដ្ដុង,Ou Dongk,050511,វាំងចាស់,Veang Chas,05051109,ក្រាំងពន្លៃ,Krang Ponley,DPHI (GPS),RH,Referral Hospital,មន្ទីរពេទ្យបង្អែកស្រុក,,គឹម សុភាព,855 12910062,NA,11.8243090474144,104.739528031582,01/01/2006,,Operational,HF_LEVEL
741660,050303,HC ដំណាក់ស្មាច់,HC Damnak Smach,05,កំពង់ស្ពឺ,Kampong Speu,0505,ឧដុង្គ,Odongk,0503,ឧដ្ដុង,Ou Dongk,050510,វាលពង់,Veal Pong,05051017,ដំណាក់ស្មាច់,Damnak Smach,DPHI (GPS),HC,Health Center,មណ្ឌលសុខភាព,,ហ៊ួ ណារិន្ទ,855 87337712/855 92469246,NA,11.7743015234541,104.655452656749,01/01/2006,,Operational,HF_LEVEL
619991,050304,HC ដំណាក់ចាន់,HC Damnak Chan,05,កំពង់ស្ពឺ,Kampong Speu,0505,ឧដុង្គ,Odongk,0503,ឧដ្ដុង,Ou Dongk,050501,ចាន់សែន,Chan Saen,05050110,ត្រពាំងអន្ទង់,Trapeang Antong,DPHI (GPS),HC,Health Center,មណ្ឌលសុខភាព,,យ៉ាន់ សីហា,855 15486755,NA,11.6653230024605,104.634690260413,01/01/2006,,Operational,HF_LEVEL
799619,050305,HC ជើងរាស់សាមគ្គី,HC Cheung Roas Samaki,05,កំពង់ស្ពឺ,Kampong Speu,0505,ឧដុង្គ,Odongk,0503,ឧដ្ដុង,Ou Dongk,050512,យុទ្ធសាមគ្គី,Yutth Sameakki,05051214,ត្រពាំងល្ពាក់,Trapeang Lpeak,DPHI (GPS),HC,Health Center,មណ្ឌលសុខភាព,,យ៉ាវ សូនី,855 15652505/855 12475112,NA,11.6572696586545,104.546759657178,01/01/2006,,Operational,HF_LEVEL
699826,050306,HC ក្សេមក្សាន្តត្រាចទង,HC Khsem Khsan Trach Torng,05,កំពង់ស្ពឺ,Kampong Speu,0505,ឧដុង្គ,Odongk,0503,ឧដ្ដុង,Ou Dongk,050504,ក្សេមក្សាន្ដ,Khsem Khsant,05050412,បាត់ដឹង,Bat Doeng,DPHI (GPS),HC,Health Center,មណ្ឌលសុខភាព,,ហង្ស បូរិន,855 12475112/855 12586205,NA,11.6820915884034,104.699384495492,01/01/2006,,Operational,HF_LEVEL
796941,050307,HC ដុំខ្វិត,HC Dom Kvet,05,កំពង់ស្ពឺ,Kampong Speu,0508,ថ្ពង,Thpong,0503,ឧដ្ដុង,Ou Dongk,050807,វាលពន់,Veal Pon,05080702,ដុំខ្វិត,Dom Khvet,DPHI (GPS),HC,Health Center,មណ្ឌលសុខភាព,,យឹម យ៉េង,855 92709300,NA,11.7383668213384,104.588780714507,01/01/2006,,Operational,HF_LEVEL
367162,050308,HC មនោរុងរឿង,HC Monor Rung Roeang,05,កំពង់ស្ពឺ,Kampong Speu,0508,ថ្ពង,Thpong,0503,ឧដ្ដុង,Ou Dongk,050805,រុងរឿង,Rung Roeang,05080507,ថ្មី,Thmei,DPHI (GPS),HC,Health Center,មណ្ឌលសុខភាព,,ជួប ហឿន,855 963842828,NA,11.7210478016312,104.522075372179,01/01/2006,,Operational,HF_LEVEL
915699,050309,HC អន្លង់ជ្រៃ,HC Anluong Chrey,05,កំពង់ស្ពឺ,Kampong Speu,0508,ថ្ពង,Thpong,0503,ឧដ្ដុង,Ou Dongk,050804,ប្រាំបីមុម,Prambei Mum,05080410,អន្លង់ជ្រៃ,Anlong Chrey,DPHI (GPS),HC,Health Center with beds,មណ្ឌលសុខភាពមានគ្រែ,,ថន ពេជ្រ,855 696225446,NA,11.7505481964591,104.441895224941,01/01/2006,,Operational,HF_LEVEL
114625,050310,HC អមលាំង,HC Amleang,05,កំពង់ស្ពឺ,Kampong Speu,0508,ថ្ពង,Thpong,0503,ឧដ្ដុង,Ou Dongk,050801,អមលាំង,Amleang,05080105,តាកោង,Ta Kaong,DPHI (GPS),HC,Health Center,មណ្ឌលសុខភាព,,គ្រុយ ភារម្យ,855 12464070,NA,11.7964793162244,104.347655554389,01/01/2006,,Operational,HF_LEVEL
316497,050311,HC វាំងព្រះស្រែ,HC Vaing preah Sre,05,កំពង់ស្ពឺ,Kampong Speu,0505,ឧដុង្គ,Odongk,0503,ឧដ្ដុង,Ou Dongk,050511,វាំងចាស់,Veang Chas,05051109,ក្រាំងពន្លៃ,Krang Ponley,DPHI (GPS),HC,Health Center,មណ្ឌលសុខភាព,,រស់ រ៉ានី,855 12597751,NA,11.824629583818,104.739522424942,01/01/2006,,Operational,HF_LEVEL
137353,050312,HC ត្រាចទង,HC Trach Tong,05,កំពង់ស្ពឺ,Kampong Speu,0505,ឧដុង្គ,Odongk,0503,ឧដ្ដុង,Ou Dongk,000000,ត្រាចទង,Trach Tong,00000000,ត្រពាំងលើក,Tropeang Lerk,DPHI (GPS),HC,Health Center,មណ្ឌលសុខភាព,,ឃុត គឹមសួរ,855 12805065,NA,11.7173021029689,104.64633472494,01/08/2022,,Operational,HF_LEVEL
901062,NA,HP ឆ្អិន,HP Chaen,05,កំពង់ស្ពឺ,Kampong Speu,0504,ឱរ៉ាល់,Aoral,0501,កំពង់ស្ពឺ,Kampong Speu,050403,ត្រពាំងជោ,Trapeang Chuor,05040321,កោះដូនតី,Koah Doun Tei,DPHI (GPS),HP,Health Post,ប៉ុស្តិ៍សុខភាព,,គីម​ វណ្ណថា,855 963079502,NA,11.7565627228322,104.051221139717,NA,,Operational,HF_CODE;HF_LEVEL;START_DATE
671581,NA,HC អូរគគី,HC OKORKI,05,កំពង់ស្ពឺ,Kampong Speu,,សំរោងទង,Samraong Tong,,កំពង់ស្ពឺ,Kampong Speu,,តាំងក្រូច,Tang Krouch,,អូរគគីរ,OKORKI,,,Health Center,មណ្ឌលសុខភាព,,ហម លីហៀង,855 81809 004,NA,11.528081,104.42039,,,,HF_CODE;HF_LEVEL;OWNERSHIP;DIS_CODE;OD_CODE;COM_CODE;VIL_CODE;STATUS;START_DATE
042737,NA,HC ណូន រ៉ន ជំពូព្រឹក្ស,HC NOUNRONCHUMPUPREUK,05,កំពង់ស្ពឺ,Kampong Speu,,សំរោងទង,Samraong Tong,,កំពង់ស្ពឺ,Kampong Speu,,ជំពូព្រឹក្ស,CHUMPUPREUK,,ក្រាំងតាសោម,Krang Ta Saom,,,Health Center,មណ្ឌលសុខភាព,,សំរិទ្ធ គង្គា,855 12507078,,11.577438,104.447644,,,,HF_CODE;HF_LEVEL;OWNERSHIP;DIS_CODE;OD_CODE;COM_CODE;VIL_CODE;STATUS;START_DATE
360843,,,,,កំពង់ស្ពឺ,Kampong Speu,,,,,,,,,,,,,,,,,,,,,,,,,,HF_CODE;NAME_KH;NAME_EN;HF_TYPE_EN;HF_LEVEL;OWNERSHIP;PRO_CODE;DIS_CODE;OD_CODE;COM_CODE;VIL_CODE;HF_LAT;HF_LON;CONTACT_NO;STATUS;START_DATE
700971,060201,PH មន្ទីរពេទ្យខេត្តកំពង់ធំ,PH Kampong Thom,06,កំពង់ធំ,Kampong Thom,0603,ស្ទឹងសែន,Stueng Saen,0602,កំពង់ធំ,Kampong Thom,060302,កំពង់ធំ,Kampong Thum,06030207,ភូមិទី ៧,Phum Ti Prampir,DPHI (GPS),PH,Provincial Hospital,មន្ទីរពេទ្យខេត្ត,,ស្រេង សេងហ៊ាង,855 95566668,NA,12.711364124051,104.882728966061,01/01/2006,,Operational,HF_LEVEL
378445,060202,HC ត្បូងក្រពើ,HC Tbong Krapeu,06,កំពង់ធំ,Kampong Thom,0607,សន្ទុក,Santuk,0602,កំពង់ធំ,Kampong Thom,060710,ត្បូងក្រពើ,Tboung Krapue,06071001,ពោធិខាវ,Pou Khav,DPHI (GPS),HC,Health Center,មណ្ឌលសុខភាព,,គួច ឡូត,855 12299427,NA,12.6562365765355,104.942045914864,01/01/2006,,Operational,HF_LEVEL
555230,060203,HC ស្រយ៉ូវ,HC Srayov,06,កំពង់ធំ,Kampong Thom,0603,ស្ទឹងសែន,Stueng Saen,0602,កំពង់ធំ,Kampong Thom,060310,ស្រយ៉ូវ,Srayov,06031006,ត្រពាំងវែង,Trapeang Veaeng,DPHI (GPS),HC,Health Center,មណ្ឌលសុខភាព,,ឡុង សនិកា,855 12859643,NA,12.6614917254856,104.917703957256,01/01/2006,,Operational,HF_LEVEL
127473,060204,HC ព្រៃគុយ,HC Prey Kuy,06,កំពង់ធំ,Kampong Thom,0602,កំពង់ស្វាយ,Kampong Svay,0602,កំពង់ធំ,Kampong Thom,060204,ព្រៃគុយ,Prey Kuy,06020411,ព្រៃគុយ ក,Prey Kuy k,DPHI (GPS),HC,Health Center,មណ្ឌលសុខភាព,,ហៀង វ៉ាន់សង់,855 89492846,NA,12.7223329267588,104.924721878716,01/01/2006,,Operational,HF_LEVEL
106808,060205,HC ដំរីជាន់ខ្លា,HC Damrei Choan Khla,06,កំពង់ធំ,Kampong Thom,0603,ស្ទឹងសែន,Stueng Saen,0602,កំពង់ធំ,Kampong Thom,060301,ដំរីជាន់ខ្លា,Damrei Choankla,06030104,បល្ល័ង្គលិច,balang lich,DPHI (GPS),HC,Health Center,មណ្ឌលសុខភាព,,ធាង គន្ធា,855 11655294,NA,12.698145695177,104.89764803124,01/01/2006,,Operational,HF_LEVEL
127152,060206,HC កំពង់ធំ,HC Kampong Thom,06,កំពង់ធំ,Kampong Thom,0603,ស្ទឹងសែន,Stueng Saen,0602,កំពង់ធំ,Kampong Thom,060302,កំពង់ធំ,Kampong Thum,06030207,ភូមិទី ៧,Phum Ti Prampir,DPHI (GPS),HC,Health Center,មណ្ឌលសុខភាព,,អាន ស៊ីណា,855 85658807,NA,12.7112859687665,104.883274777867,01/01/2006,,Operational,HF_LEVEL
403726,060207,HC អាចារ្យលាក់,HC Achar Leak,06,កំពង់ធំ,Kampong Thom,0603,ស្ទឹងសែន,Stueng Saen,0602,កំពង់ធំ,Kampong Thom,060309,អាចារ្យលាក់,Achar Leak,06030902,អាចារ្យលាក់,Achar Leak,DPHI (GPS),HC,Health Center,មណ្ឌលសុខភាព,,នូ វិចិត្រា,855 12773102,NA,12.7267465355094,104.889496854554,01/01/2006,,Operational,HF_LEVEL
418617,060208,HC កកោះ,HC KoKoh,06,កំពង់ធំ,Kampong Thom,0607,សន្ទុក,Santuk,0602,កំពង់ធំ,Kampong Thom,060704,កកោះ,Kakaoh,06070405,ស្វាយកាល់,Svay Kal,DPHI (GPS),HC,Health Center,មណ្ឌលសុខភាព,,ឆៅ​ ថន,855 12422629,NA,12.6275086547578,104.991226722373,01/01/2006,,Operational,HF_LEVEL
270214,060209,HC កំពង់គោ,HC Kampong Ko,06,កំពង់ធំ,Kampong Thom,0602,កំពង់ស្វាយ,Kampong Svay,0602,កំពង់ធំ,Kampong Thom,060203,កំពង់គោ,Kampong Kou,06020301,កំពង់គោលើ,Kampong Kou Leu,DPHI (GPS),HC,Health Center,មណ្ឌលសុខភាព,,រ៉ា រ៉េន,855 125505967,NA,12.7129257,104.7911295,01/01/2006,,Operational,HF_LEVEL
545005,060210,HC គោកងួន,HC Kok Nguon,06,កំពង់ធំ,Kampong Thom,0602,កំពង់ស្វាយ,Kampong Svay,0602,កំពង់ធំ,Kampong Thom,060209,ត្រពាំងឫស្សី,Trapeang Ruessei,06020911,គោកងួន,Kouk Nguon,DPHI (GPS),HC,Health Center,មណ្ឌលសុខភាព,,ស ចំណាប់,855 67999954,NA,12.7386589765958,104.856644924957,01/01/2006,,Operational,HF_LEVEL
630073,060211,HC សាន់គរ,HC Sankor,06,កំពង់ធំ,Kampong Thom,0602,កំពង់ស្វាយ,Kampong Svay,0602,កំពង់ធំ,Kampong Thom,060207,សាន់គ,San Kor,06020704,វាល,Veal,DPHI (GPS),HC,Health Center,មណ្ឌលសុខភាព,,គៀត ទៀង,855 92824511,NA,12.8081790421738,104.743224018982,01/01/2006,,Operational,HF_LEVEL
890341,060212,HC ព្រៃប្រស់,HC Prey Pras,06,កំពង់ធំ,Kampong Thom,0602,កំពង់ស្វាយ,Kampong Svay,0602,កំពង់ធំ,Kampong Thom,060209,ត្រពាំងឫស្សី,Trapeang Ruessei,06020902,ព្រៃព្រាល ខ,Prey Preal Kha,DPHI (GPS),HC,Health Center with beds,មណ្ឌលសុខភាពមានគ្រែ,,ង៉ូយ រ៉ានីន,855 77315424,NA,12.7942432655755,104.826614354406,01/01/2006,,Operational,HF_LEVEL
341539,060213,HC កំពង់ស្វាយ,HC Kampong Svay,06,កំពង់ធំ,Kampong Thom,0602,កំពង់ស្វាយ,Kampong Svay,0602,កំពង់ធំ,Kampong Thom,060204,កំពង់ស្វាយ,Kampong Svay,06020402,ទៀមចាស់,Tiem Chas,DPHI (GPS),HC,Health Center,មណ្ឌលសុខភាព,,ស៊ុន​ សុភី,855 92141816,NA,12.7624536672503,104.962166954405,01/01/2006,,Operational,HF_LEVEL
070354,060214,HC ជ័យ,HC Chey,06,កំពង់ធំ,Kampong Thom,0602,កំពង់ស្វាយ,Kampong Svay,0602,កំពង់ធំ,Kampong Thom,060201,ជ័យ,Chey,06020106,កូនត្នោត,Koun Tnaot,DPHI (GPS),HC,Health Center,មណ្ឌលសុខភាព,,ហេង​ សុភាព,855 17657275,NA,12.82613221069,104.944097873249,01/01/2006,,Operational,HF_LEVEL
445721,060215,HC ដំរីស្លាប់,HC Damrei Slab,06,កំពង់ធំ,Kampong Thom,0602,កំពង់ស្វាយ,Kampong Svay,0602,កំពង់ធំ,Kampong Thom,060202,ដំរីស្លាប់,Damrei Slab,06020202,កប់ថ្លុក,Kab Thlok,DPHI (GPS),HC,Health Center,មណ្ឌលសុខភាព,,ឈឿន បូរី,855 92124038,NA,12.9002801606233,104.717172584553,01/01/2006,,Operational,HF_LEVEL
783705,060216,HC សាលាវិស័យ,HC Salavisai,06,កំពង់ធំ,Kampong Thom,0604,ប្រាសាទបល្ល័ង្គ,Prasat Ballangk,0602,កំពង់ធំ,Kampong Thom,060405,សាលាវិស័យ,Sala Visai,06040507,សាលាវិស័យ,Sala Visai,DPHI (GPS),HC,Health Center with beds,មណ្ឌលសុខភាពមានគ្រែ,,លឹម ស្រ៊ុន,855 12384471,NA,12.951980783,104.944006845746,01/01/2006,,Operational,HF_LEVEL
647723,060217,HC សណ្តាន់,HC Sandan,06,កំពង់ធំ,Kampong Thom,0606,សណ្ដាន់,Sandan,0602,កំពង់ធំ,Kampong Thom,060607,សណ្ដាន់,Sandan,06060710,សណ្ដាន់,Sandan,DPHI (GPS),HC,Health Center with beds,មណ្ឌលសុខភាពមានគ្រែ,,សុខ សំអូន,855 89876818,NA,13.1037075596495,105.243998407975,01/01/2006,,Operational,HF_LEVEL
532815,060218,HC ឈើទាល,HC Chheu Teal,06,កំពង់ធំ,Kampong Thom,0606,សណ្ដាន់,Sandan,0602,កំពង់ធំ,Kampong Thom,060601,ឈើទាល,Chheu Teal,06060103,កំពង់តាបែន,Kampong Ta Baen,DPHI (GPS),HC,Health Center,មណ្ឌលសុខភាព,,ហេង សុខឡេង,855 12249769,NA,13.0586492919017,105.235051888429,01/01/2006,,Operational,HF_LEVEL
501597,060219,HC មានជ័យ,HC Mean Chey,06,កំពង់ធំ,Kampong Thom,0606,សណ្ដាន់,Sandan,0602,កំពង់ធំ,Kampong Thom,060605,មានជ័យ,Mean Chey,06060503,រនាម,Roneam,DPHI (GPS),HC,Health Center,មណ្ឌលសុខភាព,,គ្រី បូរិន,855 85899740,NA,12.9838175215818,105.182134547072,01/01/2006,,Operational,HF_LEVEL
974487,060220,HC សំបូរ,HC Sambo,06,កំពង់ធំ,Kampong Thom,0605,ប្រាសាទសំបូរ,Prasat Sambour,0602,កំពង់ធំ,Kampong Thom,060503,សំបូរណ៍,Sambour,06050301,កំពង់ឈើទាល,Kampong Chheu Teal,DPHI (GPS),HC,Health Center with beds,មណ្ឌលសុខភាពមានគ្រែ,,សួន អៀង​​លី,855 90909396,NA,12.8720569001503,105.067901140838,01/01/2006,,Operational,HF_LEVEL
935931,060221,HC ឈូក,HC Chhouk,06,កំពង់ធំ,Kampong Thom,0605,ប្រាសាទសំបូរ,Prasat Sambour,0602,កំពង់ធំ,Kampong Thom,060501,ឈូក,Chhuk,06050104,ឈូកស្ទឹង,Chhuk Stueng,DPHI (GPS),HC,Health Center,មណ្ឌលសុខភាព,,សេង សុផល,855 12544947,NA,12.8723606142415,105.12823958176,01/01/2006,,Operational,HF_LEVEL
627141,060222,HC តាំងក្រសៅ,HC Taing Krasao,06,កំពង់ធំ,Kampong Thom,0605,ប្រាសាទសំបូរ,Prasat Sambour,0602,កំពង់ធំ,Kampong Thom,060505,តាំងក្រសៅ,Tang Krasau,06050507,ទឹកអណ្ដូង,Tuek Andoung,DPHI (GPS),HC,Health Center,មណ្ឌលសុខភាព,,សេង សុផល,855 17323485,NA,12.850877466961,105.115988618006,01/01/2006,,Operational,HF_LEVEL
775030,060223,HC ទំរីង,HC Tom Ring,06,កំពង់ធំ,Kampong Thom,0606,សណ្ដាន់,Sandan,0602,កំពង់ធំ,Kampong Thom,060609,ទំរីង,Tumring,06060908,ខោស,Khaos,DPHI (GPS),HC,Health Center,មណ្ឌលសុខភាព,,ហឹង ស៊ីថា,855 61676356,NA,12.900632,105.437163,01/01/2020,,Operational,HF_LEVEL
790755,060224,HC ផាត់សណ្តាយ,HC Phatsanday,06,កំពង់ធំ,Kampong Thom,0607,កំពង់ស្វាយ,Santuk,0602,កំពង់ធំ,Kampong Thom,000000,ផាត់សណ្តាយ,Phatsanday,00000000,កំពង់ចម្លង,Kampong chomlong,DPHI (GPS),HC,Health Center,មណ្ឌលសុខភាព,,សួង ម៉ាប់,855 92261945,NA,12.5322917850463,104.468502402508,01/01/2023,,Operational,HF_LEVEL
874164,060101,RH មន្ទីរពេទ្យបង្អែកបារាយណ៍សន្ទុក,RH Baray and Santuk,06,កំពង់ធំ,Kampong Thom,0601,បារាយណ៍,Baray,0601,បារាយណ៍សន្ទុក,Baray and Santuk,060102,បល្ល័ង្គ,Ballangk,06010212,ត្រពាំងស្វាយ,Trapeang Svay,DPHI (GPS),RH,Referral Hospital,មន្ទីរពេទ្យបង្អែកស្រុក,,ឡេង តាំងលាង,855 12867574,NA,12.4870714003509,105.121872813296,01/01/2006,,Operational,HF_LEVEL
291080,060102,HC ទីពោ,HC Ti Po,06,កំពង់ធំ,Kampong Thom,0607,សន្ទុក,Santuk,0601,បារាយណ៍សន្ទុក,Baray and Santuk,060709,ទីពោ,Ti Pou,06070902,និម្មិត,Nimit,DPHI (GPS),HC,Health Center,មណ្ឌលសុខភាព,,ចាន់ ណាវី,855 12390381,NA,12.6622334660613,105.096297117317,01/01/2006,,Operational,HF_LEVEL
213594,060103,HC តាំងក្រសាំង,HC Taing Krasaing,06,កំពង់ធំ,Kampong Thom,0607,សន្ទុក,Santuk,0601,បារាយណ៍សន្ទុក,Baray and Santuk,060708,តាំងក្រសាំង,Tang Krasang,06070811,វាំងខាងត្បូង,Veang Khang Tboung,DPHI (GPS),HC,Health Center with beds,មណ្ឌលសុខភាពមានគ្រែ,,ម៉ែន ស៊ីណាត,855 12368326,NA,12.5600450413346,105.050866524954,01/01/2006,,Operational,HF_LEVEL
515182,060104,HC ប្រាសាទ,HC Prasat,06,កំពង់ធំ,Kampong Thom,0607,សន្ទុក,Santuk,0601,បារាយណ៍សន្ទុក,Baray and Santuk,060707,ប្រាសាទ,Prasat,06070709,បន្ទាយយោមរាជ,Banteay Yumreach,DPHI (GPS),HC,Health Center,មណ្ឌលសុខភាព,,ហ៊ាន ស៊ុនសុគន្ធី,855 89990942,NA,12.5284628748753,105.097652773442,01/01/2006,,Operational,HF_LEVEL
075006,060105,HC កំពង់ថ្ម,HC Kampong Thmar,06,កំពង់ធំ,Kampong Thom,0607,សន្ទុក,Santuk,0601,បារាយណ៍សន្ទុក,Baray and Santuk,060703,កំពង់ថ្ម,Kampong Thma,06070302,ធន់មោង,Thon Moung,DPHI (GPS),HC,Health Center,មណ្ឌលសុខភាព,,ចាន់ ឌីណា,855 12526380,NA,12.5083404619234,105.120303180188,01/01/2006,,Operational,HF_LEVEL
639537,060106,HC ល្អក់,HC Laok,06,កំពង់ធំ,Kampong Thom,0607,សន្ទុក,Santuk,0601,បារាយណ៍សន្ទុក,Baray and Santuk,060703,កំពង់ថ្ម,Kampong Thma,06070310,ល្អក់,L'ak,DPHI (GPS),HC,Health Center,មណ្ឌលសុខភាព,,មាន់ ចន្ថារិទ្ធ,855 12825507,NA,12.5572601415002,105.178689854402,01/01/2006,,Operational,HF_LEVEL
349548,060107,HC ត្នោតជុំ,HC Tnaot Chum,06,កំពង់ធំ,Kampong Thom,0601,បារាយណ៍,Baray,0601,បារាយណ៍សន្ទុក,Baray and Santuk,060117,ត្នោតជុំ,Tnaot Chum,06011701,ត្នោតជុំទី ១,Tnaot Chum Ti Muoy,DPHI (GPS),HC,Health Center,មណ្ឌលសុខភាព,,អឿ សុខគឿន,855 89630504,NA,12.5227977809407,105.065117395565,01/01/2006,,Operational,HF_LEVEL
109181,060108,HC បល្ល័ង្គ,HC Ballaing,06,កំពង់ធំ,Kampong Thom,0601,បារាយណ៍,Baray,0601,បារាយណ៍សន្ទុក,Baray and Santuk,060102,បល្ល័ង្គ,Ballangk,06010201,ត្រស់,Tras,DPHI (GPS),HC,Health Center,មណ្ឌលសុខភាព,,ជា សៀវម៉ី,855 17598538,NA,12.4962462135917,105.129691235736,01/01/2006,,Operational,HF_LEVEL
406899,060109,HC ចើងដើង,HC Choeung Doeung,06,កំពង់ធំ,Kampong Thom,0601,បារាយណ៍,Baray,0601,បារាយណ៍សន្ទុក,Baray and Santuk,060105,ចើងដើង,Chaeung Daeung,06010501,ពណ្ណរាយ,Ponnoreay,DPHI (GPS),HC,Health Center,មណ្ឌលសុខភាព,,ឡុក សារីន,855 17574157,NA,12.4650651491654,105.19122485446,01/01/2006,,Operational,HF_LEVEL
798153,060110,HC ក្រវ៉ា,HC Krava,06,កំពង់ធំ,Kampong Thom,0601,បារាយណ៍,Baray,0601,បារាយណ៍សន្ទុក,Baray and Santuk,060111,ក្រវ៉ា,Krava,06011107,ស្លាកែត,Sla Kaet,DPHI (GPS),HC,Health Center,មណ្ឌលសុខភាព,,ស៊ុត​ សម្បត្តិ,855 92948522,NA,12.4734623319306,105.243198799505,01/01/2006,,Operational,HF_LEVEL
516683,060111,HC ចុងដូង,HC Chong Dong,06,កំពង់ធំ,Kampong Thom,0601,បារាយណ៍,Baray,0601,បារាយណ៍សន្ទុក,Baray and Santuk,060108,ចុងដូង,Chong Doung,06010801,ទួលដំណាក់,Tuol Damnak,DPHI (GPS),HC,Health Center,មណ្ឌលសុខភាព,,ប៉ូ សាំង,855 12370026,NA,12.4469993603155,105.103713795564,01/01/2006,,Operational,HF_LEVEL
600902,060112,HC បឹង,HC Boeng,06,កំពង់ធំ,Kampong Thom,0601,បារាយណ៍,Baray,0601,បារាយណ៍សន្ទុក,Baray and Santuk,060104,បឹង,Boeng,06010402,បឹងកណ្ដាល,Boeng Kandal,DPHI (GPS),HC,Health Center,មណ្ឌលសុខភាព,,ណាន ប៊ុនថាត,855 98838373,NA,12.430395859176,105.110077229524,01/01/2006,,Operational,HF_LEVEL
694409,060113,HC ឈូកខ្សាច់,HC Chhouk Ksach,06,កំពង់ធំ,Kampong Thom,0601,បារាយណ៍,Baray,0601,បារាយណ៍សន្ទុក,Baray and Santuk,060107,ឈូកខ្សាច់,Chhuk Khsach,06010701,ឈូកខ្សាច់,Chhuk Khsach,DPHI (GPS),HC,Health Center,មណ្ឌលសុខភាព,,កែ​ សារ៉ាន់,855 89505352,NA,12.398597941629,105.111060695563,01/01/2006,,Operational,HF_LEVEL
305202,060114,HC បារាយណ៍,HC Baray,06,កំពង់ធំ,Kampong Thom,0601,បារាយណ៍,Baray,0601,បារាយណ៍សន្ទុក,Baray and Santuk,060103,បារាយណ៍,Baray,06010301,ក្រសាំងជ័យ,Krasang Chey,DPHI (GPS),HC,Health Center,មណ្ឌលសុខភាព,,ហេង ភន,855 965666561,NA,12.3955494945515,105.0858036543,01/01/2006,,Operational,HF_LEVEL
566920,060115,HC ទ្រៀល,HC Treal,06,កំពង់ធំ,Kampong Thom,0601,បារាយណ៍,Baray,0601,បារាយណ៍សន្ទុក,Baray and Santuk,060118,ទ្រៀល,Triel,06011808,សាលាឃុំ,Sala Khum,DPHI (GPS),HC,Health Center,មណ្ឌលសុខភាព,,ងិន​ សុផល,855 89505352,NA,12.3388886644967,105.102777483846,01/01/2006,,Operational,HF_LEVEL
295439,060116,HC ស្រឡៅ,HC Sralao,06,កំពង់ធំ,Kampong Thom,0601,បារាយណ៍,Baray,0601,បារាយណ៍សន្ទុក,Baray and Santuk,060115,ស្រឡៅ,Sralau,06011512,ទោង,Toung,DPHI (GPS),HC,Health Center,មណ្ឌលសុខភាព,,តេង​ សុមេត,855 12409579,NA,12.317042202497,105.110996970041,01/01/2006,,Operational,HF_LEVEL
899775,060117,HC គ្រើល,HC Kreul,06,កំពង់ធំ,Kampong Thom,0601,បារាយណ៍,Baray,0601,បារាយណ៍សន្ទុក,Baray and Santuk,060112,អណ្ដូងពោធិ៍,Andoung Pou,06011207,គ្រើល,Kreul,DPHI (GPS),HC,Health Center,មណ្ឌលសុខភាព,,គង់ ចាន់ថា,855 12657945,NA,12.2860409008606,105.12295594074,01/01/2006,,Operational,HF_LEVEL
501098,060118,HC តាំងគោក,HC Taing Kok,06,កំពង់ធំ,Kampong Thom,0601,បារាយណ៍,Baray,0601,បារាយណ៍សន្ទុក,Baray and Santuk,060114,សូយោង,Sou Young,06011409,សូយោង,Souyoung,DPHI (GPS),HC,Health Center,មណ្ឌលសុខភាព,,តាំង ប៊ុនស្រេង,855 77656658,NA,12.2375681602681,105.123652266053,01/01/2006,,Operational,HF_LEVEL
174450,060119,HC ស្រះបន្ទាយ,HC Srah Banteay,06,កំពង់ធំ,Kampong Thom,0601,បារាយណ៍,Baray,0601,បារាយណ៍សន្ទុក,Baray and Santuk,060106,ច្រនាង,Chraneang,06010606,ស្រះបន្ទាយ,Srah Banteay,DPHI (GPS),HC,Health Center,មណ្ឌលសុខភាព,,បួ ពុធថារ័ត្ន,855 77400059,NA,12.248239538494,105.157120117681,01/01/2006,,Operational,HF_LEVEL
156474,060120,HC ប្រតោង,HC Prataong,06,កំពង់ធំ,Kampong Thom,0601,បារាយណ៍,Baray,0601,បារាយណ៍សន្ទុក,Baray and Santuk,060116,ស្វាយភ្លើង,Svay Phleung,06011601,ប្រតោង,Prataong,DPHI (GPS),HC,Health Center,មណ្ឌលសុខភាព,,ឈឿង គា,855 12214378,NA,12.2418905153223,105.138920383844,01/01/2006,,Operational,HF_LEVEL
294756,060121,HC គោកត្របែក,HC Kok trabek,06,កំពង់ធំ,Kampong Thom,0601,បារាយណ៍,Baray,0601,បារាយណ៍សន្ទុក,Baray and Santuk,060115,ស្រឡៅ,Sralau,06011515,គោកត្របែក,Kork Trabaek,DPHI (GPS),HC,Health Center,មណ្ឌលសុខភាព,,សៅ គឹមស្រុង,855 17290280,NA,12.2549255720088,104.884183872962,11/03/2013,,Operational,HF_LEVEL
750220,060122,HC ពង្រ,HC Pong Ro,06,កំពង់ធំ,Kampong Thom,0601,បារាយណ៍,Baray,0601,បារាយណ៍សន្ទុក,Baray and Santuk,060901,ពង្រ,Pongro,06090103,ពង្រ,Pongro,DPHI (GPS),HC,Health Center,មណ្ឌលសុខភាព,,ឈួន សុធី,855 92994444,NA,12.2393079428881,105.10946985491,11/03/2013,,Operational,HF_LEVEL
763560,060123,HC គគីរធំ,HC Korki Thom,06,កំពង់ធំ,Kampong Thom,0607,សន្ទុក,Santuk,0601,បារាយណ៍សន្ទុក,Baray and Santuk,060110,គគីធំ,Korki Thom,06011002,ពោន,Poun,DPHI (GPS),HC,Health Center,មណ្ឌលសុខភាព,,មឿន រស្មី,885 16292772,NA,12.4398441042254,105.265270261155,01/03/2018,,Operational,HF_LEVEL
429526,NA,HP ត្រពាំងជ្រៃ,HP Trapeang Chrey,06,កំពង់ធំ,Kampong Thom,0601,បារាយណ៍,Baray,0601,បារាយណ៍សន្ទុក,Baray and Santuk,060102,បល្ល័ង្គ,Ballangk,06010207,ត្រពាំងជ្រៃ,Trapeang Chrey,DPHI (GPS),HP,Health Post,ប៉ុស្តិ៍សុខភាព,,តូច រ៉ន,855 89945506,NA,12.4683073972777,105.144836397513,02-01-2017,,Operational,HF_CODE;HF_LEVEL
140977,NA,HP អភិវឌ្ឍន៏អូរធំ,HP Akphivath O Thom,06,កំពង់ធំ,Kampong Thom,0607,សន្ទុក,Santuk,0601,បារាយណ៍សន្ទុក,Baray and Santuk,060709,ទីពោ,Ti Pou,06070914,អូរធំ,Ou Thom,DPHI (GPS),HP,Health Post,ប៉ុស្តិ៍សុខភាព,,ឆេង វ៉ាន់ដា,855 77714665,NA,12.744183,105.205898,26-02-2013,,Operational,HF_CODE;HF_LEVEL
706831,NA,HP ថ្មសំលៀង,HP Thmar Somleang,06,កំពង់ធំ,Kampong Thom,0607,សន្ទុក,Santuk,0601,បារាយណ៍សន្ទុក,Baray and Santuk,060705,ក្រយា,Kraya,06070507,ថ្មសំលៀង,Thma Samlieng,DPHI (GPS),HP,Health Post,ប៉ុស្តិ៍សុខភាព,,គឹម រតនា,885 887717558,NA,12.5453444946929,105.33281976979,NA,,Operational,HF_CODE;HF_LEVEL;START_DATE
870423,060301,RH មន្ទីរពេទ្យបង្អែកស្ទោង,RH Stong,06,កំពង់ធំ,Kampong Thom,0608,ស្ទោង,Stoung,0603,ស្ទោង,Stong,060805,កំពង់ចិនត្បូង,Kampong Chen Tboung,06080503,កំពងក្ដី,Kampong Kdei,DPHI (GPS),RH,Referral Hospital,មន្ទីរពេទ្យបង្អែកស្រុក,,សេង សុខជា,855 12794349,NA,12.9411819144142,104.570679504251,01/01/2006,,Operational,HF_LEVEL
382639,060302,HC សម្តេចឪក្រយាសាគ្រាម,HC Samdach Ao Kraya Sakream,06,កំពង់ធំ,Kampong Thom,0604,ប្រាសាទបល្ល័ង្គ,Prasat Ballangk,0603,ស្ទោង,Stong,060404,សាគ្រាម,Sakream,06040401,សាគ្រាមជើង,Sakream Cheung,DPHI (GPS),HC,Health Center,មណ្ឌលសុខភាព,,ឈុន សុខ ខេង,855 12596386,NA,13.1901275384787,104.756896835496,03/05/2013,,Operational,HF_LEVEL
224691,060303,HC ដូង,HC Dong,06,កំពង់ធំ,Kampong Thom,0604,ប្រាសាទបល្ល័ង្គ,Prasat Ballangk,0603,ស្ទោង,Stong,060401,ដូង,Doung,06040102,គគរ,Kokor,DPHI (GPS),HC,Health Center,មណ្ឌលសុខភាព,,អ៊ុត អេន,855 17688224,NA,13.0193674546219,104.735449349819,03/05/2013,,Operational,HF_LEVEL
765976,060304,HC បន្ទាយស្ទោង,HC Banteay Stong,06,កំពង់ធំ,Kampong Thom,0608,ស្ទោង,Stoung,0603,ស្ទោង,Stong,060801,បន្ទាយស្ទោង,Banteay Stoung,06080104,ស្រោមដែក,Srom Dek,DPHI (GPS),HC,Health Center,មណ្ឌលសុខភាព,,ប៉ាង កាំង,855 11919746,NA,12.9312465506705,104.642362986202,03/05/2013,,Operational,HF_LEVEL
902730,060305,HC សំព្រោច,HC Samproch,06,កំពង់ធំ,Kampong Thom,0608,ស្ទោង,Stoung,0603,ស្ទោង,Stong,060812,សំព្រោជ,Samprouch,06081205,គោកស្នាយ,Kouk Snay,DPHI (GPS),HC,Health Center,មណ្ឌលសុខភាព,,ពាញ វុទ្ឋី,855 17505032,NA,12.9207427106596,104.570605696299,03/05/2013,,Operational,HF_LEVEL
629817,060306,HC ចំណាលើ,HC Chamnar Leu,06,កំពង់ធំ,Kampong Thom,0608,ស្ទោង,Stoung,0603,ស្ទោង,Stong,060803,ចំណាលើ,Chamna Leu,06080304,ខ្មាក់,Khmak,DPHI (GPS),HC,Health Center,មណ្ឌលសុខភាព,,ងួន ថាន,855 11332245,NA,12.8821900454932,104.66951195304,03/05/2013,,Operational,HF_LEVEL
919465,060307,HC ចំណាក្រោម,HC Chamnar Krom,06,កំពង់ធំ,Kampong Thom,0608,ស្ទោង,Stoung,0603,ស្ទោង,Stong,060802,ចំណាក្រោម,Chamna Kraom,06080206,សណ្ដាន់,Sandan,DPHI (GPS),HC,Health Center,មណ្ឌលសុខភាព,,ឌន ផាន្នី,855 12623394,NA,12.8770607705232,104.617964995566,03/05/2013,,Operational,HF_LEVEL
292448,060308,HC ស្ទោង,HC Stong,06,កំពង់ធំ,Kampong Thom,0608,ស្ទោង,Stoung,0603,ស្ទោង,Stong,060805,កំពង់ចិនត្បូង,Kampong Chen Tboung,06080503,កំពង់ក្ដី,Kampong Kdei,DPHI (GPS),HC,Health Center,មណ្ឌលសុខភាព,,ទីវ ណារិន,855 92915885,NA,12.9410182079615,104.570827334709,03/05/2013,,Operational,HF_LEVEL
052346,060309,HC ម្សាក្រង,HC Msakrong,06,កំពង់ធំ,Kampong Thom,0608,ស្ទោង,Stoung,0603,ស្ទោង,Stong,060806,ម្សាក្រង,Msa Krang,06080602,សំបួរត្បូង,Sambuor Tboung,DPHI (GPS),HC,Health Center,មណ្ឌលសុខភាព,,សាត ភារ៉ុង,855 11449366,NA,12.9366646498665,104.532039642752,03/05/2013,,Operational,HF_LEVEL
481777,060310,HC ទ្រា,HC Trea,06,កំពង់ធំ,Kampong Thom,0608,ស្ទោង,Stoung,0603,ស្ទោង,Stong,060813,ទ្រា,Trea,06081309,កោះ,koah,DPHI (GPS),HC,Health Center,មណ្ឌលសុខភាព,,ឃុត សារ៉េត,855 78747778,NA,12.9414544409175,104.576778250701,03/05/2013,,Operational,HF_LEVEL
472935,060311,HC ប្រឡាយ,HC Pralay,06,កំពង់ធំ,Kampong Thom,0608,ស្ទោង,Stoung,0603,ស្ទោង,Stong,060809,ប្រឡាយ,Pralay,06080902,អង់ឃ្លាំ,Ang Khlaom,DPHI (GPS),HC,Health Center,មណ្ឌលសុខភាព,,អៀ តាំប៉ាក់,855 12694531,NA,13.037000563054,104.509710682835,03/05/2013,,Operational,HF_LEVEL
145300,060312,HC ពពក,HC Porpok,06,កំពង់ធំ,Kampong Thom,0608,ស្ទោង,Stoung,0603,ស្ទោង,Stong,060808,ពពក,Popok,06080806,ពពក,Popok,DPHI (GPS),HC,Health Center,មណ្ឌលសុខភាព,,ថូ ប៊ុនធឿន,855 92744981,NA,13.159667,104.562389,23/12/2020,,Operational,HF_LEVEL
247876,6030901,HP ពាមបាង,HP Peam Bang,06,កំពង់ធំ,Kampong Thom,0608,ស្ទោង,Stoung,0603,ស្ទោង,Stong,060807,ពាមបាង,Peam Bang,06080705,ដូងស្តើង,Doung Sdaeng,DPHI (GPS),HP,Health Post,ប៉ុស្តិ៍សុខភាព,,មុំ វាសនា,855 68683232,NA,12.7741389,104.2849281,01/01/2006,,Operational,HF_LEVEL
726427,NA,HP ដូង,HP Dong,06,កំពង់ធំ,Kampong Thom,0608,ប្រាសាទបល្ល័ង្គ,Prasat Ballangk,0603,ស្ទោង,Stong,NA,ដូង,Dong,NA,តេជោអភិវឌ្ឍន៍និងត្រប់សុខសែនជ័យ,Techo aphivoth and Trap soksenchey,DPHI (GPS),HP,Health Post,ប៉ុស្តិ៍សុខភាព,,អ៊ុត អេន,855 17688224,NA,13.0472506208824,104.676355410711,19/03/2025,,Operational,HF_CODE;HF_LEVEL;COM_CODE;VIL_CODE
458094,070101,RH មន្ទីរពេទ្យបង្អែកអង្គរជ័យ,RH Angkor Chey,07,កំពត,Kampot,0701,អង្គរជ័យ,Angkor Chey,0701,អង្គរជ័យ,Angkor Chey,070108,តានី,Tani,07010808,ប្រាល,Pral,DPHI (GPS),RH,Referral Hospital,មន្ទីរពេទ្យបង្អែកស្រុក,,ម៉ក់ ចាន់ថន,12960196,NA,10.7729018364314,104.65994779502,01/01/2006,,Operational,HF_LEVEL
755893,070102,HC ដើមដូង,HC Doeum Daung,07,កំពត,Kampot,0701,អង្គរជ័យ,Angkor Chey,0701,អង្គរជ័យ,Angkor Chey,070106,ដើមដូង,Daeum Doung,07010601,ដើមដូង,Daeum Doung,DPHI (GPS),HC,Health Center,មណ្ឌលសុខភាព,,ជ្រុន ធួក,12521052,NA,10.7113207237287,104.666126114631,01/01/2006,,Operational,HF_LEVEL
613055,070103,HC តានី,HC Tani,07,កំពត,Kampot,0701,អង្គរជ័យ,Angkor Chey,0701,អង្គរជ័យ,Angkor Chey,070108,ភ្នំកុង,Phnum Kong,07010808,ពោធិ៍,Po,DPHI (GPS),HC,Health Center,មណ្ឌលសុខភាព,,តា សុទ្ធា,12310043,NA,10.7726775660089,104.659858180992,01/01/2006,,Operational,HF_LEVEL
647767,070104,HC អង្គភ្នំតូច,HC Ang Phnom Toch,07,កំពត,Kampot,0701,អង្គរជ័យ,Angkor Chey,0701,អង្គរជ័យ,Angkor Chey,070102,អង្គភ្នំតូច,Angphnomtoch,07010206,ត្រពាំងខ្យង,Trapeingkhyorng,DPHI (GPS),HC,Health Center,មណ្ឌលសុខភាព,,អ៊ូច សុវណ្ណា,12591545,NA,10.8090090238537,104.655788989117,01/01/2006,,Operational,HF_LEVEL
041561,070105,HC ប្រភ្នំ,HC Praphnom,07,កំពត,Kampot,0701,អង្គរជ័យ,Angkor Chey,0701,អង្គរជ័យ,Angkor Chey,070109,ប្រភ្នំ,Praphnum,07010905,ពងទឹក,Pong Tuek,DPHI (GPS),HC,Health Center,មណ្ឌលសុខភាព,,សយ ចាន់ឌី,12704188,NA,10.841001852903,104.648855344847,01/01/2006,,Operational,HF_LEVEL
801274,070106,HC ចំប៉ី,HC Champei,07,កំពត,Kampot,0701,អង្គរជ័យ,Angkor Chey,0701,អង្គរជ័យ,Angkor Chey,070103,ចំប៉ី,Champei,07010301,ខ្វាវ,Khvav,DPHI (GPS),HC,Health Center,មណ្ឌលសុខភាព,,ង៉ែត សារ៉ាន់,12510946,NA,10.8852558211957,104.648429225143,01/01/2006,,Operational,HF_LEVEL
825745,070107,HC ដានគោម,HC Dan Kaum,07,កំពត,Kampot,0701,អង្គរជ័យ,Angkor Chey,0701,អង្គរជ័យ,Angkor Chey,070105,ដានគោម,Dan Koum,07010504,អង្គខ្ជាយខាងជើង,Angk Khcheay Khang Cheung,DPHI (GPS),HC,Health Center,មណ្ឌលសុខភាព,,គង់ រដ្ឋា,12502990,NA,10.836247481823,104.583469054755,01/01/2006,,Operational,HF_LEVEL
672811,070108,HC ដំបូកខ្ពស់,HC Dambok Khpos,07,កំពត,Kampot,0701,អង្គរជ័យ,Angkor Chey,0701,អង្គរជ័យ,Angkor Chey,070104,ដំបូកខ្ពស់,Dambouk Khpos,07010410,ត្រពាំងរុន,Trapeang Run,DPHI (GPS),HC,Health Center,មណ្ឌលសុខភាព,,ហួន ពៅ,86818048,NA,10.7659283215578,104.574161014074,01/01/2006,,Operational,HF_LEVEL
299114,070109,HC សំរោងលើ,HC Samraong Leu,07,កំពត,Kampot,0702,បន្ទាយមាស,Banteay Meas,0701,អង្គរជ័យ,Angkor Chey,070205,សំរោងលើ,Samraong Leu,07020504,ត្រាំសសរ,Tram Sasar,DPHI (GPS),HC,Health Center,មណ្ឌលសុខភាព,,ម៉ម​  សម្ភស្ស,12730083,NA,10.7339093603876,104.594387084968,01/01/2006,,Operational,HF_LEVEL
680553,070110,HC ត្រពាំងសាលា,HC Trapaing Sala,07,កំពត,Kampot,0702,បន្ទាយមាស,Banteay Meas,0701,អង្គរជ័យ,Angkor Chey,070210,ត្រពាំងសាលាខាងកើត,Trapeang Sala Khang Kaeut,07021001,ទ័ពស្ដេច,Toap Sdach,DPHI (GPS),HC,Health Center,មណ្ឌលសុខភាព,,សោ ស្រីលក្ខណ៍,884483766,NA,10.7049680777088,104.619271684561,01/01/2006,,Operational,HF_LEVEL
703554,070111,HC វត្តអង្គ,HC Voat Ang,07,កំពត,Kampot,0702,បន្ទាយមាស,Banteay Meas,0701,អង្គរជ័យ,Angkor Chey,070215,វត្ដអង្គខាងត្បូង,Voat Angk Khang Tboung,07021503,ធាយ,Theay,DPHI (GPS),HC,Health Center,មណ្ឌលសុខភាព,,គិន  រតនា,17797215,NA,10.7199178723022,104.531348301288,01/01/2006,,Operational,HF_LEVEL
771985,070112,HC សំទ្បាញ,HC Samlanh,07,កំពត,Kampot,0701,អង្គរជ័យ,Angkor Chey,0701,អង្គរជ័យ,Angkor Chey,070110,សំទ្បាញ,Samlanh,07011002,អង្គស្ដុក,Ang Sdok,DPHI (GPS),HC,Health Center,មណ្ឌលសុខភាព,,ចែត វរលក្ខណ៍,978170390,NA,10.86279,104.610279,11/07/2013,,Operational,HF_LEVEL
440675,070201,RH មន្ទីរពេទ្យបង្អែកឈូក,RH Chhouk,07,កំពត,Kampot,0703,ឈូក,Chhuk,0702,ឈូក,Chhouk,070304,ឈូក,Chhuk,07030402,ឈើទាល,Chheu Teal,DPHI (GPS),RH,Referral Hospital,មន្ទីរពេទ្យបង្អែកស្រុក,,ថោង តេរ៉ូ,12462306,NA,10.8381660491364,104.456492231865,01/01/2006,,Operational,HF_LEVEL
892696,070202,HC ឈូក,HC Chhouk,07,កំពត,Kampot,0703,ឈូក,Chhuk,0702,ឈូក,Chhouk,070304,ឈូក,Chhuk,07030402,ឈើទាល,Chheu Teal,DPHI (GPS),HC,Health Center,មណ្ឌលសុខភាព,,ពេជ្រ ច័ន្ទ,964991771,NA,10.8381156197948,104.456506325705,01/01/2006,,Operational,HF_LEVEL
124472,070203,HC ក្រាំងស្នាយ,HC Kraing Snay,07,កំពត,Kampot,0703,ឈូក,Chhuk,0702,ឈូក,Chhouk,070307,ក្រាំងស្នាយ,Krang Snay,07030705,ល្វេ,Lve,DPHI (GPS),HC,Health Center,មណ្ឌលសុខភាព,,អ៊ុច បុណ្ណារេត,92424280,NA,10.8623530182877,104.488295200675,01/01/2006,,Operational,HF_LEVEL
277213,070204,HC មានជ័យ,HC Mean Chey,07,កំពត,Kampot,0703,ឈូក,Chhuk,0702,ឈូក,Chhouk,070311,មានជ័យ,Mean Chey,07031001,អង្គស្វាយ,Ang Svay,DPHI (GPS),HC,Health Center,មណ្ឌលសុខភាព,,សយ វណ្ណះ,964300042,NA,10.8430700621888,104.539114500016,01/01/2006,,Operational,HF_LEVEL
282109,070205,HC ត្រមែង,HC Tromaeng,07,កំពត,Kampot,0703,ឈូក,Chhuk,0702,ឈូក,Chhouk,070306,ក្រាំងស្បូវ,Krang Sbov,07030602,ត្រពាំងលើក,Trapeang Leuk,DPHI (GPS),HC,Health Center,មណ្ឌលសុខភាព,,គង់ បេន,12984495,NA,10.8150672324473,104.501976993438,01/01/2006,,Operational,HF_LEVEL
106164,070206,HC បានៀវ,HC Baneav,07,កំពត,Kampot,0703,ឈូក,Chhuk,0702,ឈូក,Chhouk,070301,បានៀវ,Baniev,07030105,ត្រពាំងតាសេក,Trapeang Ta Sek,DPHI (GPS),HC,Health Center,មណ្ឌលសុខភាព,,ម៉ៅ សុវណ្ណ,976001666,NA,10.764059846396,104.495259978705,01/01/2006,,Operational,HF_LEVEL
283831,070207,HC ព្រះធាតុរង្សី,HC Preah Theat Raingsei,07,កំពត,Kampot,0705,ដងទង់,Dang Tong,0702,ឈូក,Chhouk,070505,មានរិទ្ធិ,Mean Ritth,07050501,ព្រៃក្រាំងខាងជើង,Prey Krang Khang Cheung,DPHI (GPS),HC,Health Center,មណ្ឌលសុខភាព,,នាក់ យ៉ាំង,12412550,NA,10.7511371637582,104.427388484342,01/01/2006,,Operational,HF_LEVEL
889474,070208,HC វត្តគយ,HC Wat Koy,07,កំពត,Kampot,0703,ឈូក,Chhuk,0702,ឈូក,Chhouk,070308,ល្បើក,Lbaeuk,07030802,ទួល,Tuol,DPHI (GPS),HC,Health Center,មណ្ឌលសុខភាព,,ខឹម គឹមស៊ុន,097465 0606,NA,10.8226419265318,104.359699340879,01/01/2006,,Operational,HF_LEVEL
383508,070209,HC កោះស្លា,HC Koh Sla,07,កំពត,Kampot,0703,ឈូក,Chhuk,0702,ឈូក,Chhouk,070302,តាកែន,Takaen,07030207,ស្រកានាគ,Sraka Neak,DPHI (GPS),HC,Health Center,មណ្ឌលសុខភាព,,តុង សុខសំណាង,15276276,NA,10.9444391028108,104.252589437274,01/01/2006,,Operational,HF_LEVEL
724604,070210,HC ដងទង់,HC Dang Tong,07,កំពត,Kampot,0705,ដងទង់,Dang Tong,0702,ឈូក,Chhouk,070502,ដងទង់,Dang Tong,07050201,ធំថ្មី,Thum Thmei,DPHI (GPS),HC,Health Center with beds,មណ្ឌលសុខភាពមានគ្រែ,,សាន បូណា,12295329,NA,10.7023086200256,104.448430198035,01/01/2006,,Operational,HF_LEVEL
286747,070211,HC អង្គ រមាស,HC Ang Ro Meas,07,កំពត,Kampot,0705,ដងទង់,Dang Tong,0702,ឈូក,Chhouk,070509,អង្គ រមាស,Angk Romeas,07050901,ត្រពាំងរាំង,Trapeang Reang,DPHI (GPS),HC,Health Center,មណ្ឌលសុខភាព,,អ៊ិត ណារិទ្ធ,17349678,NA,10.7689112426061,104.374752776033,01/01/2006,,Operational,HF_LEVEL
300295,070212,HC ទទុង,HC Totung,07,កំពត,Kampot,0705,ដងទង់,Dang Tong,0702,ឈូក,Chhouk,070508,ទទុង,Totung,07050806,ដំរីលេង,Damrei Leng,DPHI (GPS),HC,Health Center,មណ្ឌលសុខភាព,,អុប ប៊ុនធីម,097701 2888,NA,10.7160303288799,104.501497590231,01/01/2006,,Operational,HF_LEVEL
914950,070213,HC ត្រពាំងរាំង,HC Trapaing Raing,07,កំពត,Kampot,0704,ជុំគិរី,Chum Kiri,0702,ឈូក,Chhouk,070407,ត្រពាំងរាំង,Trapeang Reang,07040701,ត្រពាំងវែង,Trapeang Veaeng,DPHI (GPS),HC,Health Center with beds,មណ្ឌលសុខភាពមានគ្រែ,,ព្រាប រដ្ឋា,12764313,NA,10.9262371847807,104.417441371479,01/01/2006,,Operational,HF_LEVEL
653629,070214,HC ស្រែចែង,HC Sre Cheng,07,កំពត,Kampot,0704,ជុំគិរី,Chum Kiri,0702,ឈូក,Chhouk,070404,ស្រែចែង,Srae Chaeng,07040401,កំណប់,Kamnab,DPHI (GPS),HC,Health Center,មណ្ឌលសុខភាព,,វង្ស ថារិទ្ធ,12771775,NA,11.0419630259741,104.471347800583,01/01/2006,,Operational,HF_LEVEL
093933,070215,HC ច្រេស,HC Chres,07,កំពត,Kampot,0704,ជុំគិរី,Chum Kiri,0702,ឈូក,Chhouk,070401,ច្រេស,Chres,07040104,ច្រេស,Chres,DPHI (GPS),HC,Health Center,មណ្ឌលសុខភាព,,ឃាង ស្រីស្រស់,0974100027,NA,10.91155,104.46749,01/01/2006,,Operational,HF_LEVEL
298931,070216,HC ជម្ពូវ័ន្ត,HC Chumpou Voan,07,កំពត,Kampot,0704,ជុំគិរី,Chum Kiri,0702,ឈូក,Chhouk,070402,ជំពូវន្ដ,Chumpu Voan,07040207,ថ្មី,Thmey,DPHI (GPS),HC,Health Center,មណ្ឌលសុខភាព,,អេង យ៉ា,92159797,NA,10.9030062976093,104.423396540638,01/01/2006,,Operational,HF_LEVEL
554574,070217,RH មន្ទីរពេទ្យ​បង្អែកប៊ុនរ៉ានីហ៊ុនសែនកោះស្លា,RH Bun​ Rany Hun Sen Koh Sla,07,កំពត,Kampot,0703,ឈូក,Chhuk,0702,ឈូក,Chhouk,070315,តេជោរអភិវឌ្ឍន៏,Dachou Akphivoath,07031501,តេជោរអភិវឌ្ឍន៏,Dachou Akphivoath,PHD Kampot,RH,Referral Hospital,មន្ទីរពេទ្យបង្អែកស្រុក,,អ៊ុក សំហ៊ន,0977359007,NA,11.132962,104.14844,01/06/2012,,Operational,HF_LEVEL
156463,070218,HC អាសារស្រែក្នុង,HC A Sar Srae Knung,07,កំពត,Kampot,0704,ជុំគិរី,Chum Kiri,0702,ឈូក,Chhouk,070405,ស្រែក្នុង,Srae Knong,07040504,ព្រៃយ៉ាវ,Prey Yav,PHD Kampot,HC,Health Center,មណ្ឌលសុខភាព,,អ៊ុក វាសនា,975249920,NA,10.972118,104.472525,01/01/2006,,Operational,HF_LEVEL
450491,070219,HC ប៊ុនរ៉ានី ហ៊ុនសែនកោះស្លា,HC Bunrany Hun Sen​ Koh Sla,07,កំពត,Kampot,0703,ឈូក,Chhuk,0702,ឈូក,Chhouk,070315,តេជោរអភិវឌ្ឍន៏,Dachou Akphivoath,07031501,តេជោរអភិវឌ្ឍន៏,Dachou Akphivoath,PHD Kampot,HC,Health Center,មណ្ឌលសុខភាព,,សូត្រ ពិសិដ្ឋ,93232922,NA,11.132572,104.148528,01/07/2013,,Operational,HF_LEVEL
426213,070220,HC ខ្នាច់ព្រៃ,HC Knach Prey,07,កំពត,Kampot,0705,ដងទង់,Dang Tong,0702,ឈូក,Chhouk,070510,ល្អាង,La Arng,07051004,ល្អាង,La Arng,PHD Kampot,HC,Health Center,មណ្ឌលសុខភាព,,ពៅ​ សម្បត្តិ,070750705,NA,10.696032,104.371593,05/07/2013,,Operational,HF_LEVEL
709894,070221,HC ព្រៃឃ្ជាយ,HC Prey Kjeay,07,កំពត,Kampot,0704,ជុំគិរី,Chum Kiri,0702,ឈូក,Chhouk,070403,ស្នាយអន្ចិត,Snay Anhchit,07040304,ព្រៃឃ្ជាយ,Prey Khcheay,PHD Kampot,HC,Health Center,មណ្ឌលសុខភាព,,អ៊ុង ករុណា,11446200,NA,10.9636,104.43743,05/07/2013,,Operational,HF_LEVEL
095240,070222,HC នរាយណ៍,HC Noreay,07,កំពត,Kampot,0703,ឈូក,Chhuk,0702,ឈូក,Chhouk,070311,នារាយណ៍,Neareay,07031102,ពស់ពង,Pos Pong,PHD Kampot,HC,Health Center,មណ្ឌលសុខភាព,,អ៊ឹម ម៉ៅ,12447858,NA,10.8785174329512,104.530572819897,11/07/2013,,Operational,HF_LEVEL
678152,070223,HC ត្រពាំងភ្លាំង,HC Trapeang Phlaing,07,កំពត,Kampot,0703,ឈូក,Chhuk,0702,ឈូក,Chhouk,070309,ត្រពាំងភ្លាំង,Trapeang Phlaing,07030906,ត្រពាំងស្តៅ,Trapeang Sdau,PHD Kampot,HC,Health Center,មណ្ឌលសុខភាព,,សែម ចាន់វណ្ណៈ,81540017,NA,10.851143,104.249351,01/01/2017,,Operational,HF_LEVEL
261894,070224,HC ដូនយ៉យ,HC Don Yoy,07,កំពត,Kampot,0703,ឈូក,Chhuk,0702,ឈូក,Chhouk,070305,ដូនយ៉យ,Doun Yay,07030503,ត្រពាំងកកោះ,Trapaing Kokoh,PHD Kampot,HC,Health Center,មណ្ឌលសុខភាព,,ងាម សុខហេង,68251011,NA,10.795097,104.446834,01/01/2017,,Operational,HF_LEVEL
031937,070225,HC ត្រពាំងបី,HC Trapaing Bey,07,កំពត,Kampot,0703,ឈូក,Chhuk,0704,ឈូក,Chhouk,070313,ត្រពាំងបី,Trapaing Bei,07031302,ត្រពាំងល្បើក,Trapaing Lberk,PHD Kampot,HC,Health Center,មណ្ឌលសុខភាព,,ចេវ សីហា,92206624,NA,10.7916728248686,104.315499779435,01/01/2018,,Operational,HF_LEVEL
317342,070226,HC បឹង​និមល,HC Boeng Nimul,07,កំពត,Kampot,0703,ឈូក,Chhuk,0702,ឈូក,Chhouk,070303,បឹងនិមល,Boeng Nimul,07030304,បឹង,Boeng,PHD Kampot,HC,Health Center,មណ្ឌលសុខភាព,,កែវ សច្ចា,86356224,NA,10.8077103206134,104.414291777476,01/01/2018,,Operational,HF_LEVEL
150530,070301,RH មន្ទីរពេទ្យបង្អែកកំពង់ត្រាច,RH Kampong Trach,07,កំពត,Kampot,0706,កំពង់ត្រាច,Kampong Trach,0703,កំពង់ត្រាច,Kampong Trach,070605,កំពង់ត្រាចខាងកើត,Kampong Trach Khang Kaeut,07060501,កំពង់ត្រាចទី ១,Kampong Trach Ti Muoy,DPHI (GPS),RH,Referral Hospital,មន្ទីរពេទ្យបង្អែកស្រុក,,ពៅ សារី,012733 468,NA,10.5616965134425,104.46960435996,01/01/2006,,Operational,HF_LEVEL
502726,070302,HC ឬស្សីស្រុក,HC Russei Srok,07,កំពត,Kampot,0706,កំពង់ត្រាច,Kampong Trach,0703,កំពង់ត្រាច,Kampong Trach,070614,ឫស្សីស្រុកខាងលិច,Ruessei Srok Khang Lech,07061402,លក,Lok,DPHI (GPS),HC,Health Center,មណ្ឌលសុខភាព,,ស្រេង សៅរតន៍,972201581,NA,10.4516227264762,104.44098075331,01/01/2006,,Operational,HF_LEVEL
155687,070303,HC ស្វាយទង,HC Svay Tong,07,កំពត,Kampot,0706,កំពង់ត្រាច,Kampong Trach,0703,កំពង់ត្រាច,Kampong Trach,070615,ស្វាយទងខាងជើង,Svay Tong Khang Cheung,07061504,ភ្នំក្ងាប,Phnum Kngab,DPHI (GPS),HC,Health Center,មណ្ឌលសុខភាព,,ឃួន ធីម,12280725,NA,10.499128646585,104.444072625114,01/01/2006,,Operational,HF_LEVEL
041344,070304,HC ព្រែកក្រឺស,HC Prek Kroes,07,កំពត,Kampot,0706,កំពង់ត្រាច,Kampong Trach,0703,កំពង់ត្រាច,Kampong Trach,070612,ព្រែកក្រឹស,Preaek Kroes,07061201,ព្រែកក្រឹស,Preaek Kroes,DPHI (GPS),HC,Health Center,មណ្ឌលសុខភាព,,អាត់ អោក,12435510,NA,10.5405577122571,104.586157158549,01/01/2006,,Operational,HF_LEVEL
446277,070305,HC បឹងសាលា,HC Boeng Sala,07,កំពត,Kampot,0706,កំពង់ត្រាច,Kampong Trach,0703,កំពង់ត្រាច,Kampong Trach,070602,បឹងសាលាខាងត្បូង,Boeng Sala Khang Tboung,07060202,ជ្រេស,Chres,DPHI (GPS),HC,Health Center,មណ្ឌលសុខភាព,,ទុំ វែង,974552627,NA,10.5071850139369,104.513000186849,01/01/2006,,Operational,HF_LEVEL
487157,070306,HC អង្គសុរភី,HC Angksorphy,07,កំពត,Kampot,0706,កំពង់ត្រាច,Kampong Trach,0703,កំពង់ត្រាច,Kampong Trach,070609,អង្គសុរភី,Ang Sophy,07060906,បឹងធំខាងកើត,Boeng Thum Khang Kaeut,PHD Kampot,HC,Health Center,មណ្ឌលសុខភាព,,នាគ វណ្ណា,12833867,NA,10.55528,104.50017,18/01/2012,,Operational,HF_LEVEL
790172,070307,HC កំពង់ត្រាច,HC Kampong Trach,07,កំពត,Kampot,0706,កំពង់ត្រាច,Kampong Trach,0703,កំពង់ត្រាច,Kampong Trach,070605,កំពង់ត្រាចខាងកើត,Kampong Trach Khang Kaeut,07060501,កំពង់ត្រាចទី ១,Kampong Trach Ti Muoy,DPHI (GPS),HC,Health Center,មណ្ឌលសុខភាព,,អ៊ូច ពឿន,12275296,NA,10.5616965134425,104.46960435996,01/01/2006,,Operational,HF_LEVEL
681143,070308,HC ដំណាក់កន្ទួត,HC Damnak Kantuot,07,កំពត,Kampot,0706,កំពង់ត្រាច,Kampong Trach,0703,កំពង់ត្រាច,Kampong Trach,070604,ដំណាក់កន្ទួតខាងត្បូង,Damnak Kantuot Khang Tboung,07060401,ដំណាក់កន្ទួត,Damnak Kantuot,DPHI (GPS),HC,Health Center,មណ្ឌលសុខភាព,,ប៉ុក ពិសី,12895362,NA,10.5774174113255,104.460322092498,01/01/2006,,Operational,HF_LEVEL
011583,070309,HC ស្រែជា,HC Sre Chea,07,កំពត,Kampot,0705,ដងទង់,Dang Tong,0703,កំពង់ត្រាច,Kampong Trach,070507,ស្រែជាខាងត្បូង,Srae Chea Khang Tboung,07050701,ត្រពាំងក្ដារ,Trapeang Kdar,DPHI (GPS),HC,Health Center,មណ្ឌលសុខភាព,,តុង​ ចន្ត្រា,976203368,NA,10.6492990205935,104.469329708557,01/01/2006,,Operational,HF_LEVEL
917078,070310,HC ទូកមាស,HC Touk Meas,07,កំពត,Kampot,0702,បន្ទាយមាស,Banteay Meas,0703,កំពង់ត្រាច,Kampong Trach,070213,ទូកមាសខាងលិច,Tuk Meas Khang Lech,07021308,ព្រៃក្រឡាខាងលិច,Prey Krala Khang Lech,DPHI (GPS),HC,Health Center with beds,មណ្ឌលសុខភាពមានគ្រែ,,ទន់ វីរៈ,92160161,NA,10.6666045422201,104.562646391484,01/01/2006,,Operational,HF_LEVEL
115408,070311,HC ស្តេចគង់,HC Sdach Kong,07,កំពត,Kampot,0702,បន្ទាយមាស,Banteay Meas,0703,កំពង់ត្រាច,Kampong Trach,070207,ស្ដេចគង់ខាងលិច,Sdach Kong Khang Lech,07020702,រំពើន,Rumpeun,DPHI (GPS),HC,Health Center,មណ្ឌលសុខភាព,,គឹម ប៉ុះម៉ុះ,717807711,NA,10.6253617718633,104.53661866878,01/01/2006,,Operational,HF_LEVEL
272288,070312,HC បន្ទាយមាស,HC Banteay Meas,07,កំពត,Kampot,0702,បន្ទាយមាស,Banteay Meas,0703,កំពង់ត្រាច,Kampong Trach,070202,បន្ទាយមាសខាងលិច,Banteay Meas Khang lech,07020203,កន្សោមអក,Kansaom Ak,DPHI (GPS),HC,Health Center,មណ្ឌលសុខភាព,,សាន រុន,12800176,NA,10.6664813944144,104.562488327811,01/01/2006,,Operational,HF_LEVEL
035114,070313,HC ត្នោតចុងស្រង់,HC Tnaot Chong Srang,07,កំពត,Kampot,0702,បន្ទាយមាស,Banteay Meas,0703,កំពង់ត្រាច,Kampong Trach,070209,ត្នោតចុងស្រង់,Tnoat Chong Srang,07020902,គោកវែង,Kouk Veaeng,DPHI (GPS),HC,Health Center,មណ្ឌលសុខភាព,,គឹម ឆក,12722589,NA,10.5887149910187,104.689638359438,01/01/2006,,Operational,HF_LEVEL
223622,070314,HC ភ្នំល្ងៀង,HC Phnom Lngeang,07,កំពត,Kampot,0702,បន្ទាយមាស,Banteay Meas,0703,កំពង់ត្រាច,Kampong Trach,070208,ស្តេចគង់ខាងត្បូង,Sdach Kong Khang Tboung,07020801,សង្កែដួច,Sang Keng Dourch,PHD Kampot,HC,Health Center,មណ្ឌលសុខភាព,,ផាន់ ម៉ាប់,966662744,NA,10.583595,104.550992,11/07/2013,,Operational,HF_LEVEL
325554,070315,HC ព្រៃទន្លេ,HC Prey Tonle,07,កំពត,Kampot,0702,បន្ទាយមាស,Banteay Meas,0703,កំពង់ត្រាច,Kampong Trach,070203,ព្រៃទន្លេ,Prey Tonle,07020301,ព្រៃទន្លេ,Prey Tonle,PHD Kampot,HC,Health Center,មណ្ឌលសុខភាព,,ម៉ៅ វ៉ាន់សាង,12292159,NA,10.54742,104.627772,11/07/2013,,Operational,HF_LEVEL
372385,070316,HC ឬស្សីស្រុកខាងកើត,HC Russey Khang Keut,07,កំពត,Kampot,0706,កំពង់ត្រាច,Kampong Trach,0703,កំពង់ត្រាច,Kampong Trach,070613,ឫស្សីស្រុកខាងកើត,Ruessei Srok Khang kaeut,07061301,ឬស្សីស្រុក,Ruessei Srok,PHD Kampot,HC,Health Center,មណ្ឌលសុខភាព,,គង់ វាស្នា,17700204,NA,10.491745,104.47523,01/05/2017,,Operational,HF_LEVEL
487562,070317,HC ភ្នំដំរី,HC Phnom Damrie,07,កំពត,Kampot,0706,កំពង់ត្រាច,Kampong Trach,0703,កំពង់ត្រាច,Kampong Trach,070603,ដំណាក់កន្ទួតខាងជើង,Damnak Kantuot Khang Cheung,07060302,អូរពពូល,Oporporl,PHD Kampot,HC,Health Center,មណ្ឌលសុខភាព,,ព្រំ សំបូរ,974071006,NA,10.6118206169693,104.480960341933,01/02/2021,,Operational,HF_LEVEL
483494,070318,HC បន្ទាយមាសខាងកើត,HC Banteay Meas Khang Keut,07,កំពត,Kampot,0702,បន្ទាយមាស,Banteay Meas,0703,កំពង់ត្រាច,Kampong Trach,070201,បន្ទាយមាសខាងកើត,Banteay Meas Khang Kaeut,07020104,ព្រៃបន្ទំ,Prey Borntom,PHD Kampot,HC,Health Center,មណ្ឌលសុខភាព,,កុល សុខា,097666 0975,NA,10.632763,104.653285,01/01/2021,,Operational,HF_LEVEL
208665,070401,PH មន្ទីរពេទ្យខេត្កកំពត,PH Kampot,07,កំពត,Kampot,0708,កំពត,Kampot,0704,កំពត,Kampot,070803,កំពង់បាយ,Kampong Bay,07080302,កំពង់បាយខាងត្បូង,Kampong Bay Khang Tboung,DPHI (GPS),PH,Provincial Hospital,មន្ទីរពេទ្យខេត្ត,,ឈុយ​ ឆូង,15959888,NA,10.6108931797497,104.17777310219,01/01/2011,,Operational,HF_LEVEL
661647,070402,HC ក្រាំងអំពិល,HC Kraing Ampil,07,កំពត,Kampot,0708,កំពត,Kampot,0704,កំពត,Kampot,070802,ក្រាំងអំពិល,Krang Ampil,07080201,ក្រាំង,Krang,DPHI (GPS),HC,Health Center,មណ្ឌលសុខភាព,,​ យឺម​​​ សុខា,16587524,NA,10.6119741917697,104.177198149624,01/01/2006,,Operational,HF_LEVEL
713635,070403,HC ត្រើយកោះ,HC Troeuy Koh,07,កំពត,Kampot,0708,កំពត,Kampot,0704,កំពត,Kampot,070805,ត្រើយកោះ,Traeuy Kaoh,07080504,ស្រែ,Srae,DPHI (GPS),HC,Health Center,មណ្ឌលសុខភាព,,ព្រំ រដ្ឋា,12634939,NA,10.58303915943,104.183265974149,01/01/2006,,Operational,HF_LEVEL
535499,070404,HC កំពង់កណ្តាល,HC Kampong Kandal,07,កំពត,Kampot,0708,កំពត,Kampot,0704,កំពត,Kampot,070801,កំពង់កណ្ដាល,Kampong Kandal,07080101,សុវណ្ណសាគរ,Sovann Sakor,DPHI (GPS),HC,Health Center,មណ្ឌលសុខភាព,,ពៅ សម្ផស្ស,93393289,NA,10.6025533897543,104.187547950891,01/01/2006,,Operational,HF_LEVEL
892466,070405,HC កូនសត្វ,HC Koun Satv,07,កំពត,Kampot,0707,ទឹកឈូ,Tuek Chhou,0704,កំពត,Kampot,070708,កូនសត្វ,Koun Satv,07070802,កូនសត្វ,Kon Sat,DPHI (GPS),HC,Health Center,មណ្ឌលសុខភាព,,ទឺម​ ដានី,69687893,NA,10.6007813189621,104.279626364261,01/01/2006,,Operational,HF_LEVEL
711285,070406,HC ត្រពាំងសង្កែ,HC Trapaing Sangker,07,កំពត,Kampot,0707,ទឹកឈូ,Tuek Chhou,0704,កំពត,Kampot,070718,ត្រពាំងសង្កែ,Trapeang Sangkae,07071801,ត្រពាំងសង្កែ,Trapeang Sangkae,DPHI (GPS),HC,Health Center,មណ្ឌលសុខភាព,,កាយ ផុកសុក,12702859,NA,10.6098320812054,104.231315581861,01/01/2006,,Operational,HF_LEVEL
408607,070407,HC ព្រៃឃ្មុំ,HC Prey Khmum,07,កំពត,Kampot,0707,ទឹកឈូ,Tuek Chhou,0704,កំពត,Kampot,070712,ព្រៃឃ្មុំ,Prey Khmum,07071201,ព្រៃឃ្មុំ,Prey Tomh,PHD Kampot,HC,Health Center,មណ្ឌលសុខភាព,,លី ប៊ុណ្ណារិទ្ធ,976059708,NA,10.6589482866918,104.202690270125,01/01/2006,,Operational,HF_LEVEL
108710,070408,HC ចក្រីទីង,HC Chakkrey Ting,07,កំពត,Kampot,0707,ទឹកឈូ,Tuek Chhou,0704,កំពត,Kampot,070705,កណ្ដោល,Kandaol,07070501,ភ្នំតូច,Phnum Touch,DPHI (GPS),HC,Health Center,មណ្ឌលសុខភាព,,កេន​ ចាន់,12661833,NA,10.6789032827818,104.257984436732,01/01/2006,,Operational,HF_LEVEL
563724,070409,HC កំពង់គ្រែង,HC Kampong Kreng,07,កំពត,Kampot,0707,ទឹកឈូ,Tuek Chhou,0704,កំពត,Kampot,070703,កំពង់គ្រែង,Kampong Kraeng,07070304,កំពង់គ្រែង,Kampong Kraeng,DPHI (GPS),HC,Health Center,មណ្ឌលសុខភាព,,សុវណ្ណ កណ្ណិកា,962493698,NA,10.6395872954947,104.174275879821,01/01/2006,,Operational,HF_LEVEL
641028,070410,HC កោះតូច,HC Koh Toch,07,កំពត,Kampot,0707,ទឹកឈូ,Tuek Chhou,0704,កំពត,Kampot,070707,កោះតូច,Kaoh Touch,07070704,ព្រែកអំពិល,Preaek Ampil,DPHI (GPS),HC,Health Center,មណ្ឌលសុខភាព,,ផាន អ៊ុង,979337484,NA,10.567783898687,104.051281160894,01/01/2006,,Operational,HF_LEVEL
254796,070411,HC ត្រពាំងរពៅ,HC Trapaing Ropov,07,កំពត,Kampot,0707,ទឹកឈូ,Tuek Chhou,0704,កំពត,Kampot,070711,ព្រែកត្នោត,Preaek Tnoat,07071101,ត្រពាំងរពៅ,Trapeang Ropov,DPHI (GPS),HC,Health Center,មណ្ឌលសុខភាព,,ឃាង ជីវ,12828946,NA,10.611342463289,103.934684169618,01/01/2006,,Operational,HF_LEVEL
916640,070412,HC ស្ទឹងកែវ,HC Steung Keo,07,កំពត,Kampot,0707,ទឹកឈូ,Tuek Chhou,0704,កំពត,Kampot,070715,ស្ទឹងកែវ,Steung Keo,07071502,កំពង់ចិន,Trapeang Keo,PHD Kampot,HC,Health Center,មណ្ឌលសុខភាព,,អ៊ុក អភិរក្ស,888626697,NA,10.730363,104.183368,01/01/2006,,Operational,HF_LEVEL
777187,070413,HC អ៊ីទួនសៀង​ ជុំគ្រៀល,HC Y Tuon Seang Chum Kreal,07,កំពត,Kampot,0707,ទឹកឈូ,Tuek Chhou,0704,កំពត,Kampot,070702,ជុំគ្រៀល,Chum Kreal,07070202,ជុំគ្រៀល,Chum Kreal,PHD Kampot,HC,Health Center,មណ្ឌលសុខភាព,,ជឹង បូកិណ្ណារី,78907711,NA,10.607278,104.20372,01/01/2006,,Operational,HF_LEVEL
749279,070414,HC ព្រៃថ្នង,HC Prey Thnong,07,កំពត,Kampot,0707,ទឹកឈូ,Tuek Chhou,0704,កំពត,Kampot,070713,ព្រៃថ្នង,Prey Thnong,07071303,ព្រៃថ្នង,Prey Thnorng,PHD Kampot,HC,Health Center,មណ្ឌលសុខភាព,,ហែម សូម៉ាលី,12870542,NA,10.708973,104.269112,11/07/2013,,Operational,HF_LEVEL
268810,070415,HC ស្នំប្រាំពីរ,HC Snam Pram Pir,07,កំពត,Kampot,0707,ទឹកឈូ,Tuek Chhou,0704,កំពត,Kampot,070709,ស្នំប្រាំពីរ,Snam Pram Pir,07070901,ស្នំប្រាំពីរ,Snam Pram Pir,PHD Kampot,HC,Health Center,មណ្ឌលសុខភាព,,តេង​ សុខា,15314240,NA,10.6538375860781,104.160132684781,11/07/2013,,Operational,HF_LEVEL
612508,080213,HC អរីយក្សត្រ,HC Arey Khsat,08,កណ្ដាល,Kandal,0806,អរិយក្សត្រ,Arey Khsat,0809,ល្វាឯម,Lvea Em,080601,អរិយក្សត្រ,HC Arey Khsat,08060102,ខ្សាច់,Khsach,DPHI (GPS),HC,Health Center,មណ្ឌលសុខភាព,,ទៀង មករា,969200710,NA,11.5556918203932,104.979018108887,01/01/2006,,Operational,HF_LEVEL
674988,080214,HC សារិកាកែវ,HC Sarikakeo,08,កណ្ដាល,Kandal,0806,អរិយក្សត្រ,Arey Khsat,0809,ល្វាឯម,Lvea Em,080613,សារិកាកែវ,HC Sarikakeo,08061302,ក្ដីកណ្ដាល,Kdei Kandal,DPHI (GPS),HC,Health Center,មណ្ឌលសុខភាព,,អៀង ចណ្ណាលីន,17278387,NA,11.555440462245,105.007581074271,01/01/2006,,Operational,HF_LEVEL
160035,080215,HC ពាមឧកញ៉ាអុង,HC Peam Oknha Ong,08,កណ្ដាល,Kandal,0806,អរិយក្សត្រ,Arey Khsat,0809,ល្វាឯម,Lvea Em,080607,ពាមឧកញ៉ាអុង,HC Peam Oknha Ong,08060703,ព្រែកតាអុងទី២,Preaek Ta Ong Ti Pir,DPHI (GPS),HC,Health Center with beds,មណ្ឌលសុខភាពមានគ្រែ,,ខន សុខា,976254109,NA,11.5446564313615,105.036019988094,01/01/2006,,Operational,HF_LEVEL
800666,080216,HC ទឹកឃ្លាំង,HC Toeuk Khlaing,08,កណ្ដាល,Kandal,0806,ល្វាឯម,Lvea Em,0809,ល្វាឯម,Lvea Em,080615,ទឹកឃ្លាំង,HC Toeuk Khlaing,08061502,សំរោង,Samraong,DPHI (GPS),HC,Health Center with beds,មណ្ឌលសុខភាពមានគ្រែ,,លី សុពណ៏,12398225,NA,11.49393646893,105.140135797457,01/01/2006,,Operational,HF_LEVEL
563103,080217,HC កោះកែវ,HC Koh Keo,08,កណ្ដាល,Kandal,0806,ល្វាឯម,Lvea Em,0809,ល្វាឯម,Lvea Em,080612,សំបួរ,HC Koh Keo,08061201,សំបួរ,Sambuor,DPHI (GPS),HC,Health Center,មណ្ឌលសុខភាព,,ផុន ស្រីនាថ,10587807,NA,11.4360627577555,105.239857776666,01/01/2006,,Operational,HF_LEVEL
596656,080218,HC ព្រែកឬស្សី,HC Prek Russey,08,កណ្ដាល,Kandal,0806,ល្វាឯម,Lvea Em,0809,ល្វាឯម,Lvea Em,080611,ព្រែកឫស្សី,HC Prek Russey,08061103,ព្រែកឫស្សី,Preaek Ruessei,DPHI (GPS),HC,Health Center,មណ្ឌលសុខភាព,,ខុម សូវឿន,93800972,NA,11.4512183723996,105.253854339449,01/01/2006,,Operational,HF_LEVEL
963725,080219,HC ក្អមសំណ,HC Ka'orm Samnor,08,កណ្ដាល,Kandal,0805,លើកដែក,Leuk Daek,0810,លើកដែក,Leuk Deak,080502,ក្អមសំណរ,Kam Samnar,08050202,ក្អមសំណរលើ,Kam Samnar Leu,DPHI (GPS),HC,Health Center,មណ្ឌលសុខភាព,,NA,NA,NA,10.95177572,105.1780038,01/07/2015,,Operational,HF_LEVEL;CONTACT_NO
687600,080220,HC ភូមិធំសុខសប្បាយ,HC Phumthom Soksabay,08,កណ្ដាល,Kandal,0806,អរិយក្សត្រ,Arey Khsat,0809,ល្វាឯម,Lvea Em,080608,ភូមិធំ,HC Phumthom Soksabay,08060802,ព្រែកក្រូច,Preaek Krouch,DPHI (GPS),HC,Health Center,មណ្ឌលសុខភាព,,ជា នឿន,81362023,NA,11.5308607007487,105.157127080376,01/10/2009,,Operational,HF_LEVEL
593713,080221,HC បារុង,HC Barong,08,កណ្ដាល,Kandal,0806,ល្វាឯម,Lvea Em,0809,ល្វាឯម,Lvea Em,080602,បារុង,HC Barong,08060202,បារុង,Barong,DPHI (GPS),HC,Health Center,មណ្ឌលសុខភាព,,ទឹង ប៊ុនធី,98678969,NA,11.6091747088167,105.054555028319,01/06/2010,,Operational,HF_LEVEL
371392,080222,HC ព្រែករៃ,HC Prek Rey,08,កណ្ដាល,Kandal,0806,ល្វាឯម,Lvea Em,0809,ល្វាឯម,Lvea Em,080610,ព្រែករៃ,HC Prek Rey,08061001,ព្រែករៃ,Preaek Rey,DPHI (GPS),HC,Health Center,មណ្ឌលសុខភាព,,កែវ សុផៃ,888677567,NA,11.526646803894,105.14064978582,11/02/2012,,Operational,HF_LEVEL
297437,080223,HC កោះរះ,HC Koh Rah,08,កណ្ដាល,Kandal,0806,ល្វាឯម,Lvea Em,0809,ល្វាឯម,Lvea Em,080605,កោះរះ,HC Koh Rah,08060501,កោះរះលើ,Kaoh Reah Leu,DPHI (GPS),HC,Health Center,មណ្ឌលសុខភាព,,ជា ចាន់ទី,92593525,NA,11.5396784781931,105.059572986179,13/02/2012,,Operational,HF_LEVEL
830399,080224,HC ល្វាស,HC Lvea Sor,08,កណ្ដាល,Kandal,0806,ល្វាឯម,Lvea Em,0809,ល្វាឯម,Lvea Em,080606,ល្វាសរ,HC Lvea Sor,08060601,ល្វាសរលើ,Lvea Sar Leu,DPHI (GPS),HC,Health Center,មណ្ឌលសុខភាព,,កែវ សុភ័ក្ត្រណា,93684312,chim_bopha@yahoo.com,11.4533666734136,105.195303298449,13/02/2012,,Operational,HF_LEVEL
667163,080701,RH មន្ទីរពេទ្យបង្អែកស្អាង,RH Saang,08,កណ្ដាល,Kandal,0810,ស្អាង,S'ang,0807,ស្អាង,Saang,081008,ព្រែកគយ,Preaek Koy,08100802,ព្រែករុនក្រោម,Preaek Run Kraom,DPHI (GPS),RH,Referral Hospital,មន្ទីរពេទ្យបង្អែកស្រុក,,Unknown,NA,NA,11.3574640495939,105.00879677485,01/01/2006,https://maps.app.goo.gl/j5Dd47nizH3rCNDx9?g_st=com.google.maps.preview.copy,Operational,HF_LEVEL;CONTACT_NO
700952,080702,HC ព្រែកគយ,HC Prek Koy,08,កណ្ដាល,Kandal,0810,ស្អាង,S'ang,0807,ស្អាង,Saang,081008,ព្រែកគយ,Preaek Koy,08100802,ព្រែករុនក្រោម,Preaek Run Kraom,DPHI (GPS),HC,Health Center,មណ្ឌលសុខភាព,,Unknown,NA,NA,11.3568488605302,105.009144971011,01/01/2006,https://maps.app.goo.gl/ycLQrpVSSmk6fQLa7?g_st=com.google.maps.preview.copy,Operational,HF_LEVEL;CONTACT_NO
680739,080703,HC ទឹកវិល,HC Teuk Vil,08,កណ្ដាល,Kandal,0810,ស្អាង,S'ang,0807,ស្អាង,Saang,081016,ទឹកវិល,Tuek Vil,08101605,វត្ដកណ្ដាល,Voat Kandal,DPHI (GPS),HC,Health Center,មណ្ឌលសុខភាព,,Unknown,NA,NA,11.3097456246267,105.034204654689,01/01/2006,https://maps.app.goo.gl/4Sp9n3sFJsMqooAJ7?g_st=atm,Operational,HF_LEVEL;CONTACT_NO
452860,080704,HC កោះខែល,HC Koh Khel,08,កណ្ដាល,Kandal,0810,ស្អាង,S'ang,0807,ស្អាង,Saang,081003,កោះខែល,Kaoh Khael,08100302,ទេពអរជូន,Tep Archun,DPHI (GPS),HC,Health Center,មណ្ឌលសុខភាព,,Unknown,NA,NA,11.2752564445817,105.029058052091,01/01/2006,https://maps.app.goo.gl/5h9f58GZe4R9yddr8?g_st=it,Operational,HF_LEVEL;CONTACT_NO
950697,080705,HC ព្រែកអំបិល ១,HC Prek Ambel I,08,កណ្ដាល,Kandal,0810,ស្អាង,S'ang,0807,ស្អាង,Saang,081007,ព្រែកអំបិល,Preaek Ambel,08100706,ត្រើយត្រឹង្ស,Traeuy Troeng,DPHI (GPS),HC,Health Center,មណ្ឌលសុខភាព,,Unknown,NA,NA,11.2427985703118,105.024948258482,01/01/2006,https://maps.app.goo.gl/2n6TkvAGPskDz9sp8?g_st=com.google.maps.preview.copy,Operational,HF_LEVEL;CONTACT_NO
048351,080706,HC ព្រែកអំបិល ២,HC Prek Ambel II,08,កណ្ដាល,Kandal,0810,ស្អាង,S'ang,0807,ស្អាង,Saang,081007,ព្រែកអំបិល,Preaek Ambel,08100701,អន្លង់តាសេកក្រោម,Anlong Ta Sek Kraom,DPHI (GPS),HC,Health Center,មណ្ឌលសុខភាព,,Unknown,NA,NA,11.24139842,105.0261409,01/01/2006,https://maps.app.goo.gl/YuPVASUYXXqDsACbA?g_st=com.google.maps.preview.copy,Operational,HF_LEVEL;CONTACT_NO
707775,080707,HC ស្អាងភ្នំ,HC Saang Phnom,08,កណ្ដាល,Kandal,0810,ស្អាង,S'ang,0807,ស្អាង,Saang,081010,ស្អាងភ្នំ,S'ang Phnum,08101001,ព្រែកស្លែង,Preaek Slaeng,DPHI (GPS),HC,Health Center,មណ្ឌលសុខភាព,,Unknown,NA,NA,11.345670709237,104.974091061891,01/01/2006,https://maps.app.goo.gl/isDa1a5sZi91wD2c6?g_st=ic,Operational,HF_LEVEL;CONTACT_NO
447765,080708,HC ក្រាំងយ៉ូវ,HC Kraing Yov,08,កណ្ដាល,Kandal,0810,ស្អាង,S'ang,0807,ស្អាង,Saang,081005,ក្រាំងយ៉ូវ,Krang Yov,08100504,អណ្ដូង,Andoung,DPHI (GPS),HC,Health Center with beds,មណ្ឌលសុខភាពមានគ្រែ,,Unknown,NA,NA,11.2958403832445,104.969290304079,01/01/2006,https://maps.app.goo.gl/hrgfkdPUw7YqYX2C6?g_st=it,Operational,HF_LEVEL;CONTACT_NO
906387,080709,HC ស្វាយប្រទាល,HC Svay Prateal,08,កណ្ដាល,Kandal,0810,ស្អាង,S'ang,0807,ស្អាង,Saang,081012,ស្វាយប្រទាល,Svay Prateal,08101207,ប៉ារែនលើ,Paraen Leu,DPHI (GPS),HC,Health Center,មណ្ឌលសុខភាព,,Unknown,NA,NA,11.3785976054236,105.005337496597,01/01/2006,https://maps.app.goo.gl/qFmpPxEyc5rViCx28?g_st=atm,Operational,HF_LEVEL;CONTACT_NO
516890,080710,HC ត្រើយស្លា,HC Treuy Sla,08,កណ្ដាល,Kandal,0810,ស្អាង,S'ang,0807,ស្អាង,Saang,081015,ត្រើយស្លា,Traeuy Sla,08101506,ព្រែកប៉ាន,Preaek Pan,DPHI (GPS),HC,Health Center,មណ្ឌលសុខភាព,,Unknown,NA,NA,11.3317903446998,105.053879584094,01/01/2006,https://maps.app.goo.gl/PfDj3MEqW648YU4c6?g_st=it,Operational,HF_LEVEL;CONTACT_NO
956888,080711,HC តាលន់,HC Ta Lun,08,កណ្ដាល,Kandal,0810,ស្អាង,S'ang,0807,ស្អាង,Saang,081014,តាលន់,Ta Lon,08101405,ក្បាលកោះតូច,Kbal Kaoh Touch,DPHI (GPS),HC,Health Center with beds,មណ្ឌលសុខភាពមានគ្រែ,,Unknown,NA,NA,11.3128187863827,105.063339506587,01/01/2006,https://maps.app.goo.gl/yYSacaB2CLX1UbUa9?g_st=atm,Operational,HF_LEVEL;CONTACT_NO
954538,080712,HC ខ្ពប,HC Khporp,08,កណ្ដាល,Kandal,0810,ស្អាង,S'ang,0807,ស្អាង,Saang,081001,ខ្ពប,Khpob,08100106,ខ្ពបក្រោម,Khpob Kraom,DPHI (GPS),HC,Health Center,មណ្ឌលសុខភាព,,Unknown,NA,NA,11.2661887768344,105.032041642953,01/01/2006,https://maps.app.goo.gl/dCRYo9aamQi23Jz16?g_st=it,Operational,HF_LEVEL;CONTACT_NO
981042,080713,HC ប្រាសាទ,HC Prasat,08,កណ្ដាល,Kandal,0810,ស្អាង,S'ang,0807,ស្អាង,Saang,081006,ប្រាសាទ,Prasat,08100602,លេខ១,Lekh Muoy,DPHI (GPS),HC,Health Center,មណ្ឌលសុខភាព,,Unknown,NA,NA,11.2819989835882,105.138675539149,01/01/2006,https://maps.app.goo.gl/6FjTjTP6K4GCyTcH9,Operational,HF_LEVEL;CONTACT_NO
300310,080714,HC កោះខ្សាច់ទន្លា,HC Koh Khsach Tolear,08,កណ្ដាល,Kandal,0810,ស្អាង,S'ang,0807,ស្អាង,Saang,081004,កោះខ្សាច់ទន្លា,Kaoh Khsach Tonlea,08100402,កណ្តាលកោះ,Kbal Kaoh Khang Lech,DPHI (GPS),HC,Health Center,មណ្ឌលសុខភាព,,Unknown,NA,NA,11.32951578,105.0493032,01/01/2015,https://maps.app.goo.gl/32ePTKV6V32CLKZU6,Operational,HF_LEVEL;CONTACT_NO
348394,080301,RH មន្ទីរពេទ្យបង្អែកកោះធំ,RH Koh Thom,08,កណ្ដាល,Kandal,0804,កោះធំ,Koh Thom,0803,កោះធំ,Koh Thom,080411,ព្រែកថ្មី,Prek Thmei,08041108,ព្រែកថ្មី,Preaek Thmei,DPHI (GPS),RH,Referral Hospital,មន្ទីរពេទ្យបង្អែកស្រុក,,Unknown,NA,NA,11.1294278098193,105.057388325683,01/01/2006,,Operational,HF_LEVEL;CONTACT_NO
063405,080302,HC កោះធំ ខ,HC Koh Thom Kha,08,កណ្ដាល,Kandal,0804,កោះធំ,Koh Thom,0803,កោះធំ,Koh Thom,080405,កោះធំ ‹ខ›,Koh Thom Kha,08040504,ព្រែកប៉ិ,Preaek Bek,DPHI (GPS),HC,Health Center,មណ្ឌលសុខភាព,,Unknown,NA,NA,11.1837867904292,105.058076628814,01/01/2006,,Operational,HF_LEVEL;CONTACT_NO
284981,080303,HC ព្រែកថ្មី,HC Prek Thmei,08,កណ្ដាល,Kandal,0804,កោះធំ,Koh Thom,0803,កោះធំ,Koh Thom,080411,ព្រែកថ្មី,Prek Thmei,08041108,កំពង់សំបួរក្រោម,Kampong Sambourkrorm,DPHI (GPS),HC,Health Center,មណ្ឌលសុខភាព,,Unknown,NA,NA,11.128790429687,105.05707080517,01/01/2006,,Operational,HF_LEVEL;CONTACT_NO
630280,080304,HC ព្រែកស្តី,HC Prek Sdei,08,កណ្ដាល,Kandal,0804,កោះធំ,Koh Thom,0803,កោះធំ,Koh Thom,080410,ព្រែកស្ដី,Prek Sdei,08041004,អន្លង់សាន្ដ,Anlong Sant,DPHI (GPS),HC,Health Center,មណ្ឌលសុខភាព,,Unknown,NA,NA,11.0848625527373,105.060403862328,01/01/2006,,Operational,HF_LEVEL;CONTACT_NO
400244,080305,HC ពោធិរាម្មា,HC Po Rea Mea,08,កណ្ដាល,Kandal,0804,កោះធំ,Koh Thom,0803,កោះធំ,Koh Thom,080410,ព្រែកស្ដី,Prek Sdei,08041009,ប្រធាតុ,Pratheat,DPHI (GPS),HC,Health Center,មណ្ឌលសុខភាព,,Unknown,NA,NA,11.0457123472857,105.063528017484,01/01/2006,,Operational,HF_LEVEL;CONTACT_NO
785314,080306,HC សំពៅពូន,HC Sampov Puon,08,កណ្ដាល,Kandal,0804,កោះធំ,Koh Thom,0803,កោះធំ,Koh Thom,080412,សំពៅពូន,Sampov Puon,08041205,កំពង់ថ្កុល,Kampong Thkol,DPHI (GPS),HC,Health Center,មណ្ឌលសុខភាព,,Unknown,NA,NA,10.991613640008,105.055283332528,01/01/2006,,Operational,HF_LEVEL;CONTACT_NO
392026,080307,HC កោះធំ ក,HC Koh Thom Kor,08,កណ្ដាល,Kandal,0804,កោះធំ,Koh Thom,0803,កោះធំ,Koh Thom,080404,កោះធំ ‹ក›,Koh Thom Kor,08040402,កណ្ដាលកោះធំ,Kandal Koh Thom,DPHI (GPS),HC,Health Center,មណ្ឌលសុខភាព,,Unknown,NA,NA,11.1714627847223,105.080487370515,01/01/2006,,Operational,HF_LEVEL;CONTACT_NO
604603,080308,HC ពោធិ​បាន,HC Po Ban,08,កណ្ដាល,Kandal,0804,កោះធំ,Koh Thom,0803,កោះធំ,Koh Thom,080408,ពោធិ៍បាន,Po Ban,08040805,ព្រែកតាអ៊ិន,Prek Ta In,DPHI (GPS),HC,Health Center,មណ្ឌលសុខភាព,,Unknown,NA,NA,11.2040859062224,105.051294276633,01/01/2006,,Operational,HF_LEVEL;CONTACT_NO
394861,080309,HC កំពង់កុង,HC Kampong Kong,08,កណ្ដាល,Kandal,0804,កោះធំ,Koh Thom,0803,កោះធំ,Koh Thom,080403,កំពង់កុង,Kampong Kong,08040304,កំពង់កុង,Kampong Kong,DPHI (GPS),HC,Health Center,មណ្ឌលសុខភាព,,Unknown,NA,NA,11.1422879066952,105.07654069368,01/01/2006,,Operational,HF_LEVEL;CONTACT_NO
455251,080310,HC ជ្រោយតាកែវ,HC Chrouy Takeo,08,កណ្ដាល,Kandal,0804,កោះធំ,Koh Thom,0803,កោះធំ,Koh Thom,080402,ជ្រោយតាកែវ,Chrouy Takeo,08040202,ព្រែកត្រឡាច,Prek Tralach,DPHI (GPS),HC,Health Center with beds,មណ្ឌលសុខភាពមានគ្រែ,,Unknown,NA,NA,11.1058910054931,105.062816318073,01/01/2006,,Operational,HF_LEVEL;CONTACT_NO
341144,080311,HC លើកដែក,HC Leuk Dek,08,កណ្ដាល,Kandal,0804,កោះធំ,Koh Thom,0803,កោះធំ,Koh Thom,080407,លើកដែក,Leuk Dek,08040702,លើកដែក,Leuk Dek,DPHI (GPS),HC,Health Center,មណ្ឌលសុខភាព,,Unknown,NA,NA,11.1303008422098,105.128595270314,01/01/2006,,Operational,HF_LEVEL;CONTACT_NO
150341,080312,HC ឈើខ្មៅ,HC Chheu Khmao,08,កណ្ដាល,Kandal,0804,កោះធំ,Koh Thom,0803,កោះធំ,Koh Thom,080401,ឈើខ្មៅ,Chheu Khmao,08040103,ទូលស្វាយ,Toul Svay,DPHI (GPS),HC,Health Center,មណ្ឌលសុខភាព,,Unknown,NA,NA,11.0509912685261,105.074454531272,01/01/2006,,Operational,HF_LEVEL;CONTACT_NO
247439,080313,HC ព្រែកជ្រៃ,HC Prek Chrey,08,កណ្ដាល,Kandal,0804,កោះធំ,Koh Thom,0803,កោះធំ,Koh Thom,080409,ព្រែកជ្រៃ,Prek Chrey,08040904,ខ្នារតាំងយូ,Khnar Tangyou,DPHI (GPS),HC,Health Center,មណ្ឌលសុខភាព,,Unknown,NA,NA,10.9613037124721,105.117879232674,01/01/2006,,Operational,HF_LEVEL;CONTACT_NO
864749,080605,HC កំពង់លួង,HC Kampong Luong,08,កណ្ដាល,Kandal,0809,ពញាឮ,Ponhea Lueu,0806,ពញាឮ,Ponhea Leu,080903,HC កំពង់លួង,HC Kampong Luong,08090303,ពោធិ៍តូច,Pou Touch,DPHI (GPS),HC,Health Center,មណ្ឌលសុខភាព,,ហ៊ុយ សំភាស់(ប),NA,NA,11.8253159206705,104.799932699885,01/01/2006,,Operational,HF_LEVEL;CONTACT_NO
397059,080606,HC វិហារលួង,HC Vihea Luong,08,កណ្ដាល,Kandal,0809,ពញាឮ,Ponhea Lueu,0806,ពញាឮ,Ponhea Leu,080914,HC វិហារលួង,HC Vihea Luong,08091412,ចតុទិស,Chakto Tis,DPHI (GPS),HC,Health Center with beds,មណ្ឌលសុខភាពមានគ្រែ,,កងសេងវិចិត្រ(ប),NA,NA,11.8236976241411,104.764977868532,01/01/2006,,Operational,HF_LEVEL;CONTACT_NO
325819,080607,HC ភ្នំបាត,HC Phnom Bath,08,កណ្ដាល,Kandal,0809,ពញាឮ,Ponhea Lueu,0806,ពញាឮ,Ponhea Leu,080906,HC ភ្នំបាត,HC Phnom Bath,08090601,ពោធិ៍រ៉ាល,Pou Ral,DPHI (GPS),HC,Health Center,មណ្ឌលសុខភាព,,ឡាយ ពុទ្ធី​(ប),NA,NA,11.7879771585144,104.778035702264,01/01/2006,,Operational,HF_LEVEL;CONTACT_NO
328298,080608,HC ពញាឮ,HC Ponhea Leu,08,កណ្ដាល,Kandal,0809,ពញាឮ,Ponhea Lueu,0806,ពញាឮ,Ponhea Leu,080907,HC ពញាឮ,HC Ponhea Leu,08090701,ទួលអំពិល,Tuol Ampil,DPHI (GPS),HC,Health Center,មណ្ឌលសុខភាព,,កងសេងមករា(ស),NA,NA,11.7866137896366,104.821891022302,01/01/2006,,Operational,HF_LEVEL;CONTACT_NO
655615,080609,HC ជ្រៃលាស់,HC Chrey Loas,08,កណ្ដាល,Kandal,0809,ពញាឮ,Ponhea Lueu,0806,ពញាឮ,Ponhea Leu,080902,HC ជ្រៃលាស់,HC Chrey Loas,08090207,តាគោ,Ta Kou,DPHI (GPS),HC,Health Center,មណ្ឌលសុខភាព,,ពុំ ស្រីពេជ្រ(ស),NA,NA,11.7279739203315,104.787770274204,01/01/2006,,Operational,HF_LEVEL;CONTACT_NO
470384,080610,HC ទំនប់ធំ,HC Tumnup Thom,08,កណ្ដាល,Kandal,0809,ពញាឮ,Ponhea Lueu,0806,ពញាឮ,Ponhea Leu,080913,HC ទំនប់ធំ,HC Tumnup Thom,08091303,ស្ពានទំលាប់,Spean Tumloab,DPHI (GPS),HC,Health Center,មណ្ឌលសុខភាព,,ពាង រតនៈ (ប),NA,NA,11.6982527898768,104.709589991882,01/01/2006,,Operational,HF_LEVEL;CONTACT_NO
536923,080611,HC កោះចិន,HC Koh Chen,08,កណ្ដាល,Kandal,0809,ពញាឮ,Ponhea Lueu,0806,ពញាឮ,Ponhea Leu,080905,HC កោះចិន,HC Koh Chen,08090504,ព្រែកក្ដាម១,Preaek Kdam Muoy,DPHI (GPS),HC,Health Center,មណ្ឌលសុខភាព,,ញ៉ឹក សុខុន(ប),NA,NA,11.8197259595664,104.810626449877,01/01/2006,,Operational,HF_LEVEL;CONTACT_NO
331940,080630,HC កំពង់អុស,HC Kampong Oss,08,កណ្ដាល,Kandal,0809,ពញាឮ,Ponhea Lueu,0806,ពញាឮ,Ponhea Leu,080904,HC កំពង់អុស,HC Kampong Oss,08090402,ព្រែកតាមែ,Preaek Ta Meae,DPHI (GPS),HC,Health Center,មណ្ឌលសុខភាព,,យូ វុទ្ធី (ប),NA,NA,11.7885975688928,104.827735767534,01/03/2013,,Operational,HF_LEVEL;CONTACT_NO
349637,080631,HC ឈ្វាំង,HC Chvaing,08,កណ្ដាល,Kandal,0809,ពញាឮ,Ponhea Lueu,0806,ពញាឮ,Ponhea Leu,080901,HC ឈ្វាំង,HC Chvaing,08090105,ឈ្វាំង,Chhveang,DPHI (GPS),HC,Health Center,មណ្ឌលសុខភាព,,ប្រាំង ភារុណ(ប),NA,NA,11.6779858495275,104.7812115004,01/03/2013,,Operational,HF_LEVEL;CONTACT_NO
655485,080632,RH មន្ទីរពេទ្យបង្អែកពញាឮ,RH Ponhea Leu,08,កណ្ដាល,Kandal,0809,ពញាឮ,Ponhea Lueu,0806,ពញាឮ,Ponhea Leu,080914,RH មន្ទីរពេទ្យបង្អែកពញាឮ,RH Ponhea Leu,08091412,ចតុទិស,Chakto Tis,DPHI (GPS),RH,Referral Hospital,មន្ទីរពេទ្យបង្អែកស្រុក,,សុខធន (ប),NA,NA,11.8236057367257,104.765254202393,01/05/2016,,Operational,HF_LEVEL;CONTACT_NO
395637,080201,RH មន្ទីរពេទ្យបង្អែកកៀនស្វាយ,RH Kean Svay,08,កណ្ដាល,Kandal,0802,កៀនស្វាយ,Kien Svay,0802,កៀនស្វាយ,Kean Svay,080206,គគីរ,Kokir,08020601,ទួលត្នោត,Tuol Tnaot,DPHI (GPS),RH,Referral Hospital,មន្ទីរពេទ្យបង្អែកស្រុក,,Unknown,NA,NA,11.509943067208,105.051740985915,01/01/2006,,Operational,HF_LEVEL;CONTACT_NO
821816,080208,HC ភូមិធំ,HC Phum Thum,08,កណ្ដាល,Kandal,0802,កៀនស្វាយ,Kien Svay,0802,កៀនស្វាយ,Kean Svay,080208,ភូមិធំ,Phum Thum,08020802,ភូមិធំ,Phum Thum,DPHI (GPS),HC,Health Center,មណ្ឌលសុខភាព,,សៀង ស៊ីម៉ា,011 971 378,Seangsima67@gmail.com,11.5107026316205,105.037590229847,01/01/2006,,Operational,HF_LEVEL
330124,080209,HC ដីឥដ្ឋ,HC Dei Edth,08,កណ្ដាល,Kandal,0802,កៀនស្វាយ,Kien Svay,0802,កៀនស្វាយ,Kean Svay,080203,ដីឥដ្ឋ,Dei Edth,08020302,ដីឥដ្ឋកោះផុស,Dei Edth Kaoh Phos,DPHI (GPS),HC,Health Center,មណ្ឌលសុខភាព,,ឡេង ស្រីតុម,015 755 100,NA,11.498568101861,105.081345136593,01/01/2006,,Operational,HF_LEVEL
765103,080210,HC បន្ទាយដែក,HC Banteay Dek,08,កណ្ដាល,Kandal,0802,កៀនស្វាយ,Kien Svay,0802,កៀនស្វាយ,Kean Svay,080201,បន្ទាយដែក,Banteay Daek,08020102,កណ្ដាលលើ,Kandal Leu,DPHI (GPS),HC,Health Center,មណ្ឌលសុខភាព,,ភោគ ដាលីន,081 600 042,dalinphouk50@gmail.com,11.4681661731326,105.144765804424,01/01/2006,,Operational,HF_LEVEL
304729,080211,HC សំរោងធំ,HC Samrong Thum,08,កណ្ដាល,Kandal,0802,កៀនស្វាយ,Kien Svay,0802,កៀនស្វាយ,Kean Svay,080211,សំរោងធំ,Samraong Thum,08021103,ជ្រោយដង,Chrouy Dang,DPHI (GPS),HC,Health Center with beds,មណ្ឌលសុខភាពមានគ្រែ,,ហយ ស៊ីណែត85593771783,855 93771783,hcs.hoysinet@gmail.com,11.4176007401454,105.213398724222,01/01/2006,,Operational,HF_LEVEL
937145,080212,HC គគីរធំ,HC KokirThum,08,កណ្ដាល,Kandal,0802,កៀនស្វាយ,Kien Svay,0802,កៀនស្វាយ,Kean Svay,080207,គគីរធំ,Kokir Thum,08020702,គគីរធំ,Kokir Thum,DPHI (GPS),HC,Health Center,មណ្ឌលសុខភាព,,ស៊ិន កែវស៊ីថា,0886667676,sinkeositha168@gmail.com,11.3365241531116,105.241202403139,01/01/2006,,Operational,HF_LEVEL
026349,080814,HC ឈើទាល,HC Chheu Teal,08,កណ្ដាល,Kandal,0812,កៀនស្វាយ,Kean Svay,0802,កៀនស្វាយ,Kean Svay,080202,ឈើទាល,Chheu Teal,08020201,ឬស្សីស្រុក,Ruessie Srok,DPHI (GPS),HC,Health Center,មណ្ឌលសុខភាព,,ម៉ៅ ណានី,095​ 369 933,NA,11.4665992320318,105.037771459258,01/01/2015,,Operational,HF_LEVEL
117502,080816,HC កំពង់ស្វាយ,HC Kampong Svay,08,កណ្ដាល,Kandal,0802,កៀនស្វាយ,Kien Svay,0802,កៀនស្វាយ,Kean Svay,080204,កំពង់ស្វាយ,Kampong Svay,08020404,កំពង់ស្វាយ ២,Kampong Svay 2,DPHI (GPS),HC,Health Center,មណ្ឌលសុខភាព,,ផន ថារ៉ូ,010 518 765,rocheata227@gmail.com,11.4237898586729,105.054581184171,01/01/2015,,Operational,HF_LEVEL
553117,080206,HC គគីរ,HC Kokir,08,កណ្ដាល,Kandal,0802,កៀនស្វាយ,Kean Svay,0802,កៀនស្វាយ,Kean Svay,080206,គគីរ,Kokir,08020610,ចិនកោះ,Chen Koh,DPHI (GPS),HC,Health Center,មណ្ឌលសុខភាព,,ឈឿន​ សារឿន,855 12572827,sareoumchhoeun@gmail.com,11.5005591804199,105.071349667408,01/01/2006,,Operational,HF_LEVEL
158125,080401,RH មន្ទីរពេទ្យបង្អែកខ្សាច់កណ្តាល,RH Khsach Kandal,08,កណ្ដាល,Kandal,0803,ខ្សាច់កណ្ដាល,Khsach Kandal,0804,ខ្សាច់កណ្តាល,Ksach Kandal,080310,ព្រែកតាមាក់,Prek Tameak,08031004,ព្រែកតាមាក់,Prek Tameak,DPHI (GPS),RH,Referral Hospital,មន្ទីរពេទ្យបង្អែកស្រុក,,Unknown,NA,NA,11.7499100268519,105.009172133755,01/01/2006,,Operational,HF_LEVEL;CONTACT_NO
954848,080402,HC កោះចូរ៉ាម,HC Koh Choram,08,កណ្ដាល,Kandal,0803,ខ្សាច់កណ្ដាល,Khsach Kandal,0804,ខ្សាច់កណ្តាល,Ksach Kandal,080304,កោះចូរ៉ាម,Koh Choram,08030401,ត្បូង,Tboung,DPHI (GPS),HC,Health Center,មណ្ឌលសុខភាព,,Unknown,NA,NA,11.8178985051106,105.015758705683,01/01/2006,,Operational,HF_LEVEL;CONTACT_NO
532708,080403,HC ព្រះប្រសប់,HC Preah Prasab,08,កណ្ដាល,Kandal,0803,ខ្សាច់កណ្ដាល,Khsach Kandal,0804,ខ្សាច់កណ្តាល,Ksach Kandal,080306,ព្រះប្រសប់,Preah Prasab,08030601,ព្រះប្រសប់,Preah Prasab,DPHI (GPS),HC,Health Center,មណ្ឌលសុខភាព,,Unknown,NA,NA,11.7733156798265,105.026042943159,01/01/2006,,Operational,HF_LEVEL;CONTACT_NO
550097,080404,HC ព្រែកតាមាក់,HC Prek Tameak,08,កណ្ដាល,Kandal,0803,ខ្សាច់កណ្ដាល,Khsach Kandal,0804,ខ្សាច់កណ្តាល,Ksach Kandal,080310,ព្រែកតាមាក់,Prek Tameak,08031004,ព្រែកតាមាក់,Prek Tameak,DPHI (GPS),HC,Health Center,មណ្ឌលសុខភាព,,Unknown,NA,NA,11.7498644831082,105.009058484934,01/01/2006,,Operational,HF_LEVEL;CONTACT_NO
942162,080405,HC ពុកឫស្សី,HC Puk Russei,08,កណ្ដាល,Kandal,0803,ខ្សាច់កណ្ដាល,Khsach Kandal,0804,ខ្សាច់កណ្តាល,Ksach Kandal,080311,ពុកឫស្សី,Puk Ruessei,08031104,ពុកឫស្សីលើ,Puk Ruessei Leu,DPHI (GPS),HC,Health Center,មណ្ឌលសុខភាព,,Unknown,NA,NA,11.7070583385244,104.975308293835,01/01/2006,,Operational,HF_LEVEL;CONTACT_NO
024996,080406,HC ព្រែកអំពិល,HC Prek Ampil,08,កណ្ដាល,Kandal,0803,ក្រុងអរិយក្សត្រ,Akreiy Ksatr,0804,ខ្សាច់កណ្តាល,Ksach Kandal,080307,ព្រែកអំពិល,Prek Ampil,08030705,ព្រែកក្របៅ ទី៣,Prek Krabau Ti Bei,DPHI (GPS),HC,Health Center,មណ្ឌលសុខភាព,,Unknown,NA,NA,11.6538392358285,104.959286405225,01/01/2006,,Operational,HF_LEVEL;CONTACT_NO
122144,080407,HC ព្រែកលួង,HC Prek Luong,08,កណ្ដាល,Kandal,0803,ក្រុងអរិយក្សត្រ,Akreiy Ksatr,0804,ខ្សាច់កណ្តាល,Ksach Kandal,080308,ព្រែកលួង,Prek Luong,08030803,ព្រែកថោង,Prek Thorng,DPHI (GPS),HC,Health Center,មណ្ឌលសុខភាព,,Unknown,NA,NA,11.6309545653176,104.95252804816,01/01/2006,,Operational,HF_LEVEL;CONTACT_NO
254011,080408,HC វិហារសួគ៌,HC Vihear Suor,08,កណ្ដាល,Kandal,0803,ខ្សាច់កណ្ដាល,Khsach Kandal,0804,ខ្សាច់កណ្តាល,Ksach Kandal,080318,វិហារសួគ៌,Vihear Suor,08031803,វិហារសួគ៌ជើង,Vihear Suor Cheung,DPHI (GPS),HC,Health Center with beds,មណ្ឌលសុខភាពមានគ្រែ,,Unknown,NA,NA,11.6695763727091,105.055197865226,01/01/2006,,Operational,HF_LEVEL;CONTACT_NO
419980,080409,HC កំពង់ចំលង,HC Kampong Chamlong,08,កណ្ដាល,Kandal,0803,ខ្សាច់កណ្ដាល,Khsach Kandal,0804,ខ្សាច់កណ្តាល,Ksach Kandal,080303,កំពង់ចំលង,Kampong Chamlong,08030301,កំពង់ចំលង,Kampong Chamlong,DPHI (GPS),HC,Health Center,មណ្ឌលសុខភាព,,Unknown,NA,NA,11.6540679352534,105.131397222098,01/01/2006,,Operational,HF_LEVEL;CONTACT_NO
897535,080410,HC រការជន្លឹង,HC Roka Chunleung,08,កណ្ដាល,Kandal,0803,ខ្សាច់កណ្ដាល,Khsach Kandal,0804,ខ្សាច់កណ្តាល,Ksach Kandal,080312,រកាជន្លឹង,Roka Chunleung,08031205,រកា ទី១,Roka Ti Muoy,DPHI (GPS),HC,Health Center,មណ្ឌលសុខភាព,,Unknown,NA,NA,11.7403778601103,105.078010568672,01/01/2016,,Operational,HF_LEVEL;CONTACT_NO
796281,080411,HC ជ័យធំ,HC Chey Thom,08,កណ្ដាល,Kandal,0803,ខ្សាច់កណ្ដាល,Khsach Kandal,0804,ខ្សាច់កណ្តាល,Ksach Kandal,080302,ជ័យធំ,Chey Thom,08030202,តាគាត់លិច,Takortlech,DPHI (GPS),HC,Health Center,មណ្ឌលសុខភាព,,Unknown,NA,NA,11.726551503222,105.116127226303,01/03/2010,,Operational,HF_LEVEL;CONTACT_NO
185417,080412,HC សន្លុង,HC Sanlong,08,កណ្ដាល,Kandal,0803,ខ្សាច់កណ្ដាល,Khsach Kandal,0804,ខ្សាច់កណ្តាល,Ksach Kandal,080313,សន្លុង,Sanlong,08031302,ថ្មី,Thmei,DPHI (GPS),HC,Health Center,មណ្ឌលសុខភាព,,Unknown,NA,NA,11.6808157485022,105.070399644795,01/03/2010,,Operational,HF_LEVEL;CONTACT_NO
918224,080413,HC ព្រែកតាកូវ,HC Prek Takov,08,កណ្ដាល,Kandal,0813,ក្រុងអរិយក្សត្រ,Akreiy Ksatr,0804,ខ្សាច់កណ្តាល,Ksach Kandal,081305,ព្រែកតាកូវ,Prek Takov,08130501,ព្រែកល្វា,Prek Lvea,DPHI (GPS),HC,Health Center,មណ្ឌលសុខភាព,,Unknown,NA,NA,11.6117085129316,104.951817605437,01/04/2010,,Operational,HF_LEVEL;CONTACT_NO
372399,080414,HC បាក់ដាវ,HC Bak Dav,08,កណ្ដាល,Kandal,0813,ក្រុងអរិយក្សត្រ,Akreiy Ksatr,0804,ខ្សាច់កណ្តាល,Ksach Kandal,081301,បាក់ដាវ,Bak Dav,08130102,បាក់ដាវលើ,Bak Dav Leu,DPHI (GPS),HC,Health Center,មណ្ឌលសុខភាព,,Unknown,NA,NA,11.59914,105.111,01/06/2013,,Operational,HF_LEVEL;CONTACT_NO
302649,080415,HC កោះឧកញ៉ាតី,HC Koh okhnatey,08,កណ្ដាល,Kandal,0813,ក្រុងអរិយក្សត្រ,Akreiy Ksatr,0804,ខ្សាច់កណ្តាល,Ksach Kandal,081302,កោះឧកញ្ញាតី,Koh Oknhatey,08130202,កណ្ដាលកោះ,Kandal Koh,DPHI (GPS),HC,Health Center,មណ្ឌលសុខភាព,,Unknown,NA,NA,11.6316897216104,104.939985709923,01/06/2013,,Operational,HF_LEVEL;CONTACT_NO
205470,080416,HC ស្វាយជ្រំ,HC Svay chrum,08,កណ្ដាល,Kandal,0813,ក្រុងអរិយក្សត្រ,Akreiy Ksatr,0804,ខ្សាច់កណ្តាល,Ksach Kandal,081306,ស្វាយជ្រំ,Svay Chrum,08130601,ស្វាយជ្រំ,Svay Chrum,DPHI (GPS),HC,Health Center,មណ្ឌលសុខភាព,,Unknown,NA,NA,11.5895227556343,104.954158245965,01/04/2014,,Operational,HF_LEVEL;CONTACT_NO
692594,080417,HC ស្វាយរមៀត,HC Svay Romeat,08,កណ្ដាល,Kandal,0813,ខ្សាច់កណ្ដាល,Khsach Kandal,0804,ខ្សាច់កណ្តាល,Ksach Kandal,081307,ស្វាយរមៀត,Svay Romeat,08130702,ឈើទាល,Chheu Teal,DPHI (GPS),HC,Health Center,មណ្ឌលសុខភាព,,Unknown,NA,NA,11.7966348394185,105.022084513131,01/07/2017,,Operational,HF_LEVEL;CONTACT_NO
607810,080418,HC តេជោសែនវិហារសួគ៌,HC Techo Sen Vihea Sour,08,កណ្ដាល,Kandal,0803,ខ្សាច់កណ្ដាល,Khsach Kandal,0804,ខ្សាច់កណ្តាល,Ksach Kandal,080318,វិហារសួរគ៌,Vihea Sour,08031803,វិហារសួគ៌ត្បូង,Vihear Suor tboung,DPHI (GPS),HC,Health Center,មណ្ឌលសុខភាព,,Unknown,NA,NA,11.6567540874752,105.04158538643,01/01/2022,,Operational,HF_LEVEL;CONTACT_NO
011893,080503,HC ព្រែកអញ្ចាញ,HC Prek Anhchanh,08,កណ្ដាល,Kandal,0807,មុខកំពូល,Muk Kampoul,0805,មុខកំពូល,Muk Kampoul,080703,ព្រែកអញ្ចាញ,Prek Anhchanh,08070302,ព្រែកថ្មី,Prek Thmei,DPHI (GPS),HC,Health Center with beds,មណ្ឌលសុខភាពមានគ្រែ,,លី ពិសិដ្ឋ,855 17826888,NA,11.7282942038258,104.970018894318,05/10/2019,,Operational,HF_LEVEL
908474,080504,HC ឬស្សីជ្រោយ,HC Russey Chroy,08,កណ្ដាល,Kandal,0807,មុខកំពូល,Muk Kampoul,0805,មុខកំពូល,Muk Kampoul,080709,ឫស្សីជ្រោយ,Russey Chroy,08070907,ជ្រោយមេត្រីលើ,Chroy Metrei Leu,DPHI (GPS),HC,Health Center,មណ្ឌលសុខភាព,,កែវ សាវុធ,855 78799092,NA,11.7853803431377,105.005209550029,08/12/2014,,Operational,HF_LEVEL
335229,080505,HC ព្រែកដំបង,HC Prek Dambang,08,កណ្ដាល,Kandal,0807,មុខកំពូល,Muk Kampoul,0805,មុខកំពូល,Muk Kampoul,080704,ព្រែកដំបង,Prek Dambang,08070403,វត្ដចាស់,Wat Chas,DPHI (GPS),HC,Health Center,មណ្ឌលសុខភាព,,ឯក ផល្លី,855 12492396,NA,11.8107106409543,104.974925813285,16/8/2012,,Operational,HF_LEVEL
231245,080506,HC សំបួរមាស,HC Sambour Meas,08,កណ្ដាល,Kandal,0807,មុខកំពូល,Muk Kampoul,0805,មុខកំពូល,Muk Kampoul,080710,សំបួរមាស,Sambour Meas,08071002,ជ្រៃមួយរយ,Chrey Muoy Roy,DPHI (GPS),HC,Health Center,មណ្ឌលសុខភាព,,ពេជ្រ សូភីណែត,855 92712096,NA,11.7209924003025,104.909029173534,01/08/2018,,Operational,HF_LEVEL
572923,080507,HC រកាកោង ១,HC Rorkar Kong 1,08,កណ្ដាល,Kandal,0807,មុខកំពូល,Muk Kampoul,0805,មុខកំពូល,Muk Kampoul,080707,រកាកោង ១,Rokakong 1,08070701,រកាកោង,Rokakong,DPHI (GPS),HC,Health Center,មណ្ឌលសុខភាព,,ស៊ាង ច័ន្ទសុដារី,855 12958205,NA,11.8479876975428,104.995638060325,25/12/2015,,Operational,HF_LEVEL
237029,080508,HC ស្វាយអំពារ,HC Svay Ampie,08,កណ្ដាល,Kandal,0807,មុខកំពូល,Muk Kampoul,0805,មុខកំពូល,Muk Kampoul,080711,ស្វាយអំពារ,Svay Ampie,08071102,ស្វាយអំពារ,Svay Ampie,DPHI (GPS),HC,Health Center,មណ្ឌលសុខភាព,,តាំង យុគលីន,855 12372935,NA,11.8307507323553,104.953910016286,08/04/2015,,Operational,HF_LEVEL
928766,080513,RH ប៊ុនរ៉ានីហ៊ុនសែនរការកោង,RH Bun Rany Hun Sen Rokakong,08,កណ្ដាល,Kandal,0807,មុខកំពូល,Muk Kampoul,0805,មុខកំពូល,Muk Kampoul,080707,រកាកោង ១,Rokakong 1,08070701,រកាកោង,Rokakong,DPHI (GPS),RH,Referral Hospital,មន្ទីរពេទ្យបង្អែកស្រុក,,អ៊ីវ សុផល,855 17​​​552323,sophal.iv@yahoo.com,11.8484975021864,104.995732948567,11/11/2009,,Operational,HF_LEVEL
852284,080803,HC ព្រែកហូរ,HC Prek Ho,08,កណ្ដាល,Kandal,0811,តាខ្មៅ,Ta Khmao,0808,តាខ្មៅ,Takhmao,081105,ព្រែកហូរ,Prek Ho,08110503,បត្ដាជី ១,Battachi 1,DPHI (GPS),HC,Health Center,មណ្ឌលសុខភាព,,Unknown,NA,NA,11.456485081254,104.931469506683,01/01/2006,,Operational,HF_LEVEL;CONTACT_NO
511896,080804,HC ព្រែកសំរោង,HC Prek Samraong,08,កណ្ដាល,Kandal,0811,តាខ្មៅ,Ta Khmao,0808,តាខ្មៅ,Takhmao,081104,តាខ្មៅ,TaKhmao,08110401,តាខ្មៅ,Ta Khmao,DPHI (GPS),HC,Health Center,មណ្ឌលសុខភាព,,Unknown,NA,NA,11.47221,104.954469,01/01/2006,,Operational,HF_LEVEL;CONTACT_NO
608310,080806,HC សៀមរាប,HC Siemreap,08,កណ្ដាល,Kandal,0801,កណ្ដាលស្ទឹង,Kandal Stueng,0808,តាខ្មៅ,Takhmao,080122,សៀមរាប,SiemReap,08012202,ចំបក់,Chambork,DPHI (GPS),HC,Health Center,មណ្ឌលសុខភាព,,Unknown,NA,NA,11.3998607284357,104.86418142462,01/01/2006,,Operational,HF_LEVEL;CONTACT_NO
351712,080808,HC ដើមឬស,HC Daum Rus,08,កណ្ដាល,Kandal,0801,កណ្ដាលស្ទឹង,Kandal Stueng,0808,តាខ្មៅ,Takhmao,080106,ដើមឫស,Daum Rus,08010604,ទន្សាយគាច,Tonsay Kiech,DPHI (GPS),HC,Health Center,មណ្ឌលសុខភាព,,Unknown,NA,NA,11.4331857771138,104.771755800513,01/01/2006,,Operational,HF_LEVEL;CONTACT_NO
000149,080809,HC រលាំងកែន,HC RolaingKen,08,កណ្ដាល,Kandal,0801,កណ្ដាលស្ទឹង,Kandal Stueng,0808,តាខ្មៅ,Takhmao,080117,រកា,Roka,08011703,ស្វាយ,Svay,DPHI (GPS),HC,Health Center,មណ្ឌលសុខភាព,,Unknown,NA,NA,11.4313745293857,104.698485192707,01/01/2006,,Operational,HF_LEVEL;CONTACT_NO
997886,080810,HC បឹងខ្យាង,HC Beung Kyang,08,កណ្ដាល,Kandal,0801,កណ្ដាលស្ទឹង,Kandal Stueng,0808,តាខ្មៅ,Takhmao,080104,បឹងខ្យាង,Bung Kyang,08010401,បឹងខ្យាង,Bung Kyang,DPHI (GPS),HC,Health Center,មណ្ឌលសុខភាព,,Unknown,NA,NA,11.3629567304331,104.870402350897,01/01/2006,,Operational,HF_LEVEL;CONTACT_NO
626754,080811,HC ត្រពាំងវែង,HC Tropaing Veng,08,កណ្ដាល,Kandal,0801,កណ្ដាលស្ទឹង,Kandal Stueng,0808,តាខ្មៅ,Takhmao,080127,ត្រពាំងវែង,Tropeing Veng,08012701,ព្រៃទទឹង,Prey Totueng,DPHI (GPS),HC,Health Center,មណ្ឌលសុខភាព,,Unknown,NA,NA,11.4031213106762,104.783474866173,01/01/2006,,Operational,HF_LEVEL;CONTACT_NO
758499,080812,HC ស្វាយរលំ,HC Svay Rolum,08,កណ្ដាល,Kandal,0810,តាខ្មៅ,Ta Khmao,0808,តាខ្មៅ,Takhmao,081013,ស្វាយរលំ,Svay Rolum,08101304,លេខ៤,Lekh Buon,DPHI (GPS),HC,Health Center,មណ្ឌលសុខភាព,,Unknown,NA,NA,11.4548277369278,104.99564994168,01/01/2006,,Operational,HF_LEVEL;CONTACT_NO
626466,080813,HC សិត្បូរ,HC Setbo,08,កណ្ដាល,Kandal,0810,តាខ្មៅ,Ta Khmao,0808,តាខ្មៅ,Takhmao,081011,សិត្បូ,Setbo,08101103,កំពង់ព្រីង,Kampong Pring,DPHI (GPS),HC,Health Center,មណ្ឌលសុខភាព,,Unknown,NA,NA,11.4212415754182,105.044050446721,01/01/2006,,Operational,HF_LEVEL;CONTACT_NO
917617,080817,RH មន្ទីរពេទ្យបង្អែកកណ្តាលស្ទឹង,RH Kandal Stueng,08,កណ្ដាល,Kandal,0801,កណ្ដាលស្ទឹង,Kandal Stueng,0808,តាខ្មៅ,Takhmao,080102,អន្លង់រមៀត,Anlong Romet,08010206,កំពង់ទួល,Kampong Tuol,DPHI (GPS),RH,Referral Hospital,មន្ទីរពេទ្យបង្អែកស្រុក,,Unknown,NA,NA,11.42895521,104.8058177,01/05/2016,,Operational,HF_LEVEL;CONTACT_NO
301445,080818,HC អំពៅព្រៃ,HC Ampov Prey,08,កណ្ដាល,Kandal,0801,កណ្ដាលស្ទឹង,Kandal Stueng,0808,តាខ្មៅ,Takhmao,080101,អំពៅព្រៃ,Ampov Prey,08010101,តាដោល ១,Tadaol 1,DPHI (GPS),HC,Health Center,មណ្ឌលសុខភាព,,Unknown,NA,NA,11.38433131,104.8886067,01/05/2016,,Operational,HF_LEVEL;CONTACT_NO
556733,080819,HC បារគូ,HC Bakou,08,កណ្ដាល,Kandal,0801,កណ្ដាលស្ទឹង,Kandal Stueng,0808,តាខ្មៅ,Takhmao,080103,បារគូ,Bakou,08010301,បារគូ,Bakou,DPHI (GPS),HC,Health Center,មណ្ឌលសុខភាព,,Unknown,NA,NA,11.412381037602,104.826382648411,01/07/2020,,Operational,HF_LEVEL;CONTACT_NO
480921,080820,HC កោះអន្លង់ចិន,HC Koh Anlung Chen,08,កណ្ដាល,Kandal,0812,តាខ្មៅ,Ta Khmao,0808,តាខ្មៅ,Takhmao,080202,តាខ្មៅ,Koh Anglung Chen,08020201,កណ្តាលកោះ,Kandal Koh,DPHI (GPS),HC,Health Center,មណ្ឌលសុខភាព,,Unknown,NA,NA,11.46347148,105.0263459,01/07/2020,,Operational,HF_LEVEL;CONTACT_NO
698859,090101,PH មន្ទីរពេទ្យខេត្តកោះកុង,PH Koh Kong,09,កោះកុង,Koh Kong,0904,ខេមរភូមិន្ទ,Khemara Phoumin,0901,ស្មាច់មានជ័យ,Smach Mean Chey,090401,ស្មាច់មានជ័យ,Smach Mean Chey,09040101,ភូមិទី១,Phum Ti Muoy,DPHI (GPS),PH,Provincial Hospital,មន្ទីរពេទ្យខេត្ត,,ហៃ ឡៃស៊ុន,855 10767777,NA,11.6143209796763,102.983009392818,01/01/2006,,Operational,HF_LEVEL
604972,090102,HC ស្មាច់មានជ័យ,HC Smach Mean Chey,09,កោះកុង,Koh Kong,0904,ខេមរភូមិន្ទ,Khemara Phoumin,0901,ស្មាច់មានជ័យ,Smach Mean Chey,090401,ស្មាច់មានជ័យ,Smach Mean Chey,09040101,ភូមិទី១,Phum Ti Muoy,DPHI (GPS),HC,Health Center,មណ្ឌលសុខភាព,,សុង ឆាយលី,855 16655588,NA,11.6146647730498,102.983000051832,01/01/2006,,Operational,HF_LEVEL
657367,090103,HC ស្ទឹងវែង,HC Steung Veng,09,កោះកុង,Koh Kong,0904,ខេមរភូមិន្ទ,Khemara Phoumin,0901,ស្មាច់មានជ័យ,Smach Mean Chey,090402,ដងទង់,Dang Tong,09040204,ភូមិទី៤,Phum Ti Buon,DPHI (GPS),HC,Health Center,មណ្ឌលសុខភាព,,អង្គ ឌី,855 1541700,NA,11.594200570684,102.982810659186,01/01/2006,,Operational,HF_LEVEL
533259,090104,HC ប៉ាក់ខ្លង,HC Pak Khlang,09,កោះកុង,Koh Kong,0905,មណ្ឌលសីមា,Mondol Seima,0901,ស្មាច់មានជ័យ,Smach Mean Chey,090501,ប៉ាក់ខ្លង,Pak Khlang,09050101,ប៉ាក់ខ្លង១,Pak Khlang Muoy,DPHI (GPS),HC,Health Center with beds,មណ្ឌលសុខភាពមានគ្រែ,,អ៊ុក ចំរើន,855 15718766,NA,11.5682892218278,102.954604109043,01/01/2006,,Operational,HF_LEVEL
434531,090105,HC នាងកុក,HC Neang Kok,09,កោះកុង,Koh Kong,0905,មណ្ឌលសីមា,Mondol Seima,0901,ស្មាច់មានជ័យ,Smach Mean Chey,090501,ប៉ាក់ខ្លង,Pak Khlang,09050107,ចាំយាម,Cham Yeam,DPHI (GPS),HC,Health Center,មណ្ឌលសុខភាព,,ស៊ីវ ច័ន្ទវាសនា,855 78776386,NA,11.6312577103681,102.943679465267,01/01/2006,,Operational,HF_LEVEL
263538,090106,HC ត្រពាំងរូង,HC Trapaing Roung,09,កោះកុង,Koh Kong,0903,កោះកុង,Kaoh Kong,0901,ស្មាច់មានជ័យ,Smach Mean Chey,090304,ត្រពាំងរូង,Trapeang Rung,09030404,ត្រពាំងរូង,Trapeang Rung,DPHI (GPS),HC,Health Center with beds,មណ្ឌលសុខភាពមានគ្រែ,,ហាយ សារិទ្ធិ,855 10289472,NA,11.3787461691721,103.258460349753,01/01/2006,,Operational,HF_LEVEL
158013,090107,HC គិរីសាគរ,HC Kirisakor,09,កោះកុង,Koh Kong,0902,គិរីសាគរ,Kiri Sakor,0901,ស្មាច់មានជ័យ,Smach Mean Chey,090201,កោះស្ដេច,Kaoh Sdach,09020101,កោះស្ដេច,Kaoh Sdach,DPHI (GPS),HC,Health Center with beds,មណ្ឌលសុខភាពមានគ្រែ,,ហែម រិទ្ធីម,855 976999912,NA,10.9381696478982,103.078485860503,01/01/2006,,Operational,HF_LEVEL
806515,090110,HC ឬស្សីជ្រុំ,HC Russei Chrum,09,កោះកុង,Koh Kong,0907,ថ្មបាំង,Thma Bang,0901,ស្មាច់មានជ័យ,Smach Mean Chey,090704,ឫស្សីជ្រុំ,Ruessei Chrum,09070403,ត្រពាំងឈើត្រាវ,Trapeang Chheu Trav,DPHI (GPS),HC,Health Center,មណ្ឌលសុខភាព,,ម៉ី កំសត់,855 889337168,NA,11.6795324637296,103.449466906303,01/01/2006,,Operational,HF_LEVEL
741238,090201,RH មន្ទីរពេទ្យបង្អែកស្រែអំបិល,RH SraeAmbel,09,កោះកុង,Koh Kong,0906,ស្រែ អំបិល,Srae Ambel,0902,ស្រែអំបិល,Srae Ambel,090601,បឹងព្រាវ,Boeng Preav,09060107,ទឹកប៉ោង,Tuek Paong,DPHI (GPS),RH,Referral Hospital,មន្ទីរពេទ្យបង្អែកស្រុក,,ហ៊ សុខហួន,855 16877006,NA,11.0939816914109,103.789587558927,01/01/2006,,Operational,HF_LEVEL
118516,090202,HC បឹងព្រាវ,HC Boeng Preav,09,កោះកុង,Koh Kong,0906,ស្រែ អំបិល,Srae Ambel,0902,ស្រែអំបិល,Srae Ambel,090601,បឹងព្រាវ,Boeng Preav,09060107,ទឹកប៉ោង,Tuek Paong,DPHI (GPS),HC,Health Center,មណ្ឌលសុខភាព,,ឡាំ ថាំ,855 81950027,NA,11.0936568985984,103.789261328567,01/01/2006,,Operational,HF_LEVEL
472721,090203,HC ស្រែអំបិល,HC Srae Ambel,09,កោះកុង,Koh Kong,0906,ស្រែ អំបិល,Srae Ambel,0902,ស្រែអំបិល,Srae Ambel,090606,ស្រែអំបិល,Srae Ambel,09060603,ស្រែអំបិល,Srae Ambel,DPHI (GPS),HC,Health Center,មណ្ឌលសុខភាព,,ស៊ុយ សុគន្ធី,855 86789088,NA,11.1207960497387,103.747006608155,01/01/2006,,Operational,HF_LEVEL
456619,090204,HC ថ្មស,HC Thma Sar,09,កោះកុង,Koh Kong,0901,បុទុមសាគរ,Botum Sakor,0902,ស្រែអំបិល,Srae Ambel,090104,ថ្មស,Thma Sa,09010405,ថ្មស,Thma Sa,DPHI (GPS),HC,Health Center,មណ្ឌលសុខភាព,,អួន សារុន,855 16215426,NA,10.8960371012847,103.407836320768,01/01/2006,,Operational,HF_LEVEL
312799,090205,HC អណ្តូងទឹក,HC Andaung Teuk,09,កោះកុង,Koh Kong,0901,បុទុមសាគរ,Botum Sakor,0902,ស្រែអំបិល,Srae Ambel,090101,អណ្ដូងទឹក,Andoung Tuek,09010101,អណ្ដូងទឹក,Andoung Tuek,DPHI (GPS),HC,Health Center with beds,មណ្ឌលសុខភាពមានគ្រែ,,នូច ប៊ុនធឿន,855 81446668,NA,11.1883122534379,103.472589128438,01/01/2006,,Operational,HF_LEVEL
530023,090206,HC ជី ផាត,HC Chiphat,09,កោះកុង,Koh Kong,0907,ថ្មបាំង,Thma Bang,0902,ស្រែអំបិល,Srae Ambel,090705,ជីផាត,Chi Phat,09070501,ជីផាត,Chi Phat,DPHI (GPS),HC,Health Center,មណ្ឌលសុខភាព,,ស៊ាង សេង,855 16534427,NA,11.3304745691507,103.524328244651,01/01/2006,,Operational,HF_LEVEL
791996,090208,HP ទួលគគីរ,HP Toul Korki,09,កោះកុង,Koh Kong,0907,ថ្មបាំង,Thma Bang,0901,ស្មាច់មានជ័យ,Smach Mean Chey,090706,ថ្មដូនពៅ,Thma Doun Pov,09070602,ព្រែកស្វាយ,Preaek Svay,DPHI (GPS),HP,Health Post,ប៉ុស្តិ៍សុខភាព,,យ៉ា ភីនុត,855 968181627,NA,11.524915681317,103.069329271612,NA,,Operational,HF_LEVEL;START_DATE
954428,090209,HP ពន្ធធនាគារ,HP Poan Theaneakea,09,កោះកុង,Koh Kong,0907,ថ្មបាំង,Thma Bang,0901,ស្មាច់មានជ័យ,Smach Mean Chey,090706,ថ្មដូនពៅ,Thma Doun Pov,09070602,ព្រែកស្វាយ,Preaek Svay,DPHI (GPS),HP,Health Post,ប៉ុស្តិ៍សុខភាព,,អ៊ុច សុផានី,855 77295563,NA,11.5774118107247,103.020427970506,NA,,Operational,HF_LEVEL;START_DATE
303405,090210,HP ថ្មដូនពៅ,HP Thmar Doun Pov,09,កោះកុង,Koh Kong,0907,ថ្មបាំង,Thma Bang,0901,ស្មាច់មានជ័យ,Smach Mean Chey,090706,ថ្មដូនពៅ,Thma Doun Pov,09070602,ព្រែកស្វាយ,Preaek Svay,DPHI (GPS),HP,Health Post,ប៉ុស្តិ៍សុខភាព,,ព្រុំ ចិត្រា,855 883612347,NA,11.6275022974108,103.528319009095,NA,,Operational,HF_LEVEL;START_DATE
267831,090211,HP ជំនាប់,HP Chumneap,09,កោះកុង,Koh Kong,0907,ថ្មបាំង,Thma Bang,0901,ស្មាច់មានជ័យ,Smach Mean Chey,090703,ជំនាប់,Chumnoab,09070301,ជំនាប់,Chumnoab,DPHI (GPS),HP,Health Post,ប៉ុស្តិ៍សុខភាព,,មាន សារិទ្ធ,855 883112526,NA,11.6387268770738,103.534619377352,NA,,Operational,HF_LEVEL;START_DATE
134750,090212,HP ប្រឡាយ,HP Bralay,09,កោះកុង,Koh Kong,0907,ថ្មបាំង,Thma Bang,0901,ស្មាច់មានជ័យ,Smach Mean Chey,090702,ប្រឡាយ,Pralay,09070202,ប្រឡាយ,Pralay,DPHI (GPS),HP,Health Post,ប៉ុស្តិ៍សុខភាព,,កាន់ បញ្ញាវុទ្ធ,855 975714169,NA,11.7187028260392,103.611073364242,NA,,Operational,HF_LEVEL;START_DATE
975736,090213,HP ជ្រោយប្រស់,HP Chroy Pros,09,កោះកុង,Koh Kong,0903,កោះកុង,Kaoh Kong,0901,ស្មាច់មានជ័យ,Smach Mean Chey,090301,ជ្រោយប្រស់,Chrouy Pras,09030101,ជ្រោយប្រស់,Chrouy Pras,DPHI (GPS),HP,Health Post,ប៉ុស្តិ៍សុខភាព,,ជាប សុថារិន,855 16309176,NA,11.3514990513068,103.096688922033,NA,,Operational,HF_LEVEL;START_DATE
632722,090214,HC កោះកាពិ,HP Koh Kapi,09,កោះកុង,Koh Kong,0903,កោះកុង,Kaoh Kong,0901,ស្មាច់មានជ័យ,Smach Mean Chey,090302,កោះកាពិ,Kaoh Kapi,09030202,ភូមិទី២,Phum Ti Pir,DPHI (GPS),HP,Health Post,ប៉ុស្តិ៍សុខភាព,,គិត ឆន,855 70864710,NA,11.4566143761617,103.013692889893,01/01/2006,,Operational,HF_LEVEL
768972,090215,HP តាតៃ,HP Ta Tai,09,កោះកុង,Koh Kong,0903,កោះកុង,Kaoh Kong,0901,ស្មាច់មានជ័យ,Smach Mean Chey,090303,តាតៃក្រោម,Ta Tai Kraom,09030302,អន្លង់វ៉ាក់,Anlong Vak,DPHI (GPS),HP,Health Post,ប៉ុស្តិ៍សុខភាព,,បាន ចាន្នារិទ្ធិ,855 69983088,NA,11.5659831157722,103.130533508243,01/01/2006,,Operational,HF_LEVEL
766697,090107,HP កូនកុក,HP Kaun Kok,09,កោះកុង,Koh Kong,0902,គិរីសាគរ,Kiri Sakor,0901,ស្មាច់មានជ័យ,Smach Mean Chey,090201,កោះស្ដេច,Kaoh Sdach,09020101,កោះស្ដេច,Kaoh Sdach,DPHI (GPS),HC,Health Post,ប៉ុស្តិ៍សុខភាព,,នួន ណារ៉េត,855 976447582,NA,11.4566143761617,103.013692889893,NA,,Operational,HF_LEVEL;START_DATE
577854,090216,HP ភ្ញីមាស,HP Phni Meas,09,កោះកុង,Koh Kong,0902,គិរីសាគរ,Kiri Sakor,0901,ស្មាច់មានជ័យ,Smach Mean Chey,090202,ភ្ញីមាស,Phnhi Meas,09020201,ភ្ញីមាស,Phnhi Meas,DPHI (GPS),HP,Health Post,ប៉ុស្តិ៍សុខភាព,,អ៊ុយ ពីន,855 887444449,NA,10.98892,103.224602,NA,,Operational,HF_LEVEL;START_DATE
410105,090217,HP កណ្ដោល,HP Kandal,09,កោះកុង,Koh Kong,0902,គិរីសាគរ,Kiri Sakor,0901,ស្រែអំបិល,Srae Ambel,090202,ភ្ញីមាស,Phnhi Meas,09020201,ភ្ញីមាស,Phnhi Meas,DPHI (GPS),HP,Health Post,ប៉ុស្តិ៍សុខភាព,,យិន សំណាង,855 2859996,NA,11.1991487855878,103.538231049688,NA,,Operational,HF_LEVEL;START_DATE
525493,090218,HP ពោធិ៍បឹង,HP Pou Beong,09,កោះកុង,Koh Kong,0902,គិរីសាគរ,Kiri Sakor,0901,ស្រែអំបិល,Srae Ambel,090202,ភ្ញីមាស,Phnhi Meas,09020201,ភ្ញីមាស,Phnhi Meas,DPHI (GPS),HP,Health Post,ប៉ុស្តិ៍សុខភាព,,ពុំ ប៊ុនថេង,855 15931220,NA,11.4682346789345,103.721877981749,NA,,Operational,HF_LEVEL;START_DATE
129336,090219,HP ជីខក្រោម,HP Chi Kha Kroam,09,កោះកុង,Koh Kong,0902,គិរីសាគរ,Kiri Sakor,0901,ស្រែអំបិល,Srae Ambel,090202,ភ្ញីមាស,Phnhi Meas,09020201,ភ្ញីមាស,Phnhi Meas,DPHI (GPS),HP,Health Post,ប៉ុស្តិ៍សុខភាព,,ឈូ ម៉េង,855 15821642,NA,11.127219,103.586383,NA,,Operational,HF_LEVEL;START_DATE
893950,090220,HC យន្តមីន ជ្រោយស្វាយ,HC Yun Min Chroy Svay,09,កោះកុង,Koh Kong,0902,គិរីសាគរ,Kiri Sakor,0901,ស្មាច់មានជ័យ,Smach Mean Chey,090202,ភ្ញីមាស,Phnhi Meas,09020201,ភ្ញីមាស,Phnhi Meas,DPHI (GPS),HC,Health Center,មណ្ឌលសុខភាព,,លី បូរ៉ា,855 97739678,NA,11.0497400587852,103.694685404434,NA,,Operational,HF_LEVEL;START_DATE
008909,9020402,HC តានូន,HC Tanuon,09,កោះកុង,Koh Kong,0901,បុទុមសាគរ,Botum Sakor,0902,ស្រែអំបិល,Srae Ambel,090103,តានូន,Ta Noun,09010303,តានូន,Ta Noun,DPHI (GPS),HC,Health Center,មណ្ឌលសុខភាព,,ង៉ែត សេរីឬទិ្ធ,855 16316146,NA,10.9459390974853,103.312589685694,01/10/2016,,Operational,HF_LEVEL
