{
  "type": "FeatureCollection",
  "features": [
    {
      "type": "Feature",
      "geometry": {
        "type": "Point",
        "coordinates": [
          103.0925245,
          13.25343575
        ]
      },
      "properties": {
        "HF_ID": "",
        "HF_CODE": "020101",
        "NAME_KH": "RH មន្ទីរពេទ្យបង្អែកថ្មគោល",
        "NAME_EN": "RH Thmar Koul ",
        "PRO_CODE": "02",
        "PRO_NAME_KH": "បាត់ដំបង",
        "PRO_NAME_EN": "Battambang",
        "DIS_CODE": "0202",
        "DIS_NAME_KH": "ថ្មគោល",
        "DIS_NAME_EN": "Thma Koul",
        "OD_CODE": "0201",
        "OD_NAME_KH": "ថ្មគោល",
        "OD_NAME_EN": "Thmar Koul",
        "COM_CODE": "020201",
        "COM_NAME_KH": "តាពូង",
        "COM__NAME_EN": "Ta Pung",
        "VIL_CODE": "02020102",
        "VIL_NAME_KH": "ប៉ោយយង់",
        "VIL__NAME_EN": "Paoy Yong",
        "OWNERSHIP": "DPHI (GPS)",
        "ACRONYM": "RH",
        "HF_TYPE_EN": "Referral Hospital",
        "HF_TYPE_KH": "មន្ទីរពេទ្យបង្អែកស្រុក",
        "HF_LEVEL": "",
        "HF_HEAD": "គង់ ប៉ាក់",
        "CONTACT_NO": "855 12701160",
        "CONTACT_EMAIL": "None",
        "START_DATE": "01/01/2006",
        "GOOGLE_MAP_LINK": "https://maps.app.goo.gl/RpDRSmn9A6DVExKeA",
        "STATUS": "Operational"
      }
    },
    {
      "type": "Feature",
      "geometry": {
        "type": "Point",
        "coordinates": [
          103.0247565,
          13.26508191
        ]
      },
      "properties": {
        "HF_ID": "",
        "HF_CODE": "020102",
        "NAME_KH": "HC បន្សាយត្រែង",
        "NAME_EN": "HC Bansay Traeng ",
        "PRO_CODE": "02",
        "PRO_NAME_KH": "បាត់ដំបង",
        "PRO_NAME_EN": "Battambang",
        "DIS_CODE": "0202",
        "DIS_NAME_KH": "ថ្មគោល",
        "DIS_NAME_EN": "Thma Koul",
        "OD_CODE": "0201",
        "OD_NAME_KH": "ថ្មគោល",
        "OD_NAME_EN": "Thmar Koul",
        "COM_CODE": "020209",
        "COM_NAME_KH": "បន្សាយត្រែង",
        "COM__NAME_EN": "Bansay Traeng",
        "VIL_CODE": "02020903",
        "VIL_NAME_KH": "ថ្មី",
        "VIL__NAME_EN": "Thmei",
        "OWNERSHIP": "DPHI (GPS)",
        "ACRONYM": "HC",
        "HF_TYPE_EN": "Health Center",
        "HF_TYPE_KH": "មណ្ឌលសុខភាព",
        "HF_LEVEL": "",
        "HF_HEAD": "ឆឹម ណារ៉េត",
        "CONTACT_NO": "855 92264692",
        "CONTACT_EMAIL": "None",
        "START_DATE": "01/01/2006",
        "GOOGLE_MAP_LINK": "https://maps.app.goo.gl/xmtWKampTM26kBaB7",
        "STATUS": "Operational"
      }
    },
    {
      "type": "Feature",
      "geometry": {
        "type": "Point",
        "coordinates": [
          102.9844182,
          13.26208658
        ]
      },
      "properties": {
        "HF_ID": "",
        "HF_CODE": "020103",
        "NAME_KH": "HC រូងជ្រៃ",
        "NAME_EN": "HC Rung Chrey ",
        "PRO_CODE": "02",
        "PRO_NAME_KH": "បាត់ដំបង",
        "PRO_NAME_EN": "Battambang",
        "DIS_CODE": "0202",
        "DIS_NAME_KH": "ថ្មគោល",
        "DIS_NAME_EN": "Thma Koul",
        "OD_CODE": "0201",
        "OD_NAME_KH": "ថ្មគោល",
        "OD_NAME_EN": "Thmar Koul",
        "COM_CODE": "020210",
        "COM_NAME_KH": "រូងជ្រៃ",
        "COM__NAME_EN": "Rung Chrey",
        "VIL_CODE": "02021003",
        "VIL_NAME_KH": "គោកខ្ពស់",
        "VIL__NAME_EN": "Kouk Khpos",
        "OWNERSHIP": "DPHI (GPS)",
        "ACRONYM": "HC",
        "HF_TYPE_EN": "Health Center",
        "HF_TYPE_KH": "មណ្ឌលសុខភាព",
        "HF_LEVEL": "",
        "HF_HEAD": "ហេវ ចិន្តា",
        "CONTACT_NO": "855 92264692",
        "CONTACT_EMAIL": "None",
        "START_DATE": "01/01/2006",
        "GOOGLE_MAP_LINK": "https://maps.app.goo.gl/vPNkDBrhrJDh7gwE6?g_st=it",
        "STATUS": "Operational"
      }
    },
    {
      "type": "Feature",
      "geometry": {
        "type": "Point",
        "coordinates": [
          103.0353713,
          13.36463312
        ]
      },
      "properties": {
        "HF_ID": "",
        "HF_CODE": "020104",
        "NAME_KH": "HC បឹងព្រីង",
        "NAME_EN": "HC Boeng Pring ",
        "PRO_CODE": "02",
        "PRO_NAME_KH": "បាត់ដំបង",
        "PRO_NAME_EN": "Battambang",
        "DIS_CODE": "0202",
        "DIS_NAME_KH": "ថ្មគោល",
        "DIS_NAME_EN": "Thma Koul",
        "OD_CODE": "0201",
        "OD_NAME_KH": "ថ្មគោល",
        "OD_NAME_EN": "Thmar Koul",
        "COM_CODE": "020207",
        "COM_NAME_KH": "បឹងព្រីង",
        "COM__NAME_EN": "Boeng Pring",
        "VIL_CODE": "02020701",
        "VIL_NAME_KH": "បឹងព្រីង",
        "VIL__NAME_EN": "Boeng Pring",
        "OWNERSHIP": "DPHI (GPS)",
        "ACRONYM": "HC",
        "HF_TYPE_EN": "Health Center",
        "HF_TYPE_KH": "មណ្ឌលសុខភាព",
        "HF_LEVEL": "",
        "HF_HEAD": "រឿន ចន្ថា",
        "CONTACT_NO": "855 12389639",
        "CONTACT_EMAIL": "None",
        "START_DATE": "13/08/2006",
        "GOOGLE_MAP_LINK": "https://maps.app.goo.gl/i6GDF9RJ3CXd2nB56",
        "STATUS": "Operational"
      }
    },
    {
      "type": "Feature",
      "geometry": {
        "type": "Point",
        "coordinates": [
          103.1178133,
          13.14443129
        ]
      },
      "properties": {
        "HF_ID": "",
        "HF_CODE": "020105",
        "NAME_KH": "HC អូរតាគី",
        "NAME_EN": "HC O Ta Ki ",
        "PRO_CODE": "02",
        "PRO_NAME_KH": "បាត់ដំបង",
        "PRO_NAME_EN": "Battambang",
        "DIS_CODE": "0202",
        "DIS_NAME_KH": "ថ្មគោល",
        "DIS_NAME_EN": "Thma Koul",
        "OD_CODE": "0201",
        "OD_NAME_KH": "ថ្មគោល",
        "OD_NAME_EN": "Thmar Koul",
        "COM_CODE": "020203",
        "COM_NAME_KH": "អូរតាគី",
        "COM__NAME_EN": "Ou Ta Ki",
        "VIL_CODE": "02020301",
        "VIL_NAME_KH": "អូរតាគី",
        "VIL__NAME_EN": "Ou Ta Ki",
        "OWNERSHIP": "DPHI (GPS)",
        "ACRONYM": "HC",
        "HF_TYPE_EN": "Health Center",
        "HF_TYPE_KH": "មណ្ឌលសុខភាព",
        "HF_LEVEL": "",
        "HF_HEAD": "កែវ ចន្ទ័រិទ្ធ",
        "CONTACT_NO": "855 12616584",
        "CONTACT_EMAIL": "None",
        "START_DATE": "01/01/2006",
        "GOOGLE_MAP_LINK": "https://maps.app.goo.gl/vbGn4RieRKyPf8A19",
        "STATUS": "Operational"
      }
    },
    {
      "type": "Feature",
      "geometry": {
        "type": "Point",
        "coordinates": [
          103.035116,
          13.16963997
        ]
      },
      "properties": {
        "HF_ID": "",
        "HF_CODE": "020106",
        "NAME_KH": "HC អន្លង់រុន",
        "NAME_EN": "HC Anlong Run ",
        "PRO_CODE": "02",
        "PRO_NAME_KH": "បាត់ដំបង",
        "PRO_NAME_EN": "Battambang",
        "DIS_CODE": "0202",
        "DIS_NAME_KH": "ថ្មគោល",
        "DIS_NAME_EN": "Thma Koul",
        "OD_CODE": "0201",
        "OD_NAME_KH": "ថ្មគោល",
        "OD_NAME_EN": "Thmar Koul",
        "COM_CODE": "020205",
        "COM_NAME_KH": "អន្លង់រុន",
        "COM__NAME_EN": "Anlong Run",
        "VIL_CODE": "02020501",
        "VIL_NAME_KH": "ចារ",
        "VIL__NAME_EN": "Char",
        "OWNERSHIP": "DPHI (GPS)",
        "ACRONYM": "HC",
        "HF_TYPE_EN": "Health Center",
        "HF_TYPE_KH": "មណ្ឌលសុខភាព",
        "HF_LEVEL": "",
        "HF_HEAD": "ស៊ី សាវុធ",
        "CONTACT_NO": "855 77265 426",
        "CONTACT_EMAIL": "None",
        "START_DATE": "01/01/2006",
        "GOOGLE_MAP_LINK": "https://maps.app.goo.gl/6YqNFyYM3Lf7SW247",
        "STATUS": "Operational"
      }
    },
    {
      "type": "Feature",
      "geometry": {
        "type": "Point",
        "coordinates": [
          103.0895243,
          13.2609949
        ]
      },
      "properties": {
        "HF_ID": "",
        "HF_CODE": "020107",
        "NAME_KH": "HC តាពូង",
        "NAME_EN": "HC Ta Poung ",
        "PRO_CODE": "02",
        "PRO_NAME_KH": "បាត់ដំបង",
        "PRO_NAME_EN": "Battambang",
        "DIS_CODE": "0202",
        "DIS_NAME_KH": "ថ្មគោល",
        "DIS_NAME_EN": "Thma Koul",
        "OD_CODE": "0201",
        "OD_NAME_KH": "ថ្មគោល",
        "OD_NAME_EN": "Thmar Koul",
        "COM_CODE": "020201",
        "COM_NAME_KH": "តាពូង",
        "COM__NAME_EN": "Ta Pung",
        "VIL_CODE": "02020103",
        "VIL_NAME_KH": "កសិកម្ម",
        "VIL__NAME_EN": "Kaksekam",
        "OWNERSHIP": "DPHI (GPS)",
        "ACRONYM": "HC",
        "HF_TYPE_EN": "Health Center",
        "HF_TYPE_KH": "មណ្ឌលសុខភាព",
        "HF_LEVEL": "",
        "HF_HEAD": "ជេត ណារី",
        "CONTACT_NO": "855 77967005",
        "CONTACT_EMAIL": "None",
        "START_DATE": "01/01/2006",
        "GOOGLE_MAP_LINK": "https://maps.app.goo.gl/BdLjCYFdiJxSGeGy8",
        "STATUS": "Operational"
      }
    },
    {
      "type": "Feature",
      "geometry": {
        "type": "Point",
        "coordinates": [
          103.1166156,
          13.27328769
        ]
      },
      "properties": {
        "HF_ID": "",
        "HF_CODE": "020108",
        "NAME_KH": "HC តាម៉ឺន",
        "NAME_EN": "HC Ta Meun ",
        "PRO_CODE": "02",
        "PRO_NAME_KH": "បាត់ដំបង",
        "PRO_NAME_EN": "Battambang",
        "DIS_CODE": "0202",
        "DIS_NAME_KH": "ថ្មគោល",
        "DIS_NAME_EN": "Thma Koul",
        "OD_CODE": "0201",
        "OD_NAME_KH": "ថ្មគោល",
        "OD_NAME_EN": "Thmar Koul",
        "COM_CODE": "020202",
        "COM_NAME_KH": "តាម៉ឺន",
        "COM__NAME_EN": "Ta Meun",
        "VIL_CODE": "02020209",
        "VIL_NAME_KH": "អង់ជើង",
        "VIL__NAME_EN": "Ang Cheung",
        "OWNERSHIP": "DPHI (GPS)",
        "ACRONYM": "HC",
        "HF_TYPE_EN": "Health Center",
        "HF_TYPE_KH": "មណ្ឌលសុខភាព",
        "HF_LEVEL": "",
        "HF_HEAD": "អាន ឆេង",
        "CONTACT_NO": "855 12774926",
        "CONTACT_EMAIL": "None",
        "START_DATE": "01/01/2006",
        "GOOGLE_MAP_LINK": "https://maps.app.goo.gl/T3PoyBe5YxeS94nN7",
        "STATUS": "Operational"
      }
    },
    {
      "type": "Feature",
      "geometry": {
        "type": "Point",
        "coordinates": [
          103.0614949,
          13.2703189
        ]
      },
      "properties": {
        "HF_ID": "",
        "HF_CODE": "020109",
        "NAME_KH": "HC គោកឃ្មុំ",
        "NAME_EN": "HC Kok Khmum ",
        "PRO_CODE": "02",
        "PRO_NAME_KH": "បាត់ដំបង",
        "PRO_NAME_EN": "Battambang",
        "DIS_CODE": "0202",
        "DIS_NAME_KH": "ថ្មគោល",
        "DIS_NAME_EN": "Thma Koul",
        "OD_CODE": "0201",
        "OD_NAME_KH": "ថ្មគោល",
        "OD_NAME_EN": "Thmar Koul",
        "COM_CODE": "020208",
        "COM_NAME_KH": "គោកឃ្មុំ",
        "COM__NAME_EN": "Kouk Khmum",
        "VIL_CODE": "02020805",
        "VIL_NAME_KH": "គោកឃ្មុំ",
        "VIL__NAME_EN": "Kouk Khmum",
        "OWNERSHIP": "DPHI (GPS)",
        "ACRONYM": "HC",
        "HF_TYPE_EN": "Health Center",
        "HF_TYPE_KH": "មណ្ឌលសុខភាព",
        "HF_LEVEL": "",
        "HF_HEAD": "តឹក គឹមសួ",
        "CONTACT_NO": "855 12711214",
        "CONTACT_EMAIL": "None",
        "START_DATE": "01/01/2006",
        "GOOGLE_MAP_LINK": "https://maps.app.goo.gl/giAKbGenGSnoHL2a8",
        "STATUS": "Operational"
      }
    },
    {
      "type": "Feature",
      "geometry": {
        "type": "Point",
        "coordinates": [
          102.8710729,
          13.26618642
        ]
      },
      "properties": {
        "HF_ID": "",
        "HF_CODE": "020111",
        "NAME_KH": "HC បវេល ២",
        "NAME_EN": "HC Bavel II ",
        "PRO_CODE": "02",
        "PRO_NAME_KH": "បាត់ដំបង",
        "PRO_NAME_EN": "Battambang",
        "DIS_CODE": "0204",
        "DIS_NAME_KH": "បវេល",
        "DIS_NAME_EN": "Bavel",
        "OD_CODE": "0201",
        "OD_NAME_KH": "ថ្មគោល",
        "OD_NAME_EN": "Thmar Koul",
        "COM_CODE": "020401",
        "COM_NAME_KH": "បវេល",
        "COM__NAME_EN": "Bavel",
        "VIL_CODE": "02040113",
        "VIL_NAME_KH": "ព្រៃទទឹង ១",
        "VIL__NAME_EN": "Prey Totueng Muoy",
        "OWNERSHIP": "DPHI (GPS)",
        "ACRONYM": "HC",
        "HF_TYPE_EN": "Health Center",
        "HF_TYPE_KH": "មណ្ឌលសុខភាព",
        "HF_LEVEL": "",
        "HF_HEAD": "ភោគ កនចេស្ដា",
        "CONTACT_NO": "855 92907464",
        "CONTACT_EMAIL": "None",
        "START_DATE": "01/01/2006",
        "GOOGLE_MAP_LINK": "https://maps.app.goo.gl/St2VAFJp7xCqFvcS7",
        "STATUS": "Operational"
      }
    },
    {
      "type": "Feature",
      "geometry": {
        "type": "Point",
        "coordinates": [
          102.8498462,
          13.20855461
        ]
      },
      "properties": {
        "HF_ID": "",
        "HF_CODE": "020112",
        "NAME_KH": "HC ក្តុលតាហែន",
        "NAME_EN": "HC Kdol Ta Hen ",
        "PRO_CODE": "02",
        "PRO_NAME_KH": "បាត់ដំបង",
        "PRO_NAME_EN": "Battambang",
        "DIS_CODE": "0204",
        "DIS_NAME_KH": "បវេល",
        "DIS_NAME_EN": "Bavel",
        "OD_CODE": "0201",
        "OD_NAME_KH": "ថ្មគោល",
        "OD_NAME_EN": "Thmar Koul",
        "COM_CODE": "020406",
        "COM_NAME_KH": "ក្ដុលតាហែន",
        "COM__NAME_EN": "Kdol Ta Haen",
        "VIL_CODE": "02040603",
        "VIL_NAME_KH": "សាន",
        "VIL__NAME_EN": "San",
        "OWNERSHIP": "DPHI (GPS)",
        "ACRONYM": "HC",
        "HF_TYPE_EN": "Health Center",
        "HF_TYPE_KH": "មណ្ឌលសុខភាព",
        "HF_LEVEL": "",
        "HF_HEAD": "លី យុន",
        "CONTACT_NO": "855 92248604",
        "CONTACT_EMAIL": "None",
        "START_DATE": "01/01/2006",
        "GOOGLE_MAP_LINK": "https://maps.app.goo.gl/84JX5uDdDTkCHxrN6",
        "STATUS": "Operational"
      }
    },
    {
      "type": "Feature",
      "geometry": {
        "type": "Point",
        "coordinates": [
          102.7707712,
          13.25888567
        ]
      },
      "properties": {
        "HF_ID": "",
        "HF_CODE": "020113",
        "NAME_KH": "HC អំពិលប្រាំដើម",
        "NAME_EN": "HC Ampil Pram Daeum ",
        "PRO_CODE": "02",
        "PRO_NAME_KH": "បាត់ដំបង",
        "PRO_NAME_EN": "Battambang",
        "DIS_CODE": "0204",
        "DIS_NAME_KH": "បវេល",
        "DIS_NAME_EN": "Bavel",
        "OD_CODE": "0201",
        "OD_NAME_KH": "ថ្មគោល",
        "OD_NAME_EN": "Thmar Koul",
        "COM_CODE": "020405",
        "COM_NAME_KH": "អំពិលប្រាំដើម",
        "COM__NAME_EN": "Ampil Pram Daeum",
        "VIL_CODE": "02040507",
        "VIL_NAME_KH": "ដូង",
        "VIL__NAME_EN": "Doung",
        "OWNERSHIP": "DPHI (GPS)",
        "ACRONYM": "HC",
        "HF_TYPE_EN": "Health Center",
        "HF_TYPE_KH": "មណ្ឌលសុខភាព",
        "HF_LEVEL": "",
        "HF_HEAD": "យ៉ាវ គី",
        "CONTACT_NO": "855 77845 558",
        "CONTACT_EMAIL": "None",
        "START_DATE": "25/10/2006",
        "GOOGLE_MAP_LINK": "https://maps.app.goo.gl/pB2rQNFmsvgtQYtcA",
        "STATUS": "Operational"
      }
    },
    {
      "type": "Feature",
      "geometry": {
        "type": "Point",
        "coordinates": [
          102.8999294,
          13.3333189
        ]
      },
      "properties": {
        "HF_ID": "",
        "HF_CODE": "020114",
        "NAME_KH": "HC ព្រៃខ្ពស់",
        "NAME_EN": "HC Prey Khpos ",
        "PRO_CODE": "02",
        "PRO_NAME_KH": "បាត់ដំបង",
        "PRO_NAME_EN": "Battambang",
        "DIS_CODE": "0204",
        "DIS_NAME_KH": "បវេល",
        "DIS_NAME_EN": "Bavel",
        "OD_CODE": "0201",
        "OD_NAME_KH": "ថ្មគោល",
        "OD_NAME_EN": "Thmar Koul",
        "COM_CODE": "020404",
        "COM_NAME_KH": "ព្រៃខ្ពស់",
        "COM__NAME_EN": "Prey Khpos",
        "VIL_CODE": "02040402",
        "VIL_NAME_KH": "ពោធិ៍",
        "VIL__NAME_EN": "Pou",
        "OWNERSHIP": "DPHI (GPS)",
        "ACRONYM": "HC",
        "HF_TYPE_EN": "Health Center",
        "HF_TYPE_KH": "មណ្ឌលសុខភាព",
        "HF_LEVEL": "",
        "HF_HEAD": "ប៉ិល មួន",
        "CONTACT_NO": "855 12668643",
        "CONTACT_EMAIL": "None",
        "START_DATE": "01/01/2006",
        "GOOGLE_MAP_LINK": "https://maps.app.goo.gl/AQQPFNFYsDXFR9EF8",
        "STATUS": "Operational"
      }
    },
    {
      "type": "Feature",
      "geometry": {
        "type": "Point",
        "coordinates": [
          102.9092067,
          13.35256373
        ]
      },
      "properties": {
        "HF_ID": "",
        "HF_CODE": "020115",
        "NAME_KH": "HC ល្វា",
        "NAME_EN": "HC Lvea ",
        "PRO_CODE": "02",
        "PRO_NAME_KH": "បាត់ដំបង",
        "PRO_NAME_EN": "Battambang",
        "DIS_CODE": "0204",
        "DIS_NAME_KH": "បវេល",
        "DIS_NAME_EN": "Bavel",
        "OD_CODE": "0201",
        "OD_NAME_KH": "ថ្មគោល",
        "OD_NAME_EN": "Thmar Koul",
        "COM_CODE": "020403",
        "COM_NAME_KH": "ល្វា",
        "COM__NAME_EN": "Lvea",
        "VIL_CODE": "02040301",
        "VIL_NAME_KH": "ល្វា",
        "VIL__NAME_EN": "Lvea",
        "OWNERSHIP": "DPHI (GPS)",
        "ACRONYM": "HC",
        "HF_TYPE_EN": "Health Center",
        "HF_TYPE_KH": "មណ្ឌលសុខភាព",
        "HF_LEVEL": "",
        "HF_HEAD": "ក្រូច ចាន់ណា",
        "CONTACT_NO": "855 12562177",
        "CONTACT_EMAIL": "None",
        "START_DATE": "01/01/2006",
        "GOOGLE_MAP_LINK": "https://maps.app.goo.gl/L79Gkda7NPDq5MX97",
        "STATUS": "Operational"
      }
    },
    {
      "type": "Feature",
      "geometry": {
        "type": "Point",
        "coordinates": [
          102.9509858,
          13.26249126
        ]
      },
      "properties": {
        "HF_ID": "",
        "HF_CODE": "020116",
        "NAME_KH": "HC ខ្នាចរមាស",
        "NAME_EN": "HC Khnach Romeas ",
        "PRO_CODE": "02",
        "PRO_NAME_KH": "បាត់ដំបង",
        "PRO_NAME_EN": "Battambang",
        "DIS_CODE": "0204",
        "DIS_NAME_KH": "បវេល",
        "DIS_NAME_EN": "Bavel",
        "OD_CODE": "0201",
        "OD_NAME_KH": "ថ្មគោល",
        "OD_NAME_EN": "Thmar Koul",
        "COM_CODE": "020402",
        "COM_NAME_KH": "ខ្នាចរមាស",
        "COM__NAME_EN": "Khnach Romeas",
        "VIL_CODE": "02040206",
        "VIL_NAME_KH": "ខ្នាចរមាស",
        "VIL__NAME_EN": "Khnach Romeas",
        "OWNERSHIP": "DPHI (GPS)",
        "ACRONYM": "HC",
        "HF_TYPE_EN": "Health Center",
        "HF_TYPE_KH": "មណ្ឌលសុខភាព",
        "HF_LEVEL": "",
        "HF_HEAD": "គង់ គឹមហូរ",
        "CONTACT_NO": "855 12927496",
        "CONTACT_EMAIL": "None",
        "START_DATE": "01/01/2006",
        "GOOGLE_MAP_LINK": "https://maps.app.goo.gl/wv4GrpaCxnuaGDbc6",
        "STATUS": "Operational"
      }
    },
    {
      "type": "Feature",
      "geometry": {
        "type": "Point",
        "coordinates": [
          102.8244996,
          13.14694321
        ]
      },
      "properties": {
        "HF_ID": "",
        "HF_CODE": "020117",
        "NAME_KH": "HC ឃ្លាំងមាស",
        "NAME_EN": "HC Khleang Meas ",
        "PRO_CODE": "02",
        "PRO_NAME_KH": "បាត់ដំបង",
        "PRO_NAME_EN": "Battambang",
        "DIS_CODE": "0204",
        "DIS_NAME_KH": "បវេល",
        "DIS_NAME_EN": "Bavel",
        "OD_CODE": "0201",
        "OD_NAME_KH": "ថ្មគោល",
        "OD_NAME_EN": "Thmar Koul",
        "COM_CODE": "020407",
        "COM_NAME_KH": "ឃ្លាំងមាស",
        "COM__NAME_EN": "Khlaeng Meas",
        "VIL_CODE": "02040703",
        "VIL_NAME_KH": "អូរដូនពៅ",
        "VIL__NAME_EN": "Ou Doun Pov",
        "OWNERSHIP": "DPHI (GPS)",
        "ACRONYM": "HC",
        "HF_TYPE_EN": "Health Center",
        "HF_TYPE_KH": "មណ្ឌលសុខភាព",
        "HF_LEVEL": "",
        "HF_HEAD": "លួន គឹមនន",
        "CONTACT_NO": "855 89946163",
        "CONTACT_EMAIL": "None",
        "START_DATE": "01/01/2006",
        "GOOGLE_MAP_LINK": "https://maps.app.goo.gl/HaCeeTH1HY9bL3XG6?g_st=it",
        "STATUS": "Operational"
      }
    },
    {
      "type": "Feature",
      "geometry": {
        "type": "Point",
        "coordinates": [
          103.0826993,
          13.33342473
        ]
      },
      "properties": {
        "HF_ID": "",
        "HF_CODE": "020118",
        "NAME_KH": "HC ជ្រោយស្តៅ",
        "NAME_EN": "HC Chrouy Sdau ",
        "PRO_CODE": "02",
        "PRO_NAME_KH": "បាត់ដំបង",
        "PRO_NAME_EN": "Battambang",
        "DIS_CODE": "0202",
        "DIS_NAME_KH": "ថ្មគោល",
        "DIS_NAME_EN": "Thma Koul",
        "OD_CODE": "0201",
        "OD_NAME_KH": "ថ្មគោល",
        "OD_NAME_EN": "Thmar Koul",
        "COM_CODE": "020206",
        "COM_NAME_KH": "ជ្រោយស្ដៅ",
        "COM__NAME_EN": "Chrouy Sdau",
        "VIL_CODE": "02020602",
        "VIL_NAME_KH": "និគមក្រៅ",
        "VIL__NAME_EN": "Nikom Krau",
        "OWNERSHIP": "DPHI (GPS)",
        "ACRONYM": "HC",
        "HF_TYPE_EN": "Health Center",
        "HF_TYPE_KH": "មណ្ឌលសុខភាព",
        "HF_LEVEL": "",
        "HF_HEAD": "អ៊ឹត វុធ",
        "CONTACT_NO": "855 77608787",
        "CONTACT_EMAIL": "None",
        "START_DATE": "01/01/2006",
        "GOOGLE_MAP_LINK": "https://maps.app.goo.gl/Vs5xaPFUW61xQm1R7",
        "STATUS": "Operational"
      }
    },
    {
      "type": "Feature",
      "geometry": {
        "type": "Point",
        "coordinates": [
          102.8692852,
          13.25066023
        ]
      },
      "properties": {
        "HF_ID": "",
        "HF_CODE": "020119",
        "NAME_KH": "RH មន្ទីរពេទ្យបង្អែកបវេល",
        "NAME_EN": "RH Bavel I ",
        "PRO_CODE": "02",
        "PRO_NAME_KH": "បាត់ដំបង",
        "PRO_NAME_EN": "Battambang",
        "DIS_CODE": "0204",
        "DIS_NAME_KH": "បវេល",
        "DIS_NAME_EN": "Bavel",
        "OD_CODE": "0201",
        "OD_NAME_KH": "ថ្មគោល",
        "OD_NAME_EN": "Thmar Koul",
        "COM_CODE": "020401",
        "COM_NAME_KH": "បវេល",
        "COM__NAME_EN": "Bavel",
        "VIL_CODE": "02040108",
        "VIL_NAME_KH": "ស្ទឹងដាច់",
        "VIL__NAME_EN": "Stueng Dach",
        "OWNERSHIP": "DPHI (GPS)",
        "ACRONYM": "RH",
        "HF_TYPE_EN": "Referral Hospital",
        "HF_TYPE_KH": "មន្ទីរពេទ្យបង្អែកស្រុក",
        "HF_LEVEL": "",
        "HF_HEAD": "តិ លាងហួរ",
        "CONTACT_NO": "855 92910857",
        "CONTACT_EMAIL": "None",
        "START_DATE": "01/01/2020",
        "GOOGLE_MAP_LINK": "https://maps.app.goo.gl/g7TKUTTrMSRyykii9",
        "STATUS": "Operational"
      }
    },
    {
      "type": "Feature",
      "geometry": {
        "type": "Point",
        "coordinates": [
          102.7266126,
          13.34642787
        ]
      },
      "properties": {
        "HF_ID": "",
        "HF_CODE": "020120",
        "NAME_KH": "HC បឺងប្រាំ",
        "NAME_EN": "HC Boeng Pram ",
        "PRO_CODE": "02",
        "PRO_NAME_KH": "បាត់ដំបង",
        "PRO_NAME_EN": "Battambang",
        "DIS_CODE": "0204",
        "DIS_NAME_KH": "បវេល",
        "DIS_NAME_EN": "Bavel",
        "OD_CODE": "0201",
        "OD_NAME_KH": "ថ្មគោល",
        "OD_NAME_EN": "Thmar Koul",
        "COM_CODE": "020408",
        "COM_NAME_KH": "បឹងប្រាំ",
        "COM__NAME_EN": "Boeung Pram",
        "VIL_CODE": "02040803",
        "VIL_NAME_KH": "សំណាងព្រះស្រី",
        "VIL__NAME_EN": "Samnang Pras Srey",
        "OWNERSHIP": "DPHI (GPS)",
        "ACRONYM": "HC",
        "HF_TYPE_EN": "Health Center",
        "HF_TYPE_KH": "មណ្ឌលសុខភាព",
        "HF_LEVEL": "",
        "HF_HEAD": "ឃួន ចំណាន",
        "CONTACT_NO": "855 89946163",
        "CONTACT_EMAIL": "None",
        "START_DATE": "01/01/2016",
        "GOOGLE_MAP_LINK": "https://goo.gl/maps/ZVNFf7KDUNqYjxqV6",
        "STATUS": "Operational"
      }
    },
    {
      "type": "Feature",
      "geometry": {
        "type": "Point",
        "coordinates": [
          103.4491858,
          12.77351002
        ]
      },
      "properties": {
        "HF_ID": "",
        "HF_CODE": "020201",
        "NAME_KH": "RH មន្ទីរពេទ្យបង្អែកមោងឫស្សី",
        "NAME_EN": "RH Maung Russei ",
        "PRO_CODE": "02",
        "PRO_NAME_KH": "បាត់ដំបង",
        "PRO_NAME_EN": "Battambang",
        "DIS_CODE": "0206",
        "DIS_NAME_KH": "មោងឫស្សី",
        "DIS_NAME_EN": "Moung Ruessei",
        "OD_CODE": "0202",
        "OD_NAME_KH": "មោងឫស្សី",
        "OD_NAME_EN": "Maung Russei",
        "COM_CODE": "020601",
        "COM_NAME_KH": "មោង",
        "COM__NAME_EN": "Moung",
        "VIL_CODE": "02060110",
        "VIL_NAME_KH": "មោង",
        "VIL__NAME_EN": "Moung",
        "OWNERSHIP": "DPHI (GPS)",
        "ACRONYM": "RH",
        "HF_TYPE_EN": "Referral Hospital",
        "HF_TYPE_KH": "មន្ទីរពេទ្យបង្អែកស្រុក",
        "HF_LEVEL": "",
        "HF_HEAD": "សូ សុខ",
        "CONTACT_NO": "855 12944010",
        "CONTACT_EMAIL": "None",
        "START_DATE": "01/01/2006",
        "GOOGLE_MAP_LINK": "https://goo.gl/maps/tg2SXr8FVZuDEA129",
        "STATUS": "Operational"
      }
    },
    {
      "type": "Feature",
      "geometry": {
        "type": "Point",
        "coordinates": [
          103.499834,
          12.72456896
        ]
      },
      "properties": {
        "HF_ID": "",
        "HF_CODE": "020202",
        "NAME_KH": "HC ព្រៃស្វាយ",
        "NAME_EN": "HC Prey Svay ",
        "PRO_CODE": "02",
        "PRO_NAME_KH": "បាត់ដំបង",
        "PRO_NAME_EN": "Battambang",
        "DIS_CODE": "0206",
        "DIS_NAME_KH": "មោងឫស្សី",
        "DIS_NAME_EN": "Moung Ruessei",
        "OD_CODE": "0202",
        "OD_NAME_KH": "មោងឫស្សី",
        "OD_NAME_EN": "Maung Russei",
        "COM_CODE": "020603",
        "COM_NAME_KH": "ព្រៃស្វាយ",
        "COM__NAME_EN": "Prey Svay",
        "VIL_CODE": "02060308",
        "VIL_NAME_KH": "ព្រៃស្វាយ",
        "VIL__NAME_EN": "Prey Svay",
        "OWNERSHIP": "DPHI (GPS)",
        "ACRONYM": "HC",
        "HF_TYPE_EN": "Health Center",
        "HF_TYPE_KH": "មណ្ឌលសុខភាព",
        "HF_LEVEL": "",
        "HF_HEAD": "ម៉ាត់ លី",
        "CONTACT_NO": "855 92275 408",
        "CONTACT_EMAIL": "None",
        "START_DATE": "08/01/2006",
        "GOOGLE_MAP_LINK": "https://maps.app.goo.gl/JdF8mCYgBf6S2bev8",
        "STATUS": "Operational"
      }
    },
    {
      "type": "Feature",
      "geometry": {
        "type": "Point",
        "coordinates": [
          103.6057178,
          12.70046784
        ]
      },
      "properties": {
        "HF_ID": "",
        "HF_CODE": "020203",
        "NAME_KH": "HC ឬស្សីក្រាំង",
        "NAME_EN": "HC Russey Kraing ",
        "PRO_CODE": "02",
        "PRO_NAME_KH": "បាត់ដំបង",
        "PRO_NAME_EN": "Battambang",
        "DIS_CODE": "0206",
        "DIS_NAME_KH": "មោងឫស្សី",
        "DIS_NAME_EN": "Moung Ruessei",
        "OD_CODE": "0202",
        "OD_NAME_KH": "មោងឫស្សី",
        "OD_NAME_EN": "Maung Russei",
        "COM_CODE": "020604",
        "COM_NAME_KH": "ឫស្សីក្រាំង",
        "COM__NAME_EN": "Ruessei Krang",
        "VIL_CODE": "02060410",
        "VIL_NAME_KH": "ថ្នល់បត់",
        "VIL__NAME_EN": "Thnal Bat",
        "OWNERSHIP": "DPHI (GPS)",
        "ACRONYM": "HC",
        "HF_TYPE_EN": "Health Center",
        "HF_TYPE_KH": "មណ្ឌលសុខភាព",
        "HF_LEVEL": "",
        "HF_HEAD": "កប សាត",
        "CONTACT_NO": "855 12370439/855 977475 163",
        "CONTACT_EMAIL": "None",
        "START_DATE": "08/01/2006",
        "GOOGLE_MAP_LINK": "https://maps.app.goo.gl/afw6smVXv1D9fAwMA",
        "STATUS": "Operational"
      }
    },
    {
      "type": "Feature",
      "geometry": {
        "type": "Point",
        "coordinates": [
          103.4732928,
          12.78055175
        ]
      },
      "properties": {
        "HF_ID": "",
        "HF_CODE": "020204",
        "NAME_KH": "HC ជ្រៃ",
        "NAME_EN": "HC Chrey ",
        "PRO_CODE": "02",
        "PRO_NAME_KH": "បាត់ដំបង",
        "PRO_NAME_EN": "Battambang",
        "DIS_CODE": "0206",
        "DIS_NAME_KH": "មោងឫស្សី",
        "DIS_NAME_EN": "Moung Ruessei",
        "OD_CODE": "0202",
        "OD_NAME_KH": "មោងឫស្សី",
        "OD_NAME_EN": "Maung Russei",
        "COM_CODE": "020605",
        "COM_NAME_KH": "ជ្រៃ",
        "COM__NAME_EN": "Chrey",
        "VIL_CODE": "02060506",
        "VIL_NAME_KH": "ជ្រៃ ២",
        "VIL__NAME_EN": "Chrey Pir",
        "OWNERSHIP": "DPHI (GPS)",
        "ACRONYM": "HC",
        "HF_TYPE_EN": "Health Center",
        "HF_TYPE_KH": "មណ្ឌលសុខភាព",
        "HF_LEVEL": "",
        "HF_HEAD": "រស់ ចន្ធូ",
        "CONTACT_NO": "855 12637300/855 977475 165",
        "CONTACT_EMAIL": "None",
        "START_DATE": "08/01/2006",
        "GOOGLE_MAP_LINK": "https://goo.gl/maps/Ws4rHZjgFSQMke4E6",
        "STATUS": "Operational"
      }
    },
    {
      "type": "Feature",
      "geometry": {
        "type": "Point",
        "coordinates": [
          103.4602791,
          12.80727531
        ]
      },
      "properties": {
        "HF_ID": "",
        "HF_CODE": "020205",
        "NAME_KH": "HC តាលាស់",
        "NAME_EN": "HC Ta Loas ",
        "PRO_CODE": "02",
        "PRO_NAME_KH": "បាត់ដំបង",
        "PRO_NAME_EN": "Battambang",
        "DIS_CODE": "0206",
        "DIS_NAME_KH": "មោងឫស្សី",
        "DIS_NAME_EN": "Moung Ruessei",
        "OD_CODE": "0202",
        "OD_NAME_KH": "មោងឫស្សី",
        "OD_NAME_EN": "Maung Russei",
        "COM_CODE": "020606",
        "COM_NAME_KH": "តាលាស់",
        "COM__NAME_EN": "Ta Loas",
        "VIL_CODE": "02060606",
        "VIL_NAME_KH": "វត្ដចាស់",
        "VIL__NAME_EN": "Voat Chas",
        "OWNERSHIP": "DPHI (GPS)",
        "ACRONYM": "HC",
        "HF_TYPE_EN": "Health Center",
        "HF_TYPE_KH": "មណ្ឌលសុខភាព",
        "HF_LEVEL": "",
        "HF_HEAD": "ម៉ម សត្ថា",
        "CONTACT_NO": "855 12484030/855 977475 167",
        "CONTACT_EMAIL": "None",
        "START_DATE": "08/01/2006",
        "GOOGLE_MAP_LINK": "https://maps.app.goo.gl/18sokFj68EHdjbJP6",
        "STATUS": "Operational"
      }
    },
    {
      "type": "Feature",
      "geometry": {
        "type": "Point",
        "coordinates": [
          103.3961751,
          12.84602439
        ]
      },
      "properties": {
        "HF_ID": "",
        "HF_CODE": "020206",
        "NAME_KH": "HC កកោះ",
        "NAME_EN": "HC KaKoh ",
        "PRO_CODE": "02",
        "PRO_NAME_KH": "បាត់ដំបង",
        "PRO_NAME_EN": "Battambang",
        "DIS_CODE": "0206",
        "DIS_NAME_KH": "មោងឫស្សី",
        "DIS_NAME_EN": "Moung Ruessei",
        "OD_CODE": "0202",
        "OD_NAME_KH": "មោងឫស្សី",
        "OD_NAME_EN": "Maung Russei",
        "COM_CODE": "020607",
        "COM_NAME_KH": "កកោះ",
        "COM__NAME_EN": "Kakaoh",
        "VIL_CODE": "02060705",
        "VIL_NAME_KH": "កកោះ",
        "VIL__NAME_EN": "Kakaoh",
        "OWNERSHIP": "DPHI (GPS)",
        "ACRONYM": "HC",
        "HF_TYPE_EN": "Health Center",
        "HF_TYPE_KH": "មណ្ឌលសុខភាព",
        "HF_LEVEL": "",
        "HF_HEAD": "វ៉ាន់ គឹមអ៊ន",
        "CONTACT_NO": "855 12332417",
        "CONTACT_EMAIL": "None",
        "START_DATE": "08/01/2006",
        "GOOGLE_MAP_LINK": "https://maps.app.goo.gl/R1scA8iPpgE1wntr5",
        "STATUS": "Operational"
      }
    },
    {
      "type": "Feature",
      "geometry": {
        "type": "Point",
        "coordinates": [
          103.2701244,
          12.85943497
        ]
      },
      "properties": {
        "HF_ID": "",
        "HF_CODE": "020207",
        "NAME_KH": "HC ធិបតី",
        "NAME_EN": "HC Thipdei ",
        "PRO_CODE": "02",
        "PRO_NAME_KH": "បាត់ដំបង",
        "PRO_NAME_EN": "Battambang",
        "DIS_CODE": "0213",
        "DIS_NAME_KH": "គាស់ក្រឡ",
        "DIS_NAME_EN": "Koas Krala",
        "OD_CODE": "0202",
        "OD_NAME_KH": "មោងឫស្សី",
        "OD_NAME_EN": "Maung Russei",
        "COM_CODE": "021301",
        "COM_NAME_KH": "ធិបតី",
        "COM__NAME_EN": "Thipakdei",
        "VIL_CODE": "02130103",
        "VIL_NAME_KH": "ឆាយបល្ល័ង្គ",
        "VIL__NAME_EN": "Chhay Ballangk",
        "OWNERSHIP": "DPHI (GPS)",
        "ACRONYM": "HC",
        "HF_TYPE_EN": "Health Center",
        "HF_TYPE_KH": "មណ្ឌលសុខភាព",
        "HF_LEVEL": "",
        "HF_HEAD": "នី សាម៉ន",
        "CONTACT_NO": "855 92751497/855 975455 757",
        "CONTACT_EMAIL": "None",
        "START_DATE": "08/01/2006",
        "GOOGLE_MAP_LINK": "https://goo.gl/maps/2S4Z78CkanZYwFPA8",
        "STATUS": "Operational"
      }
    },
    {
      "type": "Feature",
      "geometry": {
        "type": "Point",
        "coordinates": [
          103.4375093,
          12.74482738
        ]
      },
      "properties": {
        "HF_ID": "",
        "HF_CODE": "020208",
        "NAME_KH": "HC របស់មង្គល",
        "NAME_EN": "HC Robas Mongkol ",
        "PRO_CODE": "02",
        "PRO_NAME_KH": "បាត់ដំបង",
        "PRO_NAME_EN": "Battambang",
        "DIS_CODE": "0206",
        "DIS_NAME_KH": "មោងឫស្សី",
        "DIS_NAME_EN": "Moung Ruessei",
        "OD_CODE": "0202",
        "OD_NAME_KH": "មោងឫស្សី",
        "OD_NAME_EN": "Maung Russei",
        "COM_CODE": "020609",
        "COM_NAME_KH": "របស់មង្គល",
        "COM__NAME_EN": "Robas Mongkol",
        "VIL_CODE": "02060905",
        "VIL_NAME_KH": "កូនក្អែក ២",
        "VIL__NAME_EN": "Koun K'aek Pir",
        "OWNERSHIP": "DPHI (GPS)",
        "ACRONYM": "HC",
        "HF_TYPE_EN": "Health Center",
        "HF_TYPE_KH": "មណ្ឌលសុខភាព",
        "HF_LEVEL": "",
        "HF_HEAD": "អោ សំអាង",
        "CONTACT_NO": "855 12246687",
        "CONTACT_EMAIL": "None",
        "START_DATE": "09/01/2006",
        "GOOGLE_MAP_LINK": "https://maps.app.goo.gl/DUgFyF8a2wpaG9Fp9?g_st=atm",
        "STATUS": "Operational"
      }
    },
    {
      "type": "Feature",
      "geometry": {
        "type": "Point",
        "coordinates": [
          103.4492842,
          12.77314777
        ]
      },
      "properties": {
        "HF_ID": "",
        "HF_CODE": "020209",
        "NAME_KH": "HC មោង",
        "NAME_EN": "HC Maung ",
        "PRO_CODE": "02",
        "PRO_NAME_KH": "បាត់ដំបង",
        "PRO_NAME_EN": "Battambang",
        "DIS_CODE": "0206",
        "DIS_NAME_KH": "មោងឫស្សី",
        "DIS_NAME_EN": "Moung Ruessei",
        "OD_CODE": "0202",
        "OD_NAME_KH": "មោងឫស្សី",
        "OD_NAME_EN": "Maung Russei",
        "COM_CODE": "020601",
        "COM_NAME_KH": "មោង",
        "COM__NAME_EN": "Moung",
        "VIL_CODE": "02060110",
        "VIL_NAME_KH": "មោង",
        "VIL__NAME_EN": "Moung",
        "OWNERSHIP": "DPHI (GPS)",
        "ACRONYM": "HC",
        "HF_TYPE_EN": "Health Center",
        "HF_TYPE_KH": "មណ្ឌលសុខភាព",
        "HF_LEVEL": "",
        "HF_HEAD": "តាត ចន្ទ័វត្តី",
        "CONTACT_NO": "855 12983728",
        "CONTACT_EMAIL": "None",
        "START_DATE": "08/01/2006",
        "GOOGLE_MAP_LINK": "https://maps.app.goo.gl/edtE5PtHZJpBecFD9?g_st=it",
        "STATUS": "Operational"
      }
    },
    {
      "type": "Feature",
      "geometry": {
        "type": "Point",
        "coordinates": [
          103.4611689,
          12.70832476
        ]
      },
      "properties": {
        "HF_ID": "",
        "HF_CODE": "020210",
        "NAME_KH": "HC គារ",
        "NAME_EN": "HC Kear ",
        "PRO_CODE": "02",
        "PRO_NAME_KH": "បាត់ដំបង",
        "PRO_NAME_EN": "Battambang",
        "DIS_CODE": "0206",
        "DIS_NAME_KH": "មោងឫស្សី",
        "DIS_NAME_EN": "Moung Ruessei",
        "OD_CODE": "0202",
        "OD_NAME_KH": "មោងឫស្សី",
        "OD_NAME_EN": "Maung Russei",
        "COM_CODE": "020602",
        "COM_NAME_KH": "គារ",
        "COM__NAME_EN": "Kear",
        "VIL_CODE": "02060211",
        "VIL_NAME_KH": "តាណាក",
        "VIL__NAME_EN": "Ta Nak",
        "OWNERSHIP": "DPHI (GPS)",
        "ACRONYM": "HC",
        "HF_TYPE_EN": "Health Center",
        "HF_TYPE_KH": "មណ្ឌលសុខភាព",
        "HF_LEVEL": "",
        "HF_HEAD": "សូរ សុទ្ធី",
        "CONTACT_NO": "855 12938494/855 977475 174",
        "CONTACT_EMAIL": "None",
        "START_DATE": "08/01/2006",
        "GOOGLE_MAP_LINK": "https://maps.app.goo.gl/HuZJz2JW6miB5bEi8?g_st=atm",
        "STATUS": "Operational"
      }
    },
    {
      "type": "Feature",
      "geometry": {
        "type": "Point",
        "coordinates": [
          103.3707301,
          12.89724832
        ]
      },
      "properties": {
        "HF_ID": "",
        "HF_CODE": "020211",
        "NAME_KH": "HC ព្រៃតូច",
        "NAME_EN": "HC Prey Tauch ",
        "PRO_CODE": "02",
        "PRO_NAME_KH": "បាត់ដំបង",
        "PRO_NAME_EN": "Battambang",
        "DIS_CODE": "0206",
        "DIS_NAME_KH": "មោងឫស្សី",
        "DIS_NAME_EN": "Moung Ruessei",
        "OD_CODE": "0202",
        "OD_NAME_KH": "មោងឫស្សី",
        "OD_NAME_EN": "Maung Russei",
        "COM_CODE": "020608",
        "COM_NAME_KH": "ព្រៃតូច",
        "COM__NAME_EN": "Prey Touch",
        "VIL_CODE": "02060804",
        "VIL_NAME_KH": "ព្រៃតូច",
        "VIL__NAME_EN": "Prey Touch",
        "OWNERSHIP": "DPHI (GPS)",
        "ACRONYM": "HC",
        "HF_TYPE_EN": "Health Center",
        "HF_TYPE_KH": "មណ្ឌលសុខភាព",
        "HF_LEVEL": "",
        "HF_HEAD": "ឃុន ង៉ា",
        "CONTACT_NO": "855 92961796",
        "CONTACT_EMAIL": "None",
        "START_DATE": "08/01/2006",
        "GOOGLE_MAP_LINK": "https://maps.app.goo.gl/6ef3EmnNXenc5fBK6?g_st=it",
        "STATUS": "Operational"
      }
    },
    {
      "type": "Feature",
      "geometry": {
        "type": "Point",
        "coordinates": [
          103.529224,
          12.53884554
        ]
      },
      "properties": {
        "HF_ID": "",
        "HF_CODE": "020212",
        "NAME_KH": "HC ព្រៃត្រឡាច",
        "NAME_EN": "HC Prey Tralach ",
        "PRO_CODE": "02",
        "PRO_NAME_KH": "បាត់ដំបង",
        "PRO_NAME_EN": "Battambang",
        "DIS_CODE": "0214",
        "DIS_NAME_KH": "រុក្ខគិរី",
        "DIS_NAME_EN": "Rukh Kiri",
        "OD_CODE": "0202",
        "OD_NAME_KH": "មោងឫស្សី",
        "OD_NAME_EN": "Maung Russei",
        "COM_CODE": "021404",
        "COM_NAME_KH": "ស្តុកប្រវឹក",
        "COM__NAME_EN": "Sdok Pravoek",
        "VIL_CODE": "02140401",
        "VIL_NAME_KH": "ស្ដុកប្រវឹក",
        "VIL__NAME_EN": "Sdok Pravuek",
        "OWNERSHIP": "DPHI (GPS)",
        "ACRONYM": "HC",
        "HF_TYPE_EN": "Health Center",
        "HF_TYPE_KH": "មណ្ឌលសុខភាព",
        "HF_LEVEL": "",
        "HF_HEAD": "សូត្រ ម៉ាប់",
        "CONTACT_NO": "855 92503326/855 972566250",
        "CONTACT_EMAIL": "None",
        "START_DATE": "08/01/2006",
        "GOOGLE_MAP_LINK": "https://maps.app.goo.gl/nPQGi1LJME3q14RY8",
        "STATUS": "Operational"
      }
    },
    {
      "type": "Feature",
      "geometry": {
        "type": "Point",
        "coordinates": [
          103.3927897,
          12.64265563
        ]
      },
      "properties": {
        "HF_ID": "",
        "HF_CODE": "020213",
        "NAME_KH": "HC ព្រែកជីក",
        "NAME_EN": "HC Prek Chik ",
        "PRO_CODE": "02",
        "PRO_NAME_KH": "បាត់ដំបង",
        "PRO_NAME_EN": "Battambang",
        "DIS_CODE": "0214",
        "DIS_NAME_KH": "រុក្ខគិរី",
        "DIS_NAME_EN": "Rukh Kiri",
        "OD_CODE": "0202",
        "OD_NAME_KH": "មោងឫស្សី",
        "OD_NAME_EN": "Maung Russei",
        "COM_CODE": "021401",
        "COM_NAME_KH": "ព្រែកជីក",
        "COM__NAME_EN": "Preaek Chik",
        "VIL_CODE": "02140104",
        "VIL_NAME_KH": "ព្រែកតាវេន",
        "VIL__NAME_EN": "Preaek Ta Ven",
        "OWNERSHIP": "DPHI (GPS)",
        "ACRONYM": "HC",
        "HF_TYPE_EN": "Health Center",
        "HF_TYPE_KH": "មណ្ឌលសុខភាព",
        "HF_LEVEL": "",
        "HF_HEAD": "ស៊ុន សារឿន",
        "CONTACT_NO": "855 89521971/855 889464841",
        "CONTACT_EMAIL": "None",
        "START_DATE": "08/01/2006",
        "GOOGLE_MAP_LINK": "https://maps.app.goo.gl/dF6as8nHXUxYeoWR7",
        "STATUS": "Operational"
      }
    },
    {
      "type": "Feature",
      "geometry": {
        "type": "Point",
        "coordinates": [
          103.2620072,
          12.75926255
        ]
      },
      "properties": {
        "HF_ID": "",
        "HF_CODE": "020214",
        "NAME_KH": "HC គាស់ក្រឡ",
        "NAME_EN": "HC Kaos Kralor ",
        "PRO_CODE": "02",
        "PRO_NAME_KH": "បាត់ដំបង",
        "PRO_NAME_EN": "Battambang",
        "DIS_CODE": "0213",
        "DIS_NAME_KH": "គាស់ក្រឡ",
        "DIS_NAME_EN": "Koas Krala",
        "OD_CODE": "0202",
        "OD_NAME_KH": "មោងឫស្សី",
        "OD_NAME_EN": "Maung Russei",
        "COM_CODE": "021302",
        "COM_NAME_KH": "គាស់ក្រឡ",
        "COM__NAME_EN": "Kaos Krala",
        "VIL_CODE": "02130207",
        "VIL_NAME_KH": "ព្រៃពពេល",
        "VIL__NAME_EN": "Prey Popeael",
        "OWNERSHIP": "DPHI (GPS)",
        "ACRONYM": "HC",
        "HF_TYPE_EN": "Health Center",
        "HF_TYPE_KH": "មណ្ឌលសុខភាព",
        "HF_LEVEL": "",
        "HF_HEAD": "អឿន ស្រីចោម",
        "CONTACT_NO": "855 12512504/855 888512504",
        "CONTACT_EMAIL": "None",
        "START_DATE": "08/01/2006",
        "GOOGLE_MAP_LINK": "https://maps.app.goo.gl/JuqzpVgS1S8JBfta7",
        "STATUS": "Operational"
      }
    },
    {
      "type": "Feature",
      "geometry": {
        "type": "Point",
        "coordinates": [
          103.3286075,
          12.5684991
        ]
      },
      "properties": {
        "HF_ID": "",
        "HF_CODE": "020215",
        "NAME_KH": "HC បាសាក់",
        "NAME_EN": "HC Basak ",
        "PRO_CODE": "02",
        "PRO_NAME_KH": "បាត់ដំបង",
        "PRO_NAME_EN": "Battambang",
        "DIS_CODE": "0214",
        "DIS_NAME_KH": "រុក្ខគិរី",
        "DIS_NAME_EN": "Rukh Kiri",
        "OD_CODE": "0203",
        "OD_NAME_KH": "មោងឫស្សី",
        "OD_NAME_EN": "Maung Russei",
        "COM_CODE": "021405",
        "COM_NAME_KH": "បាសាក់",
        "COM__NAME_EN": "Basak",
        "VIL_CODE": "02140502",
        "VIL_NAME_KH": "បាសាក់",
        "VIL__NAME_EN": "Basak",
        "OWNERSHIP": "DPHI (GPS)",
        "ACRONYM": "HC",
        "HF_TYPE_EN": "Health Center",
        "HF_TYPE_KH": "មណ្ឌលសុខភាព",
        "HF_LEVEL": "",
        "HF_HEAD": "Unknown",
        "CONTACT_NO": "NA",
        "CONTACT_EMAIL": "NA",
        "START_DATE": "01/01/2020",
        "GOOGLE_MAP_LINK": "https://maps.app.goo.gl/nFPzMCso9xLdRcwKA",
        "STATUS": "Operational"
      }
    },
    {
      "type": "Feature",
      "geometry": {
        "type": "Point",
        "coordinates": [
          102.3774095,
          13.42978922
        ]
      },
      "properties": {
        "HF_ID": "",
        "HF_CODE": "020301",
        "NAME_KH": "RH មន្ទីរពេទ្យបង្អែកសំពៅលូន",
        "NAME_EN": "RH Sampov Loun ",
        "PRO_CODE": "02",
        "PRO_NAME_KH": "បាត់ដំបង",
        "PRO_NAME_EN": "Battambang",
        "DIS_CODE": "0210",
        "DIS_NAME_KH": "សំពៅលូន",
        "DIS_NAME_EN": "Sampov Lun",
        "OD_CODE": "0203",
        "OD_NAME_KH": "សំពៅលូន",
        "OD_NAME_EN": "Sampov Luon",
        "COM_CODE": "021003",
        "COM_NAME_KH": "តាស្ដា",
        "COM__NAME_EN": "Ta Sda",
        "VIL_CODE": "02100302",
        "VIL_NAME_KH": "តាស្ដា",
        "VIL__NAME_EN": "Ta Sda",
        "OWNERSHIP": "DPHI (GPS)",
        "ACRONYM": "RH",
        "HF_TYPE_EN": "Referral Hospital",
        "HF_TYPE_KH": "មន្ទីរពេទ្យបង្អែកស្រុក",
        "HF_LEVEL": "",
        "HF_HEAD": "ចក់ សំអុល",
        "CONTACT_NO": "855 92151597/855 93409376",
        "CONTACT_EMAIL": "NA",
        "START_DATE": "01/01/2006",
        "GOOGLE_MAP_LINK": "https://maps.app.goo.gl/n2j3CUwzotCr8R8Y8",
        "STATUS": "Operational"
      }
    },
    {
      "type": "Feature",
      "geometry": {
        "type": "Point",
        "coordinates": [
          102.3598448,
          13.45437013
        ]
      },
      "properties": {
        "HF_ID": "",
        "HF_CODE": "020302",
        "NAME_KH": "HC សិរីមានជ័យ",
        "NAME_EN": "HC Serei Meanchey ",
        "PRO_CODE": "02",
        "PRO_NAME_KH": "បាត់ដំបង",
        "PRO_NAME_EN": "Battambang",
        "DIS_CODE": "0210",
        "DIS_NAME_KH": "សំពៅលូន",
        "DIS_NAME_EN": "Sampov Lun",
        "OD_CODE": "0203",
        "OD_NAME_KH": "សំពៅលូន",
        "OD_NAME_EN": "Sampov Luon",
        "COM_CODE": "021005",
        "COM_NAME_KH": "សេរីមានជ័យ",
        "COM__NAME_EN": "Serei Mean Chey",
        "VIL_CODE": "02100502",
        "VIL_NAME_KH": "ឈើទាល",
        "VIL__NAME_EN": "Chheu Teal",
        "OWNERSHIP": "DPHI (GPS)",
        "ACRONYM": "HC",
        "HF_TYPE_EN": "Health Center",
        "HF_TYPE_KH": "មណ្ឌលសុខភាព",
        "HF_LEVEL": "",
        "HF_HEAD": "ឃឹម សាម៉ុន",
        "CONTACT_NO": "855 318888808",
        "CONTACT_EMAIL": "NA",
        "START_DATE": "01/01/2006",
        "GOOGLE_MAP_LINK": "https://maps.app.goo.gl/YSEHXvAYT4ii94dZA",
        "STATUS": "Operational"
      }
    },
    {
      "type": "Feature",
      "geometry": {
        "type": "Point",
        "coordinates": [
          102.3640797,
          13.39168658
        ]
      },
      "properties": {
        "HF_ID": "",
        "HF_CODE": "020303",
        "NAME_KH": "HC សំពៅលូន",
        "NAME_EN": "HC Sampov Loun ",
        "PRO_CODE": "02",
        "PRO_NAME_KH": "បាត់ដំបង",
        "PRO_NAME_EN": "Battambang",
        "DIS_CODE": "0210",
        "DIS_NAME_KH": "សំពៅលូន",
        "DIS_NAME_EN": "Sampov Lun",
        "OD_CODE": "0203",
        "OD_NAME_KH": "សំពៅលូន",
        "OD_NAME_EN": "Sampov Luon",
        "COM_CODE": "021001",
        "COM_NAME_KH": "សំពៅលូន",
        "COM__NAME_EN": "Sampov Lun",
        "VIL_CODE": "02100103",
        "VIL_NAME_KH": "កោះតូច",
        "VIL__NAME_EN": "Kaoh Touch",
        "OWNERSHIP": "DPHI (GPS)",
        "ACRONYM": "HC",
        "HF_TYPE_EN": "Health Center",
        "HF_TYPE_KH": "មណ្ឌលសុខភាព",
        "HF_LEVEL": "",
        "HF_HEAD": "ស៊ឹមវឌ្ឍនា",
        "CONTACT_NO": "855 89320032",
        "CONTACT_EMAIL": "NA",
        "START_DATE": "01/01/2006",
        "GOOGLE_MAP_LINK": "https://maps.app.goo.gl/EZRmD4b29JmH8qDs8",
        "STATUS": "Operational"
      }
    },
    {
      "type": "Feature",
      "geometry": {
        "type": "Point",
        "coordinates": [
          102.3511195,
          13.34225323
        ]
      },
      "properties": {
        "HF_ID": "",
        "HF_CODE": "020304",
        "NAME_KH": "HC បារាំងធ្លាក់",
        "NAME_EN": "HC Baraing Thleak ",
        "PRO_CODE": "02",
        "PRO_NAME_KH": "បាត់ដំបង",
        "PRO_NAME_EN": "Battambang",
        "DIS_CODE": "0211",
        "DIS_NAME_KH": "ភ្នំព្រឹក",
        "DIS_NAME_EN": "Phnum Proek",
        "OD_CODE": "0203",
        "OD_NAME_KH": "សំពៅលូន",
        "OD_NAME_EN": "Sampov Luon",
        "COM_CODE": "021104",
        "COM_NAME_KH": "បារាំងធ្លាក់",
        "COM__NAME_EN": "Barang Thleak",
        "VIL_CODE": "02110402",
        "VIL_NAME_KH": "អូរចោទ",
        "VIL__NAME_EN": "Ou Chaot",
        "OWNERSHIP": "DPHI (GPS)",
        "ACRONYM": "HC",
        "HF_TYPE_EN": "Health Center",
        "HF_TYPE_KH": "មណ្ឌលសុខភាព",
        "HF_LEVEL": "",
        "HF_HEAD": "យន់ ហោ",
        "CONTACT_NO": "855 86499057/855 886741000",
        "CONTACT_EMAIL": "NA",
        "START_DATE": "01/01/2006",
        "GOOGLE_MAP_LINK": "https://maps.app.goo.gl/BKg55frMWkj6qgC88",
        "STATUS": "Operational"
      }
    },
    {
      "type": "Feature",
      "geometry": {
        "type": "Point",
        "coordinates": [
          102.3802607,
          13.23491226
        ]
      },
      "properties": {
        "HF_ID": "",
        "HF_CODE": "020305",
        "NAME_KH": "HC ពេជ្រចិន្តា",
        "NAME_EN": "HC Pich Chenda ",
        "PRO_CODE": "02",
        "PRO_NAME_KH": "បាត់ដំបង",
        "PRO_NAME_EN": "Battambang",
        "DIS_CODE": "0211",
        "DIS_NAME_KH": "ភ្នំព្រឹក",
        "DIS_NAME_EN": "Phnum Proek",
        "OD_CODE": "0203",
        "OD_NAME_KH": "សំពៅលូន",
        "OD_NAME_EN": "Sampov Luon",
        "COM_CODE": "021102",
        "COM_NAME_KH": "ពេជ្រចិន្ដា",
        "COM__NAME_EN": "Pech Chenda",
        "VIL_CODE": "02110201",
        "VIL_NAME_KH": "អូរ",
        "VIL__NAME_EN": "Ou",
        "OWNERSHIP": "DPHI (GPS)",
        "ACRONYM": "HC",
        "HF_TYPE_EN": "Health Center",
        "HF_TYPE_KH": "មណ្ឌលសុខភាព",
        "HF_LEVEL": "",
        "HF_HEAD": "មៀច ដា",
        "CONTACT_NO": "855 12732697/855 887171366",
        "CONTACT_EMAIL": "NA",
        "START_DATE": "01/01/2006",
        "GOOGLE_MAP_LINK": "https://maps.app.goo.gl/yctbhDQjUF5kUCsv7",
        "STATUS": "Operational"
      }
    },
    {
      "type": "Feature",
      "geometry": {
        "type": "Point",
        "coordinates": [
          102.4272737,
          13.1159244
        ]
      },
      "properties": {
        "HF_ID": "",
        "HF_CODE": "020306",
        "NAME_KH": "HC ត្រាង",
        "NAME_EN": "HC Trang",
        "PRO_CODE": "02",
        "PRO_NAME_KH": "បាត់ដំបង",
        "PRO_NAME_EN": "Battambang",
        "DIS_CODE": "0212",
        "DIS_NAME_KH": "កំរៀង",
        "DIS_NAME_EN": "Kamrieng",
        "OD_CODE": "0203",
        "OD_NAME_KH": "សំពៅលូន",
        "OD_NAME_EN": "Sampov Luon",
        "COM_CODE": "021204",
        "COM_NAME_KH": "ត្រាង",
        "COM__NAME_EN": "Trang",
        "VIL_CODE": "02120406",
        "VIL_NAME_KH": "តាសែន",
        "VIL__NAME_EN": "Ta Saen",
        "OWNERSHIP": "DPHI (GPS)",
        "ACRONYM": "HC",
        "HF_TYPE_EN": "Health Center with beds",
        "HF_TYPE_KH": "មណ្ឌលសុខភាពមានគ្រែ",
        "HF_LEVEL": "",
        "HF_HEAD": "ថុន សែ",
        "CONTACT_NO": "855 12978446",
        "CONTACT_EMAIL": "NA",
        "START_DATE": "01/01/2006",
        "GOOGLE_MAP_LINK": "https://maps.app.goo.gl/Mv9RZuYqD5sebiC38?g_st=it",
        "STATUS": "Operational"
      }
    },
    {
      "type": "Feature",
      "geometry": {
        "type": "Point",
        "coordinates": [
          102.5052608,
          13.04829673
        ]
      },
      "properties": {
        "HF_ID": "",
        "HF_CODE": "020307",
        "NAME_KH": "HC កំរៀង",
        "NAME_EN": "HC Kamrieng ",
        "PRO_CODE": "02",
        "PRO_NAME_KH": "បាត់ដំបង",
        "PRO_NAME_EN": "Battambang",
        "DIS_CODE": "0212",
        "DIS_NAME_KH": "កំរៀង",
        "DIS_NAME_EN": "Kamrieng",
        "OD_CODE": "0203",
        "OD_NAME_KH": "សំពៅលូន",
        "OD_NAME_EN": "Sampov Luon",
        "COM_CODE": "021201",
        "COM_NAME_KH": "កំរៀង",
        "COM__NAME_EN": "Kamrieng",
        "VIL_CODE": "02120101",
        "VIL_NAME_KH": "កំរៀង",
        "VIL__NAME_EN": "Kamrieng",
        "OWNERSHIP": "DPHI (GPS)",
        "ACRONYM": "HC",
        "HF_TYPE_EN": "Health Center",
        "HF_TYPE_KH": "មណ្ឌលសុខភាព",
        "HF_LEVEL": "",
        "HF_HEAD": "វ៉េត ប៊ុនឡូញ",
        "CONTACT_NO": "855 12453150",
        "CONTACT_EMAIL": "NA",
        "START_DATE": "01/01/2006",
        "GOOGLE_MAP_LINK": "https://maps.app.goo.gl/4Lq3PBFaUk6UNJLr8?g_st=it",
        "STATUS": "Operational"
      }
    },
    {
      "type": "Feature",
      "geometry": {
        "type": "Point",
        "coordinates": [
          102.6483808,
          13.12489308
        ]
      },
      "properties": {
        "HF_ID": "",
        "HF_CODE": "020308",
        "NAME_KH": "HC តាក្រី",
        "NAME_EN": "HC Ta Krei ",
        "PRO_CODE": "02",
        "PRO_NAME_KH": "បាត់ដំបង",
        "PRO_NAME_EN": "Battambang",
        "DIS_CODE": "0212",
        "DIS_NAME_KH": "កំរៀង",
        "DIS_NAME_EN": "Kamrieng",
        "OD_CODE": "0203",
        "OD_NAME_KH": "សំពៅលូន",
        "OD_NAME_EN": "Sampov Luon",
        "COM_CODE": "021206",
        "COM_NAME_KH": "តាក្រី",
        "COM__NAME_EN": "Ta Krei",
        "VIL_CODE": "02120604",
        "VIL_NAME_KH": "កំប្រង់",
        "VIL__NAME_EN": "Kamprang",
        "OWNERSHIP": "DPHI (GPS)",
        "ACRONYM": "HC",
        "HF_TYPE_EN": "Health Center",
        "HF_TYPE_KH": "មណ្ឌលសុខភាព",
        "HF_LEVEL": "",
        "HF_HEAD": "សុខ គឹមហូន",
        "CONTACT_NO": "855 77372023/855 11581613",
        "CONTACT_EMAIL": "NA",
        "START_DATE": "01/01/2006",
        "GOOGLE_MAP_LINK": "https://maps.app.goo.gl/BqnCvji33etTYAXx5",
        "STATUS": "Operational"
      }
    },
    {
      "type": "Feature",
      "geometry": {
        "type": "Point",
        "coordinates": [
          102.6134015,
          13.30607933
        ]
      },
      "properties": {
        "HF_ID": "",
        "HF_CODE": "020309",
        "NAME_KH": "HC បួរ",
        "NAME_EN": "HC Bour ",
        "PRO_CODE": "02",
        "PRO_NAME_KH": "បាត់ដំបង",
        "PRO_NAME_EN": "Battambang",
        "DIS_CODE": "0211",
        "DIS_NAME_KH": "ភ្នំព្រឹក",
        "DIS_NAME_EN": "Phnum Proek",
        "OD_CODE": "0203",
        "OD_NAME_KH": "សំពៅលូន",
        "OD_NAME_EN": "Sampov Luon",
        "COM_CODE": "021103",
        "COM_NAME_KH": "បួរ",
        "COM__NAME_EN": "Bour",
        "VIL_CODE": "02110308",
        "VIL_NAME_KH": "ភ្នំប្រាំពីរ",
        "VIL__NAME_EN": "Phnom 7",
        "OWNERSHIP": "DPHI (GPS)",
        "ACRONYM": "HC",
        "HF_TYPE_EN": "Health Center",
        "HF_TYPE_KH": "មណ្ឌលសុខភាព",
        "HF_LEVEL": "",
        "HF_HEAD": "ឃុយ សំណាង",
        "CONTACT_NO": "855 12436080",
        "CONTACT_EMAIL": "NA",
        "START_DATE": "01/01/2006",
        "GOOGLE_MAP_LINK": "https://maps.app.goo.gl/Aj5CaWbpHNbUSZDd8",
        "STATUS": "Operational"
      }
    },
    {
      "type": "Feature",
      "geometry": {
        "type": "Point",
        "coordinates": [
          102.5204317,
          13.38843212
        ]
      },
      "properties": {
        "HF_ID": "",
        "HF_CODE": "020310",
        "NAME_KH": "HC ត្រាវជូ",
        "NAME_EN": "HC Trav Chou ",
        "PRO_CODE": "02",
        "PRO_NAME_KH": "បាត់ដំបង",
        "PRO_NAME_EN": "Battambang",
        "DIS_CODE": "0210",
        "DIS_NAME_KH": "សំពៅលូន",
        "DIS_NAME_EN": "Sampov Lun",
        "OD_CODE": "0203",
        "OD_NAME_KH": "សំពៅលូន",
        "OD_NAME_EN": "Sampov Luon",
        "COM_CODE": "021005",
        "COM_NAME_KH": "សេរីមានជ័យ",
        "COM__NAME_EN": "Serei Mean Chey",
        "VIL_CODE": "02100504",
        "VIL_NAME_KH": "អូរត្រាវជូរ",
        "VIL__NAME_EN": "Ou Trav Chur",
        "OWNERSHIP": "DPHI (GPS)",
        "ACRONYM": "HC",
        "HF_TYPE_EN": "Health Center",
        "HF_TYPE_KH": "មណ្ឌលសុខភាព",
        "HF_LEVEL": "",
        "HF_HEAD": "ទេព ស៊ីយ៉ា",
        "CONTACT_NO": "855 976419952",
        "CONTACT_EMAIL": "NA",
        "START_DATE": "04/01/2012",
        "GOOGLE_MAP_LINK": "https://maps.app.goo.gl/QJhdJCVhQhDANnEZ6?g_st=it",
        "STATUS": "Operational"
      }
    },
    {
      "type": "Feature",
      "geometry": {
        "type": "Point",
        "coordinates": [
          102.5348265,
          13.21505664
        ]
      },
      "properties": {
        "HF_ID": "",
        "HF_CODE": "020311",
        "NAME_KH": "HC រស្មីសាមគ្គី",
        "NAME_EN": "HC Rasmei Samaki ",
        "PRO_CODE": "02",
        "PRO_NAME_KH": "បាត់ដំបង",
        "PRO_NAME_EN": "Battambang",
        "DIS_CODE": "0211",
        "DIS_NAME_KH": "ភ្នំព្រឹក",
        "DIS_NAME_EN": "Phnum Proek",
        "OD_CODE": "0203",
        "OD_NAME_KH": "សំពៅលូន",
        "OD_NAME_EN": "Sampov Luon",
        "COM_CODE": "021102",
        "COM_NAME_KH": "ពេជ្រចិន្ដា",
        "COM__NAME_EN": "Pech Chenda",
        "VIL_CODE": "02110207",
        "VIL_NAME_KH": "សាមគ្គី",
        "VIL__NAME_EN": "Sameakki",
        "OWNERSHIP": "DPHI (GPS)",
        "ACRONYM": "HC",
        "HF_TYPE_EN": "Health Center",
        "HF_TYPE_KH": "មណ្ឌលសុខភាព",
        "HF_LEVEL": "",
        "HF_HEAD": "សុខ ផល្លា",
        "CONTACT_NO": "855 976636633",
        "CONTACT_EMAIL": "None",
        "START_DATE": "04/01/2012",
        "GOOGLE_MAP_LINK": "https://maps.app.goo.gl/sJStAvAYRtoeMEH77",
        "STATUS": "Operational"
      }
    },
    {
      "type": "Feature",
      "geometry": {
        "type": "Point",
        "coordinates": [
          103.2022689,
          13.10932287
        ]
      },
      "properties": {
        "HF_ID": "",
        "HF_CODE": "020401",
        "NAME_KH": "PH មន្ទីរពេទ្យខេត្តបាត់ដំបង",
        "NAME_EN": "PH Battambang ",
        "PRO_CODE": "02",
        "PRO_NAME_KH": "បាត់ដំបង",
        "PRO_NAME_EN": "Battambang",
        "DIS_CODE": "0203",
        "DIS_NAME_KH": "បាត់ដំបង",
        "DIS_NAME_EN": "Battambang",
        "OD_CODE": "0204",
        "OD_NAME_KH": "បាត់ដំបង",
        "OD_NAME_EN": "Battambang",
        "COM_CODE": "020310",
        "COM_NAME_KH": "ស្វាយប៉ោ",
        "COM__NAME_EN": "Svay Por",
        "VIL_CODE": "02031001",
        "VIL_NAME_KH": "ព្រែកមហាទេព",
        "VIL__NAME_EN": "Prek MohaTep",
        "OWNERSHIP": "DPHI (GPS)",
        "ACRONYM": "PH",
        "HF_TYPE_EN": "Provincial Hospital",
        "HF_TYPE_KH": "មន្ទីរពេទ្យខេត្ត",
        "HF_LEVEL": "",
        "HF_HEAD": "កាក់ សីលា",
        "CONTACT_NO": "855 12833261/855 53730100",
        "CONTACT_EMAIL": "seilakak@gmail.com",
        "START_DATE": "01/01/2006",
        "GOOGLE_MAP_LINK": "https://maps.app.goo.gl/wV6Nm9MeiM3SNgfs6?g_st=com.google.maps.preview.copy",
        "STATUS": "Operational"
      }
    },
    {
      "type": "Feature",
      "geometry": {
        "type": "Point",
        "coordinates": [
          103.2009458,
          13.10681029
        ]
      },
      "properties": {
        "HF_ID": "",
        "HF_CODE": "020402",
        "NAME_KH": "HC ស្វាយប៉ោ",
        "NAME_EN": "HC Svay Por ",
        "PRO_CODE": "02",
        "PRO_NAME_KH": "បាត់ដំបង",
        "PRO_NAME_EN": "Battambang",
        "DIS_CODE": "0203",
        "DIS_NAME_KH": "បាត់ដំបង",
        "DIS_NAME_EN": "Battambang",
        "OD_CODE": "0204",
        "OD_NAME_KH": "បាត់ដំបង",
        "OD_NAME_EN": "Battambang",
        "COM_CODE": "020310",
        "COM_NAME_KH": "ស្វាយប៉ោ",
        "COM__NAME_EN": "Svay Por",
        "VIL_CODE": "02031001",
        "VIL_NAME_KH": "ព្រែកមហាទេព",
        "VIL__NAME_EN": "Prek MohaTep",
        "OWNERSHIP": "DPHI (GPS)",
        "ACRONYM": "HC",
        "HF_TYPE_EN": "Health Center",
        "HF_TYPE_KH": "មណ្ឌលសុខភាព",
        "HF_LEVEL": "",
        "HF_HEAD": "មាស សម្បត្តិ",
        "CONTACT_NO": "855 972072999",
        "CONTACT_EMAIL": "None",
        "START_DATE": "01/01/2006",
        "GOOGLE_MAP_LINK": "https://maps.app.goo.gl/Xkeppuo3EDFM2P8Z8",
        "STATUS": "Operational"
      }
    },
    {
      "type": "Feature",
      "geometry": {
        "type": "Point",
        "coordinates": [
          103.211674,
          13.1172192
        ]
      },
      "properties": {
        "HF_ID": "",
        "HF_CODE": "020403",
        "NAME_KH": "HC ស្លាកែត",
        "NAME_EN": "HC Sla Ket ",
        "PRO_CODE": "02",
        "PRO_NAME_KH": "បាត់ដំបង",
        "PRO_NAME_EN": "Battambang",
        "DIS_CODE": "0203",
        "DIS_NAME_KH": "បាត់ដំបង",
        "DIS_NAME_EN": "Battambang",
        "OD_CODE": "0204",
        "OD_NAME_KH": "បាត់ដំបង",
        "OD_NAME_EN": "Battambang",
        "COM_CODE": "020305",
        "COM_NAME_KH": "ស្លាកែត",
        "COM__NAME_EN": "Sla Ket",
        "VIL_CODE": "02030502",
        "VIL_NAME_KH": "ដាំស្ពៃ",
        "VIL__NAME_EN": "Dam Spey",
        "OWNERSHIP": "DPHI (GPS)",
        "ACRONYM": "HC",
        "HF_TYPE_EN": "Health Center",
        "HF_TYPE_KH": "មណ្ឌលសុខភាព",
        "HF_LEVEL": "",
        "HF_HEAD": "អ៊ឹម ប៊ុនធឿន",
        "CONTACT_NO": "855 92334251",
        "CONTACT_EMAIL": "None",
        "START_DATE": "01/01/2006",
        "GOOGLE_MAP_LINK": "https://maps.app.goo.gl/ezwuvqaccqgS3yJD7?g_st=com.google.maps.preview.copy",
        "STATUS": "Operational"
      }
    },
    {
      "type": "Feature",
      "geometry": {
        "type": "Point",
        "coordinates": [
          103.216146,
          13.135939
        ]
      },
      "properties": {
        "HF_ID": "",
        "HF_CODE": "020404",
        "NAME_KH": "HC ក្តុល",
        "NAME_EN": "HC Kdol ",
        "PRO_CODE": "02",
        "PRO_NAME_KH": "បាត់ដំបង",
        "PRO_NAME_EN": "Battambang",
        "DIS_CODE": "0203",
        "DIS_NAME_KH": "បាត់ដំបង",
        "DIS_NAME_EN": "Battambang",
        "OD_CODE": "0204",
        "OD_NAME_KH": "បាត់ដំបង",
        "OD_NAME_EN": "Battambang",
        "COM_CODE": "020306",
        "COM_NAME_KH": "ក្ដុលដូនទាវ",
        "COM__NAME_EN": "Kdol Doun Teav",
        "VIL_CODE": "02030607",
        "VIL_NAME_KH": "ថ្កូវ",
        "VIL__NAME_EN": "Thkov",
        "OWNERSHIP": "DPHI (GPS)",
        "ACRONYM": "HC",
        "HF_TYPE_EN": "Health Center",
        "HF_TYPE_KH": "មណ្ឌលសុខភាព",
        "HF_LEVEL": "",
        "HF_HEAD": "ព្រំ មុន្នី",
        "CONTACT_NO": "855 12730838",
        "CONTACT_EMAIL": "None",
        "START_DATE": "01/01/2006",
        "GOOGLE_MAP_LINK": "https://maps.app.goo.gl/FSg4aBy9d83pPYEF8",
        "STATUS": "Operational"
      }
    },
    {
      "type": "Feature",
      "geometry": {
        "type": "Point",
        "coordinates": [
          103.1914722,
          13.08844055
        ]
      },
      "properties": {
        "HF_ID": "",
        "HF_CODE": "020405",
        "NAME_KH": "HC ទួលតាឯក",
        "NAME_EN": "HC Tuol Ta Ek ",
        "PRO_CODE": "02",
        "PRO_NAME_KH": "បាត់ដំបង",
        "PRO_NAME_EN": "Battambang",
        "DIS_CODE": "0203",
        "DIS_NAME_KH": "បាត់ដំបង",
        "DIS_NAME_EN": "Battambang",
        "OD_CODE": "0204",
        "OD_NAME_KH": "បាត់ដំបង",
        "OD_NAME_EN": "Battambang",
        "COM_CODE": "020301",
        "COM_NAME_KH": "ទួលតាឯក",
        "COM__NAME_EN": "Tuol Ta Ek",
        "VIL_CODE": "02030102",
        "VIL_NAME_KH": "អូរតាគាំ ២",
        "VIL__NAME_EN": "O Ta Kam II",
        "OWNERSHIP": "DPHI (GPS)",
        "ACRONYM": "HC",
        "HF_TYPE_EN": "Health Center",
        "HF_TYPE_KH": "មណ្ឌលសុខភាព",
        "HF_LEVEL": "",
        "HF_HEAD": "គៀន សុគណ្ណារ៉ា",
        "CONTACT_NO": "855 12550280",
        "CONTACT_EMAIL": "None",
        "START_DATE": "01/01/2006",
        "GOOGLE_MAP_LINK": "https://maps.app.goo.gl/NsVr5p7kiq37M5Kw6",
        "STATUS": "Operational"
      }
    },
    {
      "type": "Feature",
      "geometry": {
        "type": "Point",
        "coordinates": [
          103.1956377,
          13.05691276
        ]
      },
      "properties": {
        "HF_ID": "",
        "HF_CODE": "020406",
        "NAME_KH": "HC វត្តគរ",
        "NAME_EN": "HC Vat Kor ",
        "PRO_CODE": "02",
        "PRO_NAME_KH": "បាត់ដំបង",
        "PRO_NAME_EN": "Battambang",
        "DIS_CODE": "0203",
        "DIS_NAME_KH": "បាត់ដំបង",
        "DIS_NAME_EN": "Battambang",
        "OD_CODE": "0204",
        "OD_NAME_KH": "បាត់ដំបង",
        "OD_NAME_EN": "Battambang",
        "COM_CODE": "020308",
        "COM_NAME_KH": "វត្ដគរ",
        "COM__NAME_EN": "wat Kor",
        "VIL_CODE": "02030806",
        "VIL_NAME_KH": "កំពង់សីមា",
        "VIL__NAME_EN": "Kampong Seima",
        "OWNERSHIP": "DPHI (GPS)",
        "ACRONYM": "HC",
        "HF_TYPE_EN": "Health Center",
        "HF_TYPE_KH": "មណ្ឌលសុខភាព",
        "HF_LEVEL": "",
        "HF_HEAD": "ម្លឹះ គឹមបេង",
        "CONTACT_NO": "855 12964987",
        "CONTACT_EMAIL": "None",
        "START_DATE": "01/01/2006",
        "GOOGLE_MAP_LINK": "https://maps.app.goo.gl/oorrHr4r7o2vr4ZD8",
        "STATUS": "Operational"
      }
    },
    {
      "type": "Feature",
      "geometry": {
        "type": "Point",
        "coordinates": [
          103.1554935,
          13.06328055
        ]
      },
      "properties": {
        "HF_ID": "",
        "HF_CODE": "020407",
        "NAME_KH": "HC អូម៉ាល់",
        "NAME_EN": "HC O Mal ",
        "PRO_CODE": "02",
        "PRO_NAME_KH": "បាត់ដំបង",
        "PRO_NAME_EN": "Battambang",
        "DIS_CODE": "0203",
        "DIS_NAME_KH": "បាត់ដំបង",
        "DIS_NAME_EN": "Battambang",
        "OD_CODE": "0204",
        "OD_NAME_KH": "បាត់ដំបង",
        "OD_NAME_EN": "Battambang",
        "COM_CODE": "020307",
        "COM_NAME_KH": "អូរម៉ាល់",
        "COM__NAME_EN": "OMal",
        "VIL_CODE": "02030708",
        "VIL_NAME_KH": "អណ្ដូងព្រីង",
        "VIL__NAME_EN": "Andoung Pring",
        "OWNERSHIP": "DPHI (GPS)",
        "ACRONYM": "HC",
        "HF_TYPE_EN": "Health Center",
        "HF_TYPE_KH": "មណ្ឌលសុខភាព",
        "HF_LEVEL": "",
        "HF_HEAD": "ម៉ៅ មុន្នីស៊ីណារិន",
        "CONTACT_NO": "855 12902003",
        "CONTACT_EMAIL": "None",
        "START_DATE": "01/01/2006",
        "GOOGLE_MAP_LINK": "https://maps.app.goo.gl/xqLxL7aqL9Rakeps8",
        "STATUS": "Operational"
      }
    },
    {
      "type": "Feature",
      "geometry": {
        "type": "Point",
        "coordinates": [
          103.1397063,
          13.1099202
        ]
      },
      "properties": {
        "HF_ID": "",
        "HF_CODE": "020408",
        "NAME_KH": "HC ជ្រៃ",
        "NAME_EN": "HC Chrey ",
        "PRO_CODE": "02",
        "PRO_NAME_KH": "បាត់ដំបង",
        "PRO_NAME_EN": "Battambang",
        "DIS_CODE": "0202",
        "DIS_NAME_KH": "ថ្មគោល",
        "DIS_NAME_EN": "Thma Koul",
        "OD_CODE": "0204",
        "OD_NAME_KH": "បាត់ដំបង",
        "OD_NAME_EN": "Battambang",
        "COM_CODE": "020204",
        "COM_NAME_KH": "ជ្រៃ",
        "COM__NAME_EN": "Chrey",
        "VIL_CODE": "02020407",
        "VIL_NAME_KH": "ហៃសាន",
        "VIL__NAME_EN": "Hai San",
        "OWNERSHIP": "DPHI (GPS)",
        "ACRONYM": "HC",
        "HF_TYPE_EN": "Health Center",
        "HF_TYPE_KH": "មណ្ឌលសុខភាព",
        "HF_LEVEL": "",
        "HF_HEAD": "សួន អ៊ី",
        "CONTACT_NO": "855 12237528",
        "CONTACT_EMAIL": "None",
        "START_DATE": "01/01/2006",
        "GOOGLE_MAP_LINK": "https://maps.app.goo.gl/j9fs9Xe23yECwGM49?g_st=atm",
        "STATUS": "Operational"
      }
    },
    {
      "type": "Feature",
      "geometry": {
        "type": "Point",
        "coordinates": [
          103.214314,
          13.11910585
        ]
      },
      "properties": {
        "HF_ID": "",
        "HF_CODE": "020409",
        "NAME_KH": "HC រតនៈ",
        "NAME_EN": "HC Rottanak ",
        "PRO_CODE": "02",
        "PRO_NAME_KH": "បាត់ដំបង",
        "PRO_NAME_EN": "Battambang",
        "DIS_CODE": "0208",
        "DIS_NAME_KH": "សង្កែ",
        "DIS_NAME_EN": "Sangkae",
        "OD_CODE": "0204",
        "OD_NAME_KH": "បាត់ដំបង",
        "OD_NAME_EN": "Battambang",
        "COM_CODE": "020802",
        "COM_NAME_KH": "នរា",
        "COM__NAME_EN": "Norea",
        "VIL_CODE": "02080201",
        "VIL_NAME_KH": "នរា ១",
        "VIL__NAME_EN": "Norea Muoy",
        "OWNERSHIP": "DPHI (GPS)",
        "ACRONYM": "HC",
        "HF_TYPE_EN": "Health Center",
        "HF_TYPE_KH": "មណ្ឌលសុខភាព",
        "HF_LEVEL": "",
        "HF_HEAD": "ម៉ក់ ពិសិដ្ធ",
        "CONTACT_NO": "855 12962630",
        "CONTACT_EMAIL": "None",
        "START_DATE": "01/01/2006",
        "GOOGLE_MAP_LINK": "https://maps.app.goo.gl/Ls1Uz2yiPjgF7yvm7",
        "STATUS": "Operational"
      }
    },
    {
      "type": "Feature",
      "geometry": {
        "type": "Point",
        "coordinates": [
          103.1967586,
          13.11712159
        ]
      },
      "properties": {
        "HF_ID": "",
        "HF_CODE": "020410",
        "NAME_KH": "HC ចំការសំរោង",
        "NAME_EN": "HC Chamkar Samrong ",
        "PRO_CODE": "02",
        "PRO_NAME_KH": "បាត់ដំបង",
        "PRO_NAME_EN": "Battambang",
        "DIS_CODE": "0203",
        "DIS_NAME_KH": "បាត់ដំបង",
        "DIS_NAME_EN": "Battambang",
        "OD_CODE": "0204",
        "OD_NAME_KH": "បាត់ដំបង",
        "OD_NAME_EN": "Battambang",
        "COM_CODE": "020304",
        "COM_NAME_KH": "ចំការសំរោង",
        "COM__NAME_EN": "Chomkar Somraong",
        "VIL_CODE": "02030402",
        "VIL_NAME_KH": "ចំការសំរោង២",
        "VIL__NAME_EN": "Chomkar Somraong 2",
        "OWNERSHIP": "DPHI (GPS)",
        "ACRONYM": "HC",
        "HF_TYPE_EN": "Health Center",
        "HF_TYPE_KH": "មណ្ឌលសុខភាព",
        "HF_LEVEL": "",
        "HF_HEAD": "សោ ថងឌី",
        "CONTACT_NO": "855 92530969",
        "CONTACT_EMAIL": "None",
        "START_DATE": "01/01/2006",
        "GOOGLE_MAP_LINK": "https://maps.google.com/maps?q=13.1173338%2C103.1967998",
        "STATUS": "Operational"
      }
    },
    {
      "type": "Feature",
      "geometry": {
        "type": "Point",
        "coordinates": [
          103.1604105,
          12.99683928
        ]
      },
      "properties": {
        "HF_ID": "",
        "HF_CODE": "020411",
        "NAME_KH": "HC ឈើទាល",
        "NAME_EN": "HC Chheu Teal ",
        "PRO_CODE": "02",
        "PRO_NAME_KH": "បាត់ដំបង",
        "PRO_NAME_EN": "Battambang",
        "DIS_CODE": "0201",
        "DIS_NAME_KH": "បាណន់",
        "DIS_NAME_EN": "Banan",
        "OD_CODE": "0204",
        "OD_NAME_KH": "បាត់ដំបង",
        "OD_NAME_EN": "Battambang",
        "COM_CODE": "020104",
        "COM_NAME_KH": "ឈើទាល",
        "COM__NAME_EN": "Chheu Teal",
        "VIL_CODE": "02010407",
        "VIL_NAME_KH": "បាយដំរាំ",
        "VIL__NAME_EN": "Bay Damram",
        "OWNERSHIP": "DPHI (GPS)",
        "ACRONYM": "HC",
        "HF_TYPE_EN": "Health Center",
        "HF_TYPE_KH": "មណ្ឌលសុខភាព",
        "HF_LEVEL": "",
        "HF_HEAD": "ថាញ់ គឹមយៀត",
        "CONTACT_NO": "855 12597689",
        "CONTACT_EMAIL": "None",
        "START_DATE": "01/01/2006",
        "GOOGLE_MAP_LINK": "https://maps.app.goo.gl/jZ4T1dJCkK9tWaF4A",
        "STATUS": "Operational"
      }
    },
    {
      "type": "Feature",
      "geometry": {
        "type": "Point",
        "coordinates": [
          103.1452607,
          12.95686718
        ]
      },
      "properties": {
        "HF_ID": "",
        "HF_CODE": "020412",
        "NAME_KH": "HC កន្ទឺ ២",
        "NAME_EN": "HC Kantueu II",
        "PRO_CODE": "02",
        "PRO_NAME_KH": "បាត់ដំបង",
        "PRO_NAME_EN": "Battambang",
        "DIS_CODE": "0201",
        "DIS_NAME_KH": "បាណន់",
        "DIS_NAME_EN": "Banan",
        "OD_CODE": "0204",
        "OD_NAME_KH": "បាត់ដំបង",
        "OD_NAME_EN": "Battambang",
        "COM_CODE": "020104",
        "COM_NAME_KH": "ឈើទាល",
        "COM__NAME_EN": "Chheu Teal",
        "VIL_CODE": "02010415",
        "VIL_NAME_KH": "អន្លក់កោង",
        "VIL__NAME_EN": "Anlok Kaong",
        "OWNERSHIP": "DPHI (GPS)",
        "ACRONYM": "HC",
        "HF_TYPE_EN": "Health Center with beds",
        "HF_TYPE_KH": "មណ្ឌលសុខភាពមានគ្រែ",
        "HF_LEVEL": "",
        "HF_HEAD": "អ៊ំ សំអាន",
        "CONTACT_NO": "855 77661106",
        "CONTACT_EMAIL": "None",
        "START_DATE": "01/01/2006",
        "GOOGLE_MAP_LINK": "https://maps.app.goo.gl/a9jG7T9ZPDHgqmb78?g_st=it",
        "STATUS": "Operational"
      }
    },
    {
      "type": "Feature",
      "geometry": {
        "type": "Point",
        "coordinates": [
          103.0513205,
          12.96713567
        ]
      },
      "properties": {
        "HF_ID": "",
        "HF_CODE": "020413",
        "NAME_KH": "HC ស្នឹង",
        "NAME_EN": "HC Snoeng ",
        "PRO_CODE": "02",
        "PRO_NAME_KH": "បាត់ដំបង",
        "PRO_NAME_EN": "Battambang",
        "DIS_CODE": "0201",
        "DIS_NAME_KH": "បាណន់",
        "DIS_NAME_EN": "Banan",
        "OD_CODE": "0204",
        "OD_NAME_KH": "បាត់ដំបង",
        "OD_NAME_EN": "Battambang",
        "COM_CODE": "020107",
        "COM_NAME_KH": "ស្នឹង",
        "COM__NAME_EN": "Snoeng",
        "VIL_CODE": "02010704",
        "VIL_NAME_KH": "ស្នឹងកើត",
        "VIL__NAME_EN": "Snoeng Kaeut",
        "OWNERSHIP": "DPHI (GPS)",
        "ACRONYM": "HC",
        "HF_TYPE_EN": "Health Center",
        "HF_TYPE_KH": "មណ្ឌលសុខភាព",
        "HF_LEVEL": "",
        "HF_HEAD": "ថូ ប៊ុនធឿន",
        "CONTACT_NO": "855 92799680",
        "CONTACT_EMAIL": "None",
        "START_DATE": "01/01/2006",
        "GOOGLE_MAP_LINK": "https://maps.app.goo.gl/3XmaQB95An1FPk4p8",
        "STATUS": "Operational"
      }
    },
    {
      "type": "Feature",
      "geometry": {
        "type": "Point",
        "coordinates": [
          103.0604006,
          13.05920572
        ]
      },
      "properties": {
        "HF_ID": "",
        "HF_CODE": "020414",
        "NAME_KH": "HC តាគ្រាម",
        "NAME_EN": "HC Ta Kream ",
        "PRO_CODE": "02",
        "PRO_NAME_KH": "បាត់ដំបង",
        "PRO_NAME_EN": "Battambang",
        "DIS_CODE": "0201",
        "DIS_NAME_KH": "បាណន់",
        "DIS_NAME_EN": "Banan",
        "OD_CODE": "0204",
        "OD_NAME_KH": "បាត់ដំបង",
        "OD_NAME_EN": "Battambang",
        "COM_CODE": "020108",
        "COM_NAME_KH": "តាគ្រាម",
        "COM__NAME_EN": "Ta Kream",
        "VIL_CODE": "02010802",
        "VIL_NAME_KH": "តាគ្រាម",
        "VIL__NAME_EN": "Ta Kream",
        "OWNERSHIP": "DPHI (GPS)",
        "ACRONYM": "HC",
        "HF_TYPE_EN": "Health Center",
        "HF_TYPE_KH": "មណ្ឌលសុខភាព",
        "HF_LEVEL": "",
        "HF_HEAD": "ភោគ គឹមយី",
        "CONTACT_NO": "855 12737326",
        "CONTACT_EMAIL": "NA",
        "START_DATE": "04/07/2006",
        "GOOGLE_MAP_LINK": "https://maps.app.goo.gl/VYpa2LaxzKxqY2Mo6",
        "STATUS": "Operational"
      }
    },
    {
      "type": "Feature",
      "geometry": {
        "type": "Point",
        "coordinates": [
          103.0976844,
          13.02829921
        ]
      },
      "properties": {
        "HF_ID": "",
        "HF_CODE": "020415",
        "NAME_KH": "HC ភ្នំសំពៅ",
        "NAME_EN": "HC Phnom Sampov ",
        "PRO_CODE": "02",
        "PRO_NAME_KH": "បាត់ដំបង",
        "PRO_NAME_EN": "Battambang",
        "DIS_CODE": "0201",
        "DIS_NAME_KH": "បាណន់",
        "DIS_NAME_EN": "Banan",
        "OD_CODE": "0204",
        "OD_NAME_KH": "បាត់ដំបង",
        "OD_NAME_EN": "Battambang",
        "COM_CODE": "020106",
        "COM_NAME_KH": "ភ្នំសំពៅ",
        "COM__NAME_EN": "Phnum Sampov",
        "VIL_CODE": "02010604",
        "VIL_NAME_KH": "ភ្នំសំពៅលិច",
        "VIL__NAME_EN": "Phnum Sampov Lech",
        "OWNERSHIP": "DPHI (GPS)",
        "ACRONYM": "HC",
        "HF_TYPE_EN": "Health Center",
        "HF_TYPE_KH": "មណ្ឌលសុខភាព",
        "HF_LEVEL": "",
        "HF_HEAD": "ឈាង គូ",
        "CONTACT_NO": "855 89938987/855 66938987",
        "CONTACT_EMAIL": "None",
        "START_DATE": "01/01/2006",
        "GOOGLE_MAP_LINK": "https://maps.app.goo.gl/ji85fPmjLaAsTMSC7?g_st=it",
        "STATUS": "Operational"
      }
    },
    {
      "type": "Feature",
      "geometry": {
        "type": "Point",
        "coordinates": [
          102.9683815,
          12.88756181
        ]
      },
      "properties": {
        "HF_ID": "",
        "HF_CODE": "020416",
        "NAME_KH": "HC ស្តៅ",
        "NAME_EN": "HC Sdao",
        "PRO_CODE": "02",
        "PRO_NAME_KH": "បាត់ដំបង",
        "PRO_NAME_EN": "Battambang",
        "DIS_CODE": "0207",
        "DIS_NAME_KH": "រតនមណ្ឌល",
        "DIS_NAME_EN": "Rotonak Mondol",
        "OD_CODE": "0204",
        "OD_NAME_KH": "បាត់ដំបង",
        "OD_NAME_EN": "Battambang",
        "COM_CODE": "020701",
        "COM_NAME_KH": "ស្ដៅ",
        "COM__NAME_EN": "Sdau",
        "VIL_CODE": "02070101",
        "VIL_NAME_KH": "បាណង់",
        "VIL__NAME_EN": "Banang",
        "OWNERSHIP": "DPHI (GPS)",
        "ACRONYM": "HC",
        "HF_TYPE_EN": "Health Center with beds",
        "HF_TYPE_KH": "មណ្ឌលសុខភាពមានគ្រែ",
        "HF_LEVEL": "",
        "HF_HEAD": "បឹង ម៉ៅ",
        "CONTACT_NO": "855 12581654",
        "CONTACT_EMAIL": "None",
        "START_DATE": "01/01/2006",
        "GOOGLE_MAP_LINK": "https://maps.app.goo.gl/oXVyJHoXi7VQA1vx5",
        "STATUS": "Operational"
      }
    },
    {
      "type": "Feature",
      "geometry": {
        "type": "Point",
        "coordinates": [
          102.9108406,
          12.83620033
        ]
      },
      "properties": {
        "HF_ID": "",
        "HF_CODE": "020417",
        "NAME_KH": "HC ត្រែង",
        "NAME_EN": "HC Treng ",
        "PRO_CODE": "02",
        "PRO_NAME_KH": "បាត់ដំបង",
        "PRO_NAME_EN": "Battambang",
        "DIS_CODE": "0207",
        "DIS_NAME_KH": "រតនមណ្ឌល",
        "DIS_NAME_EN": "Rotonak Mondol",
        "OD_CODE": "0204",
        "OD_NAME_KH": "បាត់ដំបង",
        "OD_NAME_EN": "Battambang",
        "COM_CODE": "020704",
        "COM_NAME_KH": "ត្រែង",
        "COM__NAME_EN": "Traeng",
        "VIL_CODE": "02070401",
        "VIL_NAME_KH": "គីឡូ",
        "VIL__NAME_EN": "Kilou",
        "OWNERSHIP": "DPHI (GPS)",
        "ACRONYM": "HC",
        "HF_TYPE_EN": "Health Center",
        "HF_TYPE_KH": "មណ្ឌលសុខភាព",
        "HF_LEVEL": "",
        "HF_HEAD": "ជិម សាម៉េត",
        "CONTACT_NO": "855 12801909",
        "CONTACT_EMAIL": "None",
        "START_DATE": "01/01/2006",
        "GOOGLE_MAP_LINK": "https://maps.app.goo.gl/AVAbuu7Gs6CPmSFz9?g_st=it",
        "STATUS": "Operational"
      }
    },
    {
      "type": "Feature",
      "geometry": {
        "type": "Point",
        "coordinates": [
          102.8924501,
          12.80866899
        ]
      },
      "properties": {
        "HF_ID": "",
        "HF_CODE": "020418",
        "NAME_KH": "HC ផ្លូវមាស",
        "NAME_EN": "HC Phlov Meas ",
        "PRO_CODE": "02",
        "PRO_NAME_KH": "បាត់ដំបង",
        "PRO_NAME_EN": "Battambang",
        "DIS_CODE": "0207",
        "DIS_NAME_KH": "រតនមណ្ឌល",
        "DIS_NAME_EN": "Rotonak Mondol",
        "OD_CODE": "0204",
        "OD_NAME_KH": "បាត់ដំបង",
        "OD_NAME_EN": "Battambang",
        "COM_CODE": "020703",
        "COM_NAME_KH": "ផ្លូវមាស",
        "COM__NAME_EN": "Phlov Meas",
        "VIL_CODE": "02070305",
        "VIL_NAME_KH": "អូរត្រែង",
        "VIL__NAME_EN": "Ou Traeng",
        "OWNERSHIP": "DPHI (GPS)",
        "ACRONYM": "HC",
        "HF_TYPE_EN": "Health Center",
        "HF_TYPE_KH": "មណ្ឌលសុខភាព",
        "HF_LEVEL": "",
        "HF_HEAD": "ស៊ុត ពៅ",
        "CONTACT_NO": "855 92601640/855 882040581",
        "CONTACT_EMAIL": "None",
        "START_DATE": "01/01/2006",
        "GOOGLE_MAP_LINK": "https://maps.app.goo.gl/UkM8A1oyUp6Dg5J48",
        "STATUS": "Operational"
      }
    },
    {
      "type": "Feature",
      "geometry": {
        "type": "Point",
        "coordinates": [
          102.7397152,
          12.57055992
        ]
      },
      "properties": {
        "HF_ID": "",
        "HF_CODE": "020419",
        "NAME_KH": "HC ឆករកា",
        "NAME_EN": "HC Chhak Roka ",
        "PRO_CODE": "02",
        "PRO_NAME_KH": "បាត់ដំបង",
        "PRO_NAME_EN": "Battambang",
        "DIS_CODE": "0209",
        "DIS_NAME_KH": "សំឡូត",
        "DIS_NAME_EN": "Samlout",
        "OD_CODE": "0204",
        "OD_NAME_KH": "បាត់ដំបង",
        "OD_NAME_EN": "Battambang",
        "COM_CODE": "020905",
        "COM_NAME_KH": "សំឡូត",
        "COM__NAME_EN": "Samlout",
        "VIL_CODE": "02090502",
        "VIL_NAME_KH": "ឆករកា",
        "VIL__NAME_EN": "Chhak Roka",
        "OWNERSHIP": "DPHI (GPS)",
        "ACRONYM": "HC",
        "HF_TYPE_EN": "Health Center",
        "HF_TYPE_KH": "មណ្ឌលសុខភាព",
        "HF_LEVEL": "",
        "HF_HEAD": "ង៉ុន សុផាត",
        "CONTACT_NO": "855 93269097",
        "CONTACT_EMAIL": "None",
        "START_DATE": "01/01/2006",
        "GOOGLE_MAP_LINK": "https://maps.app.goo.gl/aUn2YQYafjm71ozF8?g_st=it",
        "STATUS": "Operational"
      }
    },
    {
      "type": "Feature",
      "geometry": {
        "type": "Point",
        "coordinates": [
          102.888144,
          12.713964
        ]
      },
      "properties": {
        "HF_ID": "",
        "HF_CODE": "020420",
        "NAME_KH": "HC ចំឡងកួយ",
        "NAME_EN": "HC Chamlang Kuoy ",
        "PRO_CODE": "02",
        "PRO_NAME_KH": "បាត់ដំបង",
        "PRO_NAME_EN": "Battambang",
        "DIS_CODE": "0209",
        "DIS_NAME_KH": "សំឡូត",
        "DIS_NAME_EN": "Samlout",
        "OD_CODE": "0204",
        "OD_NAME_KH": "បាត់ដំបង",
        "OD_NAME_EN": "Battambang",
        "COM_CODE": "020903",
        "COM_NAME_KH": "អូរសំរិល",
        "COM__NAME_EN": "Ou Samril",
        "VIL_CODE": "02090302",
        "VIL_NAME_KH": "អូរសំរិលក្រោម",
        "VIL__NAME_EN": "Ou Samril Kraom",
        "OWNERSHIP": "DPHI (GPS)",
        "ACRONYM": "HC",
        "HF_TYPE_EN": "Health Center",
        "HF_TYPE_KH": "មណ្ឌលសុខភាព",
        "HF_LEVEL": "",
        "HF_HEAD": "កុល ខេមរា",
        "CONTACT_NO": "855 92781341",
        "CONTACT_EMAIL": "None",
        "START_DATE": "01/01/2006",
        "GOOGLE_MAP_LINK": "https://maps.app.goo.gl/SCa4X2XjuqS3sFTD9?g_st=it",
        "STATUS": "Operational"
      }
    },
    {
      "type": "Feature",
      "geometry": {
        "type": "Point",
        "coordinates": [
          102.8619502,
          12.63019932
        ]
      },
      "properties": {
        "HF_ID": "",
        "HF_CODE": "020421",
        "NAME_KH": "HC តាសាញ",
        "NAME_EN": "HC Ta Sanh",
        "PRO_CODE": "02",
        "PRO_NAME_KH": "បាត់ដំបង",
        "PRO_NAME_EN": "Battambang",
        "DIS_CODE": "0209",
        "DIS_NAME_KH": "សំឡូត",
        "DIS_NAME_EN": "Samlout",
        "OD_CODE": "0204",
        "OD_NAME_KH": "បាត់ដំបង",
        "OD_NAME_EN": "Battambang",
        "COM_CODE": "020907",
        "COM_NAME_KH": "តាសាញ",
        "COM__NAME_EN": "Ta Sanh",
        "VIL_CODE": "02090701",
        "VIL_NAME_KH": "អូរស្ងួត",
        "VIL__NAME_EN": "Ou Snguot",
        "OWNERSHIP": "DPHI (GPS)",
        "ACRONYM": "HC",
        "HF_TYPE_EN": "Health Center with beds",
        "HF_TYPE_KH": "មណ្ឌលសុខភាពមានគ្រែ",
        "HF_LEVEL": "",
        "HF_HEAD": "នូវ យ៉ាន",
        "CONTACT_NO": "855 12801909",
        "CONTACT_EMAIL": "None",
        "START_DATE": "01/01/2006",
        "GOOGLE_MAP_LINK": "https://maps.app.goo.gl/CBwK7hVU7xHeUTJz8",
        "STATUS": "Operational"
      }
    },
    {
      "type": "Feature",
      "geometry": {
        "type": "Point",
        "coordinates": [
          103.102917,
          12.87253806
        ]
      },
      "properties": {
        "HF_ID": "",
        "HF_CODE": "020422",
        "NAME_KH": "HC ចែងមានជ័យ",
        "NAME_EN": "HC Cheng Meanchey ",
        "PRO_CODE": "02",
        "PRO_NAME_KH": "បាត់ដំបង",
        "PRO_NAME_EN": "Battambang",
        "DIS_CODE": "0201",
        "DIS_NAME_KH": "បាណន់",
        "DIS_NAME_EN": "Banan",
        "OD_CODE": "0204",
        "OD_NAME_KH": "បាត់ដំបង",
        "OD_NAME_EN": "Battambang",
        "COM_CODE": "020105",
        "COM_NAME_KH": "ចែងមានជ័យ",
        "COM__NAME_EN": "Chaeng Mean Chey",
        "VIL_CODE": "02010506",
        "VIL_NAME_KH": "ចង្ហូរស្វាយ",
        "VIL__NAME_EN": "Changhour Svay",
        "OWNERSHIP": "DPHI (GPS)",
        "ACRONYM": "HC",
        "HF_TYPE_EN": "Health Center",
        "HF_TYPE_KH": "មណ្ឌលសុខភាព",
        "HF_LEVEL": "",
        "HF_HEAD": "ហេង ធី",
        "CONTACT_NO": "855 17412121",
        "CONTACT_EMAIL": "None",
        "START_DATE": "01/01/2006",
        "GOOGLE_MAP_LINK": "https://maps.app.goo.gl/umZZqbd8QueMNZyt6?g_st=it",
        "STATUS": "Operational"
      }
    },
    {
      "type": "Feature",
      "geometry": {
        "type": "Point",
        "coordinates": [
          102.8605183,
          12.5459541
        ]
      },
      "properties": {
        "HF_ID": "",
        "HF_CODE": "020423",
        "NAME_KH": "HC កំពង់ល្ពៅ",
        "NAME_EN": "HC Kampong Lpov ",
        "PRO_CODE": "02",
        "PRO_NAME_KH": "បាត់ដំបង",
        "PRO_NAME_EN": "Battambang",
        "DIS_CODE": "0209",
        "DIS_NAME_KH": "សំឡូត",
        "DIS_NAME_EN": "Samlout",
        "OD_CODE": "0204",
        "OD_NAME_KH": "បាត់ដំបង",
        "OD_NAME_EN": "Battambang",
        "COM_CODE": "020902",
        "COM_NAME_KH": "កំពង់ល្ពៅ",
        "COM__NAME_EN": "Kampong Lpov",
        "VIL_CODE": "02090201",
        "VIL_NAME_KH": "ស្វាយជ្រុំ",
        "VIL__NAME_EN": "Svay Chrum",
        "OWNERSHIP": "DPHI (GPS)",
        "ACRONYM": "HC",
        "HF_TYPE_EN": "Health Center",
        "HF_TYPE_KH": "មណ្ឌលសុខភាព",
        "HF_LEVEL": "",
        "HF_HEAD": "រដ្ធ នី",
        "CONTACT_NO": "855 17433040",
        "CONTACT_EMAIL": "None",
        "START_DATE": "01/01/2006",
        "GOOGLE_MAP_LINK": "https://maps.app.goo.gl/2fvV25FHTaBpG7z7A?g_st=it",
        "STATUS": "Operational"
      }
    },
    {
      "type": "Feature",
      "geometry": {
        "type": "Point",
        "coordinates": [
          102.7776593,
          12.64459387
        ]
      },
      "properties": {
        "HF_ID": "",
        "HF_CODE": "020424",
        "NAME_KH": "HC បឹងរុន",
        "NAME_EN": "HC Boeung Run ",
        "PRO_CODE": "02",
        "PRO_NAME_KH": "បាត់ដំបង",
        "PRO_NAME_EN": "Battambang",
        "DIS_CODE": "0209",
        "DIS_NAME_KH": "សំឡូត",
        "DIS_NAME_EN": "Samlout",
        "OD_CODE": "0204",
        "OD_NAME_KH": "បាត់ដំបង",
        "OD_NAME_EN": "Battambang",
        "COM_CODE": "020905",
        "COM_NAME_KH": "សំឡូត",
        "COM__NAME_EN": "Samlout",
        "VIL_CODE": "02090506",
        "VIL_NAME_KH": "បឹងរុន",
        "VIL__NAME_EN": "Boeng Run",
        "OWNERSHIP": "DPHI (GPS)",
        "ACRONYM": "HC",
        "HF_TYPE_EN": "Health Center",
        "HF_TYPE_KH": "មណ្ឌលសុខភាព",
        "HF_LEVEL": "",
        "HF_HEAD": "ជុំ ជួន",
        "CONTACT_NO": "855 12498752",
        "CONTACT_EMAIL": "None",
        "START_DATE": "01/01/2006",
        "GOOGLE_MAP_LINK": "https://maps.app.goo.gl/zEmamuoSCe25WUvr6?g_st=it",
        "STATUS": "Operational"
      }
    },
    {
      "type": "Feature",
      "geometry": {
        "type": "Point",
        "coordinates": [
          102.853628,
          12.716408
        ]
      },
      "properties": {
        "HF_ID": "",
        "HF_CODE": "020425",
        "NAME_KH": "HC មានជ័យ",
        "NAME_EN": "HC Mean Chey ",
        "PRO_CODE": "02",
        "PRO_NAME_KH": "បាត់ដំបង",
        "PRO_NAME_EN": "Battambang",
        "DIS_CODE": "0209",
        "DIS_NAME_KH": "សំឡូត",
        "DIS_NAME_EN": "Samlout",
        "OD_CODE": "0205",
        "OD_NAME_KH": "បាត់ដំបង",
        "OD_NAME_EN": "Battambang",
        "COM_CODE": "020906",
        "COM_NAME_KH": "មានជ័យ",
        "COM__NAME_EN": "Mean Chey",
        "VIL_CODE": "02090601",
        "VIL_NAME_KH": "កំពង់ទួក",
        "VIL__NAME_EN": "Kampong Touk",
        "OWNERSHIP": "DPHI (GPS)",
        "ACRONYM": "HC",
        "HF_TYPE_EN": "Health Center",
        "HF_TYPE_KH": "មណ្ឌលសុខភាព",
        "HF_LEVEL": "",
        "HF_HEAD": "Unknown",
        "CONTACT_NO": "NA",
        "CONTACT_EMAIL": "NA",
        "START_DATE": "01/01/2020",
        "GOOGLE_MAP_LINK": "https://maps.app.goo.gl/kDFTHy7MYiqdHqTu6?g_st=it",
        "STATUS": "Operational"
      }
    },
    {
      "type": "Feature",
      "geometry": {
        "type": "Point",
        "coordinates": [
          103.1452627,
          12.9568572
        ]
      },
      "properties": {
        "HF_ID": "",
        "HF_CODE": "020426",
        "NAME_KH": "HC កន្ទឺ ១",
        "NAME_EN": "HC Kantueu I ",
        "PRO_CODE": "02",
        "PRO_NAME_KH": "បាត់ដំបង",
        "PRO_NAME_EN": "Battambang",
        "DIS_CODE": "0201",
        "DIS_NAME_KH": "បាណន់",
        "DIS_NAME_EN": "Banan",
        "OD_CODE": "0204",
        "OD_NAME_KH": "បាត់ដំបង",
        "OD_NAME_EN": "Battambang",
        "COM_CODE": "020101",
        "COM_NAME_KH": "កន្ទឺ ១",
        "COM__NAME_EN": "Kantueu Muoy",
        "VIL_CODE": "02010101",
        "VIL_NAME_KH": "ថ្មី",
        "VIL__NAME_EN": "Thmei",
        "OWNERSHIP": "BTB (Phone)",
        "ACRONYM": "HC",
        "HF_TYPE_EN": "Health Center",
        "HF_TYPE_KH": "មណ្ឌលសុខភាព",
        "HF_LEVEL": "",
        "HF_HEAD": "ស៊ុន ផល្លី",
        "CONTACT_NO": "855 92974652",
        "CONTACT_EMAIL": "None",
        "START_DATE": "01/01/2020",
        "GOOGLE_MAP_LINK": "https://maps.app.goo.gl/zwxeiNiennqVNFo36?g_st=it",
        "STATUS": "Operational"
      }
    },
    {
      "type": "Feature",
      "geometry": {
        "type": "Point",
        "coordinates": [
          102.936563,
          13.081352
        ]
      },
      "properties": {
        "HF_ID": "",
        "HF_CODE": "020427",
        "NAME_KH": "HC សខេងកំពីងកំពួយ",
        "NAME_EN": "HC Sorkheng Kampinhpuoy ",
        "PRO_CODE": "02",
        "PRO_NAME_KH": "បាត់ដំបង",
        "PRO_NAME_EN": "Battambang",
        "DIS_CODE": "0201",
        "DIS_NAME_KH": "បាណន់",
        "DIS_NAME_EN": "Banan",
        "OD_CODE": "0204",
        "OD_NAME_KH": "បាត់ដំបង",
        "OD_NAME_EN": "Battambang",
        "COM_CODE": "020108",
        "COM_NAME_KH": "តាគ្រាម",
        "COM__NAME_EN": "Ta Kream",
        "VIL_CODE": "02010810",
        "VIL_NAME_KH": "អន្លង់ស្វាយ",
        "VIL__NAME_EN": "Anlong Svay",
        "OWNERSHIP": "BTB (Phone)",
        "ACRONYM": "HC",
        "HF_TYPE_EN": "Health Center",
        "HF_TYPE_KH": "មណ្ឌលសុខភាព",
        "HF_LEVEL": "",
        "HF_HEAD": "ប៉ែន ណាវី",
        "CONTACT_NO": "855 12202866/855 962972736",
        "CONTACT_EMAIL": "None",
        "START_DATE": "01/01/2020",
        "GOOGLE_MAP_LINK": "https://maps.app.goo.gl/1xTARAe7SWqj1oiV7",
        "STATUS": "Operational"
      }
    },
    {
      "type": "Feature",
      "geometry": {
        "type": "Point",
        "coordinates": [
          102.850353,
          12.978665
        ]
      },
      "properties": {
        "HF_ID": "",
        "HF_CODE": "020428",
        "NAME_KH": "HC រស្មីសង្ហា",
        "NAME_EN": "HC Raksmey Songha ",
        "PRO_CODE": "02",
        "PRO_NAME_KH": "បាត់ដំបង",
        "PRO_NAME_EN": "Battambang",
        "DIS_CODE": "0207",
        "DIS_NAME_KH": "រតនមណ្ឌល",
        "DIS_NAME_EN": "Rotonak Mondol",
        "OD_CODE": "0206",
        "OD_NAME_KH": "បាត់ដំបង",
        "OD_NAME_EN": "Battambang",
        "COM_CODE": "020705",
        "COM_NAME_KH": "រស្មីសង្ហា",
        "COM__NAME_EN": "Reaksmei Songha",
        "VIL_CODE": "02070501",
        "VIL_NAME_KH": "រស្មីសង្ហា",
        "VIL__NAME_EN": "Reaksmei Songha",
        "OWNERSHIP": "DPHI (GPS)",
        "ACRONYM": "HC",
        "HF_TYPE_EN": "Health Center",
        "HF_TYPE_KH": "មណ្ឌលសុខភាព",
        "HF_LEVEL": "",
        "HF_HEAD": "Unknown",
        "CONTACT_NO": "NA",
        "CONTACT_EMAIL": "NA",
        "START_DATE": "01/01/2020",
        "GOOGLE_MAP_LINK": "https://maps.app.goo.gl/4iBbgK5FRHm2HRLNA",
        "STATUS": "Operational"
      }
    },
    {
      "type": "Feature",
      "geometry": {
        "type": "Point",
        "coordinates": [
          103.2247238,
          13.08594193
        ]
      },
      "properties": {
        "HF_ID": "",
        "HF_CODE": "020502",
        "NAME_KH": "HC អន្លង់វិល",
        "NAME_EN": "HC Anlong Vil",
        "PRO_CODE": "02",
        "PRO_NAME_KH": "បាត់ដំបង",
        "PRO_NAME_EN": "Battambang",
        "DIS_CODE": "0208",
        "DIS_NAME_KH": "សង្កែ",
        "DIS_NAME_EN": "Sangkae",
        "OD_CODE": "0205",
        "OD_NAME_KH": "សង្កែ",
        "OD_NAME_EN": "Sangkae",
        "COM_CODE": "020801",
        "COM_NAME_KH": "អន្លង់វិល",
        "COM__NAME_EN": "Anlong Vil",
        "VIL_CODE": "02080101",
        "VIL_NAME_KH": "ច្រាបវាល",
        "VIL__NAME_EN": "Chrab Veal",
        "OWNERSHIP": "DPHI (GPS)",
        "ACRONYM": "HC",
        "HF_TYPE_EN": "Health Center with beds",
        "HF_TYPE_KH": "មណ្ឌលសុខភាពមានគ្រែ",
        "HF_LEVEL": "",
        "HF_HEAD": "ម៉េង ឡូញ",
        "CONTACT_NO": "855 769997777",
        "CONTACT_EMAIL": "None",
        "START_DATE": "01/01/2006",
        "GOOGLE_MAP_LINK": "https://maps.app.goo.gl/9UdHknhYnmXspur66?g_st=atm",
        "STATUS": "Operational"
      }
    },
    {
      "type": "Feature",
      "geometry": {
        "type": "Point",
        "coordinates": [
          103.2018019,
          13.03741137
        ]
      },
      "properties": {
        "HF_ID": "",
        "HF_CODE": "020503",
        "NAME_KH": "HC វត្តតាមិម",
        "NAME_EN": "HC Vat Ta Muem ",
        "PRO_CODE": "02",
        "PRO_NAME_KH": "បាត់ដំបង",
        "PRO_NAME_EN": "Battambang",
        "DIS_CODE": "0208",
        "DIS_NAME_KH": "សង្កែ",
        "DIS_NAME_EN": "Sangkae",
        "OD_CODE": "0205",
        "OD_NAME_KH": "សង្កែ",
        "OD_NAME_EN": "Sangkae",
        "COM_CODE": "020810",
        "COM_NAME_KH": "វត្ដតាមិម",
        "COM__NAME_EN": "Vaot Ta Muem",
        "VIL_CODE": "02081005",
        "VIL_NAME_KH": "ស្លក្រាម",
        "VIL__NAME_EN": "Sla Kram",
        "OWNERSHIP": "DPHI (GPS)",
        "ACRONYM": "HC",
        "HF_TYPE_EN": "Health Center",
        "HF_TYPE_KH": "មណ្ឌលសុខភាព",
        "HF_LEVEL": "",
        "HF_HEAD": "តាក់ ណូ",
        "CONTACT_NO": "855 12637302",
        "CONTACT_EMAIL": "None",
        "START_DATE": "01/01/2006",
        "GOOGLE_MAP_LINK": "https://maps.app.goo.gl/QT2WjJMXDgsBuqKs7",
        "STATUS": "Operational"
      }
    },
    {
      "type": "Feature",
      "geometry": {
        "type": "Point",
        "coordinates": [
          103.3448016,
          12.9524335
        ]
      },
      "properties": {
        "HF_ID": "",
        "HF_CODE": "020504",
        "NAME_KH": "HC កំពង់ព្រៀង",
        "NAME_EN": "HC Kampong Preang ",
        "PRO_CODE": "02",
        "PRO_NAME_KH": "បាត់ដំបង",
        "PRO_NAME_EN": "Battambang",
        "DIS_CODE": "0208",
        "DIS_NAME_KH": "សង្កែ",
        "DIS_NAME_EN": "Sangkae",
        "OD_CODE": "0205",
        "OD_NAME_KH": "សង្កែ",
        "OD_NAME_EN": "Sangkae",
        "COM_CODE": "020806",
        "COM_NAME_KH": "កំពង់ព្រៀង",
        "COM__NAME_EN": "Kampong Prieng",
        "VIL_CODE": "02080603",
        "VIL_NAME_KH": "កាច់រទេះ",
        "VIL__NAME_EN": "Kach Roteh",
        "OWNERSHIP": "DPHI (GPS)",
        "ACRONYM": "HC",
        "HF_TYPE_EN": "Health Center",
        "HF_TYPE_KH": "មណ្ឌលសុខភាព",
        "HF_LEVEL": "",
        "HF_HEAD": "សឹន ជីន",
        "CONTACT_NO": "855 12248147",
        "CONTACT_EMAIL": "None",
        "START_DATE": "01/01/2006",
        "GOOGLE_MAP_LINK": "https://maps.app.goo.gl/S8g18cuYC7BeL8kD7?g_st=it",
        "STATUS": "Operational"
      }
    },
    {
      "type": "Feature",
      "geometry": {
        "type": "Point",
        "coordinates": [
          103.3023391,
          13.02914337
        ]
      },
      "properties": {
        "HF_ID": "",
        "HF_CODE": "020505",
        "NAME_KH": "HC កំពង់ព្រះ",
        "NAME_EN": "HC Kampong Preah ",
        "PRO_CODE": "02",
        "PRO_NAME_KH": "បាត់ដំបង",
        "PRO_NAME_EN": "Battambang",
        "DIS_CODE": "0208",
        "DIS_NAME_KH": "សង្កែ",
        "DIS_NAME_EN": "Sangkae",
        "OD_CODE": "0205",
        "OD_NAME_KH": "សង្កែ",
        "OD_NAME_EN": "Sangkae",
        "COM_CODE": "020805",
        "COM_NAME_KH": "កំពង់ព្រះ",
        "COM__NAME_EN": "Kampong Preah",
        "VIL_CODE": "02080504",
        "VIL_NAME_KH": "កំពង់ព្រះ",
        "VIL__NAME_EN": "Kampong Preah",
        "OWNERSHIP": "DPHI (GPS)",
        "ACRONYM": "HC",
        "HF_TYPE_EN": "Health Center",
        "HF_TYPE_KH": "មណ្ឌលសុខភាព",
        "HF_LEVEL": "",
        "HF_HEAD": "អឿន រស់",
        "CONTACT_NO": "855 12371885",
        "CONTACT_EMAIL": "None",
        "START_DATE": "01/01/2006",
        "GOOGLE_MAP_LINK": "https://maps.app.goo.gl/BYoBTAMPMUYtK2qE8",
        "STATUS": "Operational"
      }
    },
    {
      "type": "Feature",
      "geometry": {
        "type": "Point",
        "coordinates": [
          103.265519,
          13.03352733
        ]
      },
      "properties": {
        "HF_ID": "",
        "HF_CODE": "020506",
        "NAME_KH": "HC អូរដំបង ២",
        "NAME_EN": "HC O Dambang II ",
        "PRO_CODE": "02",
        "PRO_NAME_KH": "បាត់ដំបង",
        "PRO_NAME_EN": "Battambang",
        "DIS_CODE": "0208",
        "DIS_NAME_KH": "សង្កែ",
        "DIS_NAME_EN": "Sangkae",
        "OD_CODE": "0205",
        "OD_NAME_KH": "សង្កែ",
        "OD_NAME_EN": "Sangkae",
        "COM_CODE": "020809",
        "COM_NAME_KH": "អូរដំបង ២",
        "COM__NAME_EN": "Ou Dambang Pir",
        "VIL_CODE": "02080906",
        "VIL_NAME_KH": "ទួលល្វៀង",
        "VIL__NAME_EN": "Tuol Lvieng",
        "OWNERSHIP": "DPHI (GPS)",
        "ACRONYM": "HC",
        "HF_TYPE_EN": "Health Center",
        "HF_TYPE_KH": "មណ្ឌលសុខភាព",
        "HF_LEVEL": "",
        "HF_HEAD": "គុល សំភន",
        "CONTACT_NO": "855 78894524",
        "CONTACT_EMAIL": "None",
        "START_DATE": "01/01/2006",
        "GOOGLE_MAP_LINK": "https://maps.app.goo.gl/v82wf5hfwx7tDMip8?g_st=atm",
        "STATUS": "Operational"
      }
    },
    {
      "type": "Feature",
      "geometry": {
        "type": "Point",
        "coordinates": [
          103.2081852,
          13.06370741
        ]
      },
      "properties": {
        "HF_ID": "",
        "HF_CODE": "020508",
        "NAME_KH": "HC អូរដំបង ១",
        "NAME_EN": "HC O Dambang I ",
        "PRO_CODE": "02",
        "PRO_NAME_KH": "បាត់ដំបង",
        "PRO_NAME_EN": "Battambang",
        "DIS_CODE": "0208",
        "DIS_NAME_KH": "សង្កែ",
        "DIS_NAME_EN": "Sangkae",
        "OD_CODE": "0205",
        "OD_NAME_KH": "សង្កែ",
        "OD_NAME_EN": "Sangkae",
        "COM_CODE": "020808",
        "COM_NAME_KH": "អូរដំបង ១",
        "COM__NAME_EN": "Ou Dambang Muoy",
        "VIL_CODE": "02080802",
        "VIL_NAME_KH": "បោះពោធិ៍",
        "VIL__NAME_EN": "Baoh Pou",
        "OWNERSHIP": "DPHI (GPS)",
        "ACRONYM": "HC",
        "HF_TYPE_EN": "Health Center",
        "HF_TYPE_KH": "មណ្ឌលសុខភាព",
        "HF_LEVEL": "",
        "HF_HEAD": "ផ្លុង សាក់",
        "CONTACT_NO": "855 12755 031",
        "CONTACT_EMAIL": "None",
        "START_DATE": "01/01/2006",
        "GOOGLE_MAP_LINK": "https://maps.app.goo.gl/MJDsSJVhSSSKhYZC9",
        "STATUS": "Operational"
      }
    },
    {
      "type": "Feature",
      "geometry": {
        "type": "Point",
        "coordinates": [
          103.2590975,
          12.96836723
        ]
      },
      "properties": {
        "HF_ID": "",
        "HF_CODE": "020509",
        "NAME_KH": "HC រាំងកេសី",
        "NAME_EN": "HC Raing Kesei ",
        "PRO_CODE": "02",
        "PRO_NAME_KH": "បាត់ដំបង",
        "PRO_NAME_EN": "Battambang",
        "DIS_CODE": "0208",
        "DIS_NAME_KH": "សង្កែ",
        "DIS_NAME_EN": "Sangkae",
        "OD_CODE": "0205",
        "OD_NAME_KH": "សង្កែ",
        "OD_NAME_EN": "Sangkae",
        "COM_CODE": "020807",
        "COM_NAME_KH": "រាំងកេសី",
        "COM__NAME_EN": "Reang Kesei",
        "VIL_CODE": "02080703",
        "VIL_NAME_KH": "រាំងកេសី",
        "VIL__NAME_EN": "Reang Kesei",
        "OWNERSHIP": "DPHI (GPS)",
        "ACRONYM": "HC",
        "HF_TYPE_EN": "Health Center",
        "HF_TYPE_KH": "មណ្ឌលសុខភាព",
        "HF_LEVEL": "",
        "HF_HEAD": "ប៉ុន រស្មី",
        "CONTACT_NO": "855 81699916",
        "CONTACT_EMAIL": "None",
        "START_DATE": "01/01/2006",
        "GOOGLE_MAP_LINK": "https://maps.app.goo.gl/o2K4BitxhRD4KgDM7",
        "STATUS": "Operational"
      }
    },
    {
      "type": "Feature",
      "geometry": {
        "type": "Point",
        "coordinates": [
          103.2996552,
          13.11733898
        ]
      },
      "properties": {
        "HF_ID": "",
        "HF_CODE": "020510",
        "NAME_KH": "HC តាប៉ុន",
        "NAME_EN": "HC Ta Pon ",
        "PRO_CODE": "02",
        "PRO_NAME_KH": "បាត់ដំបង",
        "PRO_NAME_EN": "Battambang",
        "DIS_CODE": "0208",
        "DIS_NAME_KH": "សង្កែ",
        "DIS_NAME_EN": "Sangkae",
        "OD_CODE": "0205",
        "OD_NAME_KH": "សង្កែ",
        "OD_NAME_EN": "Sangkae",
        "COM_CODE": "020803",
        "COM_NAME_KH": "តាប៉ុន",
        "COM__NAME_EN": "Ta Pon",
        "VIL_CODE": "02080304",
        "VIL_NAME_KH": "បាសែត",
        "VIL__NAME_EN": "Basaet",
        "OWNERSHIP": "DPHI (GPS)",
        "ACRONYM": "HC",
        "HF_TYPE_EN": "Health Center",
        "HF_TYPE_KH": "មណ្ឌលសុខភាព",
        "HF_LEVEL": "",
        "HF_HEAD": "ឈាង គុណវុឌ្ឍី",
        "CONTACT_NO": "855 99576160",
        "CONTACT_EMAIL": "None",
        "START_DATE": "01/01/2006",
        "GOOGLE_MAP_LINK": "https://maps.app.goo.gl/ZPsjUhCbxc8bxZoEA?g_st=atm",
        "STATUS": "Operational"
      }
    },
    {
      "type": "Feature",
      "geometry": {
        "type": "Point",
        "coordinates": [
          103.2172555,
          13.13742022
        ]
      },
      "properties": {
        "HF_ID": "",
        "HF_CODE": "020512",
        "NAME_KH": "HC សំរោងក្នុង",
        "NAME_EN": "HC Samrong Knong ",
        "PRO_CODE": "02",
        "PRO_NAME_KH": "បាត់ដំបង",
        "PRO_NAME_EN": "Battambang",
        "DIS_CODE": "0205",
        "DIS_NAME_KH": "ឯកភ្នំ",
        "DIS_NAME_EN": "Aek Phnum",
        "OD_CODE": "0205",
        "OD_NAME_KH": "សង្កែ",
        "OD_NAME_EN": "Sangkae",
        "COM_CODE": "020502",
        "COM_NAME_KH": "សំរោងក្នុង",
        "COM__NAME_EN": "Samraong Knong",
        "VIL_CODE": "02050202",
        "VIL_NAME_KH": "កំពង់សំបួរ",
        "VIL__NAME_EN": "Kampong Sambuor",
        "OWNERSHIP": "DPHI (GPS)",
        "ACRONYM": "HC",
        "HF_TYPE_EN": "Health Center",
        "HF_TYPE_KH": "មណ្ឌលសុខភាព",
        "HF_LEVEL": "",
        "HF_HEAD": "ធន ម៉ិ",
        "CONTACT_NO": "855 12776584",
        "CONTACT_EMAIL": "thuonmek@gmail.com",
        "START_DATE": "01/01/2006",
        "GOOGLE_MAP_LINK": "https://maps.app.goo.gl/uxA1Nhqh8ZXYVcUCA",
        "STATUS": "Operational"
      }
    },
    {
      "type": "Feature",
      "geometry": {
        "type": "Point",
        "coordinates": [
          103.2373415,
          13.15794498
        ]
      },
      "properties": {
        "HF_ID": "",
        "HF_CODE": "020513",
        "NAME_KH": "HC ព្រែកហ្លួង",
        "NAME_EN": "HC Prek Luong ",
        "PRO_CODE": "02",
        "PRO_NAME_KH": "បាត់ដំបង",
        "PRO_NAME_EN": "Battambang",
        "DIS_CODE": "0205",
        "DIS_NAME_KH": "ឯកភ្នំ",
        "DIS_NAME_EN": "Aek Phnum",
        "OD_CODE": "0205",
        "OD_NAME_KH": "សង្កែ",
        "OD_NAME_EN": "Sangkae",
        "COM_CODE": "020504",
        "COM_NAME_KH": "ព្រែកហ្លួង",
        "COM__NAME_EN": "Preaek Luong",
        "VIL_CODE": "02050401",
        "VIL_NAME_KH": "ព្រែកហ្លួង",
        "VIL__NAME_EN": "Preaek Luong",
        "OWNERSHIP": "DPHI (GPS)",
        "ACRONYM": "HC",
        "HF_TYPE_EN": "Health Center",
        "HF_TYPE_KH": "មណ្ឌលសុខភាព",
        "HF_LEVEL": "",
        "HF_HEAD": "ថៃ សាខន",
        "CONTACT_NO": "855 16309028",
        "CONTACT_EMAIL": "None",
        "START_DATE": "01/01/2006",
        "GOOGLE_MAP_LINK": "https://maps.app.goo.gl/ikHJaNogmMTBQaFy5?g_st=afm",
        "STATUS": "Operational"
      }
    },
    {
      "type": "Feature",
      "geometry": {
        "type": "Point",
        "coordinates": [
          103.2118565,
          13.15368075
        ]
      },
      "properties": {
        "HF_ID": "",
        "HF_CODE": "020514",
        "NAME_KH": "HC ពាមឯក",
        "NAME_EN": "HC Peam Ek ",
        "PRO_CODE": "02",
        "PRO_NAME_KH": "បាត់ដំបង",
        "PRO_NAME_EN": "Battambang",
        "DIS_CODE": "0205",
        "DIS_NAME_KH": "ឯកភ្នំ",
        "DIS_NAME_EN": "Aek Phnum",
        "OD_CODE": "0205",
        "OD_NAME_KH": "សង្កែ",
        "OD_NAME_EN": "Sangkae",
        "COM_CODE": "020505",
        "COM_NAME_KH": "ពាមឯក",
        "COM__NAME_EN": "Peam Aek",
        "VIL_CODE": "02050501",
        "VIL_NAME_KH": "ដូនទាវ",
        "VIL__NAME_EN": "Doun Teav",
        "OWNERSHIP": "DPHI (GPS)",
        "ACRONYM": "HC",
        "HF_TYPE_EN": "Health Center",
        "HF_TYPE_KH": "មណ្ឌលសុខភាព",
        "HF_LEVEL": "",
        "HF_HEAD": "ជីវ ជិនហ៊",
        "CONTACT_NO": "855 888717006",
        "CONTACT_EMAIL": "chinhorchiv@gmail.com",
        "START_DATE": "01/01/2006",
        "GOOGLE_MAP_LINK": "https://maps.app.goo.gl/QxAL57mwkxFJmKQM6",
        "STATUS": "Operational"
      }
    },
    {
      "type": "Feature",
      "geometry": {
        "type": "Point",
        "coordinates": [
          103.4026468,
          13.31392465
        ]
      },
      "properties": {
        "HF_ID": "",
        "HF_CODE": "020515",
        "NAME_KH": "HC ព្រៃចាស់",
        "NAME_EN": "HC Prey Chas ",
        "PRO_CODE": "02",
        "PRO_NAME_KH": "បាត់ដំបង",
        "PRO_NAME_EN": "Battambang",
        "DIS_CODE": "0205",
        "DIS_NAME_KH": "ឯកភ្នំ",
        "DIS_NAME_EN": "Aek Phnum",
        "OD_CODE": "0205",
        "OD_NAME_KH": "សង្កែ",
        "OD_NAME_EN": "Sangkae",
        "COM_CODE": "020506",
        "COM_NAME_KH": "ព្រៃចាស់",
        "COM__NAME_EN": "Prey Chas",
        "VIL_CODE": "02050605",
        "VIL_NAME_KH": "បាក់ព្រា",
        "VIL__NAME_EN": "Bak Prea",
        "OWNERSHIP": "DPHI (GPS)",
        "ACRONYM": "HC",
        "HF_TYPE_EN": "Health Center",
        "HF_TYPE_KH": "មណ្ឌលសុខភាព",
        "HF_LEVEL": "",
        "HF_HEAD": "នី ហាក់",
        "CONTACT_NO": "855 61662663",
        "CONTACT_EMAIL": "None",
        "START_DATE": "01/01/2006",
        "GOOGLE_MAP_LINK": "https://maps.app.goo.gl/MDgU3rnQtmLGNmWV6?g_st=it",
        "STATUS": "Operational"
      }
    },
    {
      "type": "Feature",
      "geometry": {
        "type": "Point",
        "coordinates": [
          103.6606078,
          13.24050125
        ]
      },
      "properties": {
        "HF_ID": "",
        "HF_CODE": "020516",
        "NAME_KH": "HC កោះជីវាំង",
        "NAME_EN": "HC Koh Chivaing ",
        "PRO_CODE": "02",
        "PRO_NAME_KH": "បាត់ដំបង",
        "PRO_NAME_EN": "Battambang",
        "DIS_CODE": "0205",
        "DIS_NAME_KH": "ឯកភ្នំ",
        "DIS_NAME_EN": "Aek Phnum",
        "OD_CODE": "0205",
        "OD_NAME_KH": "សង្កែ",
        "OD_NAME_EN": "Sangkae",
        "COM_CODE": "020507",
        "COM_NAME_KH": "កោះជីវាំង",
        "COM__NAME_EN": "Kaoh Chiveang",
        "VIL_CODE": "02050703",
        "VIL_NAME_KH": "អន្លង់តាអួរ",
        "VIL__NAME_EN": "Anlong Ta Uor",
        "OWNERSHIP": "DPHI (GPS)",
        "ACRONYM": "HC",
        "HF_TYPE_EN": "Health Center",
        "HF_TYPE_KH": "មណ្ឌលសុខភាព",
        "HF_LEVEL": "",
        "HF_HEAD": "សាន់ ឱសថ",
        "CONTACT_NO": "855 99302904",
        "CONTACT_EMAIL": "santhavery@gmail.com",
        "START_DATE": "01/01/2006",
        "GOOGLE_MAP_LINK": "https://maps.google.com/?cid=9264009965990828196&entry=gps&g_st=atm",
        "STATUS": "Operational"
      }
    },
    {
      "type": "Feature",
      "geometry": {
        "type": "Point",
        "coordinates": [
          103.275114,
          13.09281627
        ]
      },
      "properties": {
        "HF_ID": "",
        "HF_CODE": "020517",
        "NAME_KH": "RH មន្ទីរពេទ្យបង្អែករកា",
        "NAME_EN": "RH Roka ",
        "PRO_CODE": "02",
        "PRO_NAME_KH": "បាត់ដំបង",
        "PRO_NAME_EN": "Battambang",
        "DIS_CODE": "0208",
        "DIS_NAME_KH": "សង្កែ",
        "DIS_NAME_EN": "Sangkae",
        "OD_CODE": "0205",
        "OD_NAME_KH": "សង្កែ",
        "OD_NAME_EN": "Sangkae",
        "COM_CODE": "020804",
        "COM_NAME_KH": "រកា",
        "COM__NAME_EN": "Roka",
        "VIL_CODE": "02080404",
        "VIL_NAME_KH": "រកា",
        "VIL__NAME_EN": "Roka",
        "OWNERSHIP": "DPHI (GPS)",
        "ACRONYM": "RH",
        "HF_TYPE_EN": "Referral Hospital",
        "HF_TYPE_KH": "មន្ទីរពេទ្យបង្អែកស្រុក",
        "HF_LEVEL": "",
        "HF_HEAD": "អេង សំណាង",
        "CONTACT_NO": "855 12893678",
        "CONTACT_EMAIL": "samnangeng@gmail.com",
        "START_DATE": "01/01/2017",
        "GOOGLE_MAP_LINK": "https://maps.app.goo.gl/5xFzUQZzCewQsQGGA?g_st=it",
        "STATUS": "Operational"
      }
    },
    {
      "type": "Feature",
      "geometry": {
        "type": "Point",
        "coordinates": [
          103.2312047,
          13.16084575
        ]
      },
      "properties": {
        "HF_ID": "",
        "HF_CODE": "020518",
        "NAME_KH": "RH មន្ទីរពេទ្យបង្អែកឯកភ្នំ",
        "NAME_EN": "RH Ekphnom ",
        "PRO_CODE": "02",
        "PRO_NAME_KH": "បាត់ដំបង",
        "PRO_NAME_EN": "Battambang",
        "DIS_CODE": "0208",
        "DIS_NAME_KH": "សង្កែ",
        "DIS_NAME_EN": "Sangkae",
        "OD_CODE": "0205",
        "OD_NAME_KH": "សង្កែ",
        "OD_NAME_EN": "Sangkae",
        "COM_CODE": "020501",
        "COM_NAME_KH": "ព្រែកនរិន្ទ",
        "COM__NAME_EN": "Preaek Norint",
        "VIL_CODE": "02050104",
        "VIL_NAME_KH": "ព្រែកនរិន្ទ",
        "VIL__NAME_EN": "Preaek Norint",
        "OWNERSHIP": "DPHI (GPS)",
        "ACRONYM": "RH",
        "HF_TYPE_EN": "Referral Hospital",
        "HF_TYPE_KH": "មន្ទីរពេទ្យបង្អែកស្រុក",
        "HF_LEVEL": "",
        "HF_HEAD": "Unknown",
        "CONTACT_NO": "NA",
        "CONTACT_EMAIL": "NA",
        "START_DATE": "01/01/2017",
        "GOOGLE_MAP_LINK": "https://maps.app.goo.gl/9N7wEDVHBjkARgL76",
        "STATUS": "Operational"
      }
    },
    {
      "type": "Feature",
      "geometry": {
        "type": "Point",
        "coordinates": [
          103.2312084,
          13.16089508
        ]
      },
      "properties": {
        "HF_ID": "",
        "HF_CODE": "020519",
        "NAME_KH": "HC ព្រែកនរិន្ទ",
        "NAME_EN": "HC Prek Norin ",
        "PRO_CODE": "02",
        "PRO_NAME_KH": "បាត់ដំបង",
        "PRO_NAME_EN": "Battambang",
        "DIS_CODE": "0205",
        "DIS_NAME_KH": "ឯកភ្នំ",
        "DIS_NAME_EN": "Aek Phnum",
        "OD_CODE": "0205",
        "OD_NAME_KH": "សង្កែ",
        "OD_NAME_EN": "Sangkae",
        "COM_CODE": "020501",
        "COM_NAME_KH": "ព្រែកនរិន្ទ",
        "COM__NAME_EN": "Preaek Norint",
        "VIL_CODE": "02050104",
        "VIL_NAME_KH": "ព្រែកនរិន្ទ",
        "VIL__NAME_EN": "Preaek Norint",
        "OWNERSHIP": "DPHI (GPS)",
        "ACRONYM": "HC",
        "HF_TYPE_EN": "Health Center",
        "HF_TYPE_KH": "មណ្ឌលសុខភាព",
        "HF_LEVEL": "",
        "HF_HEAD": "សឿន ធិ",
        "CONTACT_NO": "855 89448417",
        "CONTACT_EMAIL": "None",
        "START_DATE": "01/01/2020",
        "GOOGLE_MAP_LINK": "https://maps.app.goo.gl/8cVjUr2WJfQG2X3AA",
        "STATUS": "Operational"
      }
    },
    {
      "type": "Feature",
      "geometry": {
        "type": "Point",
        "coordinates": [
          105.802135,
          11.08646797
        ]
      },
      "properties": {
        "HF_ID": "",
        "HF_CODE": "200301",
        "NAME_KH": "PH មន្ទីរពេទ្យខេត្តស្វាយរៀង",
        "NAME_EN": "PH Svay Rieng ",
        "PRO_CODE": "20",
        "PRO_NAME_KH": "ស្វាយរៀង",
        "PRO_NAME_EN": "Svay Rieng",
        "DIS_CODE": "2006",
        "DIS_NAME_KH": "ស្វាយរៀង",
        "DIS_NAME_EN": "Svay Rieng",
        "OD_CODE": "2003",
        "OD_NAME_KH": "ស្វាយរៀង",
        "OD_NAME_EN": "Svay Rieng",
        "COM_CODE": "200601",
        "COM_NAME_KH": "ស្វាយរៀង",
        "COM__NAME_EN": "Svay Rieng",
        "VIL_CODE": "20060105",
        "VIL_NAME_KH": "ស្រះវង់",
        "VIL__NAME_EN": "Srah Vong",
        "OWNERSHIP": "DPHI (GPS)",
        "ACRONYM": "PH",
        "HF_TYPE_EN": "Provincial Hospital",
        "HF_TYPE_KH": "មន្ទីរពេទ្យខេត្ត",
        "HF_LEVEL": "CPA3",
        "HF_HEAD": "ចាន់ ដារ៉ា",
        "CONTACT_NO": "855 977821677",
        "CONTACT_EMAIL": "None",
        "START_DATE": "01/01/2006",
        "GOOGLE_MAP_LINK": "https://maps.app.goo.gl/aN2RsZNoGe9sC2b3A?g_st=com.google.maps.preview.copy",
        "STATUS": "Operational"
      }
    },
    {
      "type": "Feature",
      "geometry": {
        "type": "Point",
        "coordinates": [
          105.8020329,
          11.08645536
        ]
      },
      "properties": {
        "HF_ID": "",
        "HF_CODE": "200302",
        "NAME_KH": "HC ស្វាយរៀង",
        "NAME_EN": "HC Svay Rieng ",
        "PRO_CODE": "20",
        "PRO_NAME_KH": "ស្វាយរៀង",
        "PRO_NAME_EN": "Svay Rieng",
        "DIS_CODE": "2006",
        "DIS_NAME_KH": "ស្វាយរៀង",
        "DIS_NAME_EN": "Svay Rieng",
        "OD_CODE": "2003",
        "OD_NAME_KH": "ស្វាយរៀង",
        "OD_NAME_EN": "Svay Rieng",
        "COM_CODE": "200601",
        "COM_NAME_KH": "ស្វាយរៀង",
        "COM__NAME_EN": "Svay Rieng",
        "VIL_CODE": "20060105",
        "VIL_NAME_KH": "ស្រះវង់",
        "VIL__NAME_EN": "Srah Vong",
        "OWNERSHIP": "DPHI (GPS)",
        "ACRONYM": "HC",
        "HF_TYPE_EN": "Health Center",
        "HF_TYPE_KH": "មណ្ឌលសុខភាព",
        "HF_LEVEL": "MPA",
        "HF_HEAD": "ប៊ិន សាវ៉េត",
        "CONTACT_NO": "855 10 871 141",
        "CONTACT_EMAIL": "None",
        "START_DATE": "01/01/2006",
        "GOOGLE_MAP_LINK": "https://maps.app.goo.gl/XoGCw4bawyFSu4HCA",
        "STATUS": "Operational"
      }
    },
    {
      "type": "Feature",
      "geometry": {
        "type": "Point",
        "coordinates": [
          105.8084902,
          11.06616891
        ]
      },
      "properties": {
        "HF_ID": "",
        "HF_CODE": "200303",
        "NAME_KH": "HC បាសាក់",
        "NAME_EN": "HC Bassac ",
        "PRO_CODE": "20",
        "PRO_NAME_KH": "ស្វាយរៀង",
        "PRO_NAME_EN": "Svay Rieng",
        "DIS_CODE": "2006",
        "DIS_NAME_KH": "ស្វាយរៀង",
        "DIS_NAME_EN": "Svay Rieng",
        "OD_CODE": "2003",
        "OD_NAME_KH": "ស្វាយរៀង",
        "OD_NAME_EN": "Svay Rieng",
        "COM_CODE": "200603",
        "COM_NAME_KH": "គយត្របែក",
        "COM__NAME_EN": "Koy Trabaek",
        "VIL_CODE": "20060302",
        "VIL_NAME_KH": "តារាងបាល់",
        "VIL__NAME_EN": "Tarang Bal",
        "OWNERSHIP": "DPHI (GPS)",
        "ACRONYM": "HC",
        "HF_TYPE_EN": "Health Center",
        "HF_TYPE_KH": "មណ្ឌលសុខភាព",
        "HF_LEVEL": "MPA",
        "HF_HEAD": "ឆេង សុភា",
        "CONTACT_NO": "855​ 97 872 4849",
        "CONTACT_EMAIL": "None",
        "START_DATE": "01/01/2006",
        "GOOGLE_MAP_LINK": "https://maps.app.goo.gl/Y99jYpgGFjGuYd6W7?g_st=it",
        "STATUS": "Operational"
      }
    },
    {
      "type": "Feature",
      "geometry": {
        "type": "Point",
        "coordinates": [
          105.7854275,
          11.11147661
        ]
      },
      "properties": {
        "HF_ID": "",
        "HF_CODE": "200305",
        "NAME_KH": "HC ចេក",
        "NAME_EN": "HC Chek ",
        "PRO_CODE": "20",
        "PRO_NAME_KH": "ស្វាយរៀង",
        "PRO_NAME_EN": "Svay Rieng",
        "DIS_CODE": "2006",
        "DIS_NAME_KH": "ស្វាយរៀង",
        "DIS_NAME_EN": "Svay Rieng",
        "OD_CODE": "2003",
        "OD_NAME_KH": "ស្វាយរៀង",
        "OD_NAME_EN": "Svay Rieng",
        "COM_CODE": "200605",
        "COM_NAME_KH": "ចេក",
        "COM__NAME_EN": "Chek",
        "VIL_CODE": "20060504",
        "VIL_NAME_KH": "ទទា",
        "VIL__NAME_EN": "Totea",
        "OWNERSHIP": "DPHI (GPS)",
        "ACRONYM": "HC",
        "HF_TYPE_EN": "Health Center",
        "HF_TYPE_KH": "មណ្ឌលសុខភាព",
        "HF_LEVEL": "MPA",
        "HF_HEAD": "ប៉ុក ស៊ីណារ៉ា",
        "CONTACT_NO": "855 88 998 4659",
        "CONTACT_EMAIL": "None",
        "START_DATE": "01/01/2006",
        "GOOGLE_MAP_LINK": "https://maps.app.goo.gl/tXXhBMvNdmgozBiZ6?g_st=com.google.maps.preview.copy",
        "STATUS": "Operational"
      }
    },
    {
      "type": "Feature",
      "geometry": {
        "type": "Point",
        "coordinates": [
          105.8262806,
          11.08019885
        ]
      },
      "properties": {
        "HF_ID": "",
        "HF_CODE": "200315",
        "NAME_KH": "HC សង្ឃ័រ",
        "NAME_EN": "HC Sangkhoar ",
        "PRO_CODE": "20",
        "PRO_NAME_KH": "ស្វាយរៀង",
        "PRO_NAME_EN": "Svay Rieng",
        "DIS_CODE": "2006",
        "DIS_NAME_KH": "ស្វាយរៀង",
        "DIS_NAME_EN": "Svay Rieng",
        "OD_CODE": "2003",
        "OD_NAME_KH": "ស្វាយរៀង",
        "OD_NAME_EN": "Svay Rieng",
        "COM_CODE": "200607",
        "COM_NAME_KH": "សង្ឃរ័",
        "COM__NAME_EN": "Sangkhoar",
        "VIL_CODE": "20060701",
        "VIL_NAME_KH": "ថ្មី",
        "VIL__NAME_EN": "Thmei",
        "OWNERSHIP": "DPHI (GPS)",
        "ACRONYM": "HC",
        "HF_TYPE_EN": "Health Center",
        "HF_TYPE_KH": "មណ្ឌលសុខភាព",
        "HF_LEVEL": "MPA",
        "HF_HEAD": "នាង សារ៉ាន់",
        "CONTACT_NO": "855 11751644",
        "CONTACT_EMAIL": "None",
        "START_DATE": "01/01/2006",
        "GOOGLE_MAP_LINK": "https://maps.app.goo.gl/2dpfB3i5ynJb3ejQA",
        "STATUS": "Operational"
      }
    },
    {
      "type": "Feature",
      "geometry": {
        "type": "Point",
        "coordinates": [
          105.9993468,
          11.09454291
        ]
      },
      "properties": {
        "HF_ID": "",
        "HF_CODE": "200109",
        "NAME_KH": "HC ពពែត",
        "NAME_EN": "HC Popet ",
        "PRO_CODE": "20",
        "PRO_NAME_KH": "ស្វាយរៀង",
        "PRO_NAME_EN": "Svay Rieng",
        "DIS_CODE": "2007",
        "DIS_NAME_KH": "ស្វាយទាប",
        "DIS_NAME_EN": "Svay Teab",
        "OD_CODE": "2004",
        "OD_NAME_KH": "ស្វាយទាប",
        "OD_NAME_EN": "Svay Teap",
        "COM_CODE": "200705",
        "COM_NAME_KH": "ពពែត",
        "COM__NAME_EN": "Popeaet",
        "VIL_CODE": "20070505",
        "VIL_NAME_KH": "កំពោតម្រាក់",
        "VIL__NAME_EN": "Kampout Mreak",
        "OWNERSHIP": "DPHI (GPS)",
        "ACRONYM": "HC",
        "HF_TYPE_EN": "Health Center",
        "HF_TYPE_KH": "មណ្ឌលសុខភាព",
        "HF_LEVEL": "MPA",
        "HF_HEAD": "ព្រុំ សំអុល",
        "CONTACT_NO": "855 887447919",
        "CONTACT_EMAIL": "None",
        "START_DATE": "01/01/2015",
        "GOOGLE_MAP_LINK": "https://maps.app.goo.gl/swui1WBwVWEaRpz57",
        "STATUS": "Operational"
      }
    },
    {
      "type": "Feature",
      "geometry": {
        "type": "Point",
        "coordinates": [
          105.9005854,
          11.0489799
        ]
      },
      "properties": {
        "HF_ID": "",
        "HF_CODE": "200314",
        "NAME_KH": "HC កណ្តៀងរាយ",
        "NAME_EN": "HC Kandieng Reay ",
        "PRO_CODE": "20",
        "PRO_NAME_KH": "ស្វាយរៀង",
        "PRO_NAME_EN": "Svay Rieng",
        "DIS_CODE": "2007",
        "DIS_NAME_KH": "ស្វាយទាប",
        "DIS_NAME_EN": "Svay Teab",
        "OD_CODE": "2004",
        "OD_NAME_KH": "ស្វាយទាប",
        "OD_NAME_EN": "Svay Teap",
        "COM_CODE": "200703",
        "COM_NAME_KH": "កណ្ដៀងរាយ",
        "COM__NAME_EN": "Kandieng Reay",
        "VIL_CODE": "20070301",
        "VIL_NAME_KH": "ប្រសូតិ ទី១",
        "VIL__NAME_EN": "Prasout Ti Muoy",
        "OWNERSHIP": "DPHI (GPS)",
        "ACRONYM": "HC",
        "HF_TYPE_EN": "Health Center",
        "HF_TYPE_KH": "មណ្ឌលសុខភាព",
        "HF_LEVEL": "MPA",
        "HF_HEAD": "វៀន សារ៉ា",
        "CONTACT_NO": "855 972874748",
        "CONTACT_EMAIL": "None",
        "START_DATE": "01/01/2015",
        "GOOGLE_MAP_LINK": "https://maps.app.goo.gl/E4LjeifWorxT1aG26",
        "STATUS": "Operational"
      }
    },
    {
      "type": "Feature",
      "geometry": {
        "type": "Point",
        "coordinates": [
          105.8968832,
          11.14618117
        ]
      },
      "properties": {
        "HF_ID": "",
        "HF_CODE": "200405",
        "NAME_KH": "HC ស្វាយរំពារ",
        "NAME_EN": "HC Svay Rumpea ",
        "PRO_CODE": "20",
        "PRO_NAME_KH": "ស្វាយរៀង",
        "PRO_NAME_EN": "Svay Rieng",
        "DIS_CODE": "2007",
        "DIS_NAME_KH": "ស្វាយទាប",
        "DIS_NAME_EN": "Svay Teab",
        "OD_CODE": "2004",
        "OD_NAME_KH": "ស្វាយទាប",
        "OD_NAME_EN": "Svay Teap",
        "COM_CODE": "200711",
        "COM_NAME_KH": "ស្វាយរំពារ",
        "COM__NAME_EN": "Svay Rumpear",
        "VIL_CODE": "20071105",
        "VIL_NAME_KH": "កក់",
        "VIL__NAME_EN": "Kak",
        "OWNERSHIP": "DPHI (GPS)",
        "ACRONYM": "HC",
        "HF_TYPE_EN": "Health Center",
        "HF_TYPE_KH": "មណ្ឌលសុខភាព",
        "HF_LEVEL": "MPA",
        "HF_HEAD": "ឆន សុភី",
        "CONTACT_NO": "855 99933202",
        "CONTACT_EMAIL": "None",
        "START_DATE": "01/02/2015",
        "GOOGLE_MAP_LINK": "https://maps.app.goo.gl/xA3WGUPXwzZSnGRAA",
        "STATUS": "Operational"
      }
    },
    {
      "type": "Feature",
      "geometry": {
        "type": "Point",
        "coordinates": [
          105.9005368,
          11.0489633
        ]
      },
      "properties": {
        "HF_ID": "",
        "HF_CODE": "200402",
        "NAME_KH": "RH មន្ទីរពេទ្យ ស្វាយទាប",
        "NAME_EN": "RH Svay Teap ",
        "PRO_CODE": "20",
        "PRO_NAME_KH": "ស្វាយរៀង",
        "PRO_NAME_EN": "Svay Rieng",
        "DIS_CODE": "2007",
        "DIS_NAME_KH": "ស្វាយទាប",
        "DIS_NAME_EN": "Svay Teab",
        "OD_CODE": "2004",
        "OD_NAME_KH": "ស្វាយទាប",
        "OD_NAME_EN": "Svay Teap",
        "COM_CODE": "200703",
        "COM_NAME_KH": "កណ្ដៀងរាយ",
        "COM__NAME_EN": "Kandieng Reay",
        "VIL_CODE": "20070301",
        "VIL_NAME_KH": "ប្រសូតិ ទី១",
        "VIL__NAME_EN": "Prasout Ti Muoy",
        "OWNERSHIP": "DPHI (GPS)",
        "ACRONYM": "RH",
        "HF_TYPE_EN": "Referral Hospital",
        "HF_TYPE_KH": "មន្ទីរពេទ្យបង្អែកស្រុក",
        "HF_LEVEL": "CPA1",
        "HF_HEAD": "សរ សុខចំរើន",
        "CONTACT_NO": "855 888877926",
        "CONTACT_EMAIL": "None",
        "START_DATE": "01/01/2015",
        "GOOGLE_MAP_LINK": "https://maps.app.goo.gl/P2pWo5ELmT6gJpYj9",
        "STATUS": "Operational"
      }
    },
    {
      "type": "Feature",
      "geometry": {
        "type": "Point",
        "coordinates": [
          105.9491677,
          11.16211255
        ]
      },
      "properties": {
        "HF_ID": "",
        "HF_CODE": "200404",
        "NAME_KH": "HC គគីរសោម",
        "NAME_EN": "HC Kokir Soam ",
        "PRO_CODE": "20",
        "PRO_NAME_KH": "ស្វាយរៀង",
        "PRO_NAME_EN": "Svay Rieng",
        "DIS_CODE": "2007",
        "DIS_NAME_KH": "ស្វាយទាប",
        "DIS_NAME_EN": "Svay Teab",
        "OD_CODE": "2004",
        "OD_NAME_KH": "ស្វាយទាប",
        "OD_NAME_EN": "Svay Teap",
        "COM_CODE": "200702",
        "COM_NAME_KH": "គគីរសោម",
        "COM__NAME_EN": "Kokir Soam ",
        "VIL_CODE": "20070201",
        "VIL_NAME_KH": "សង្គម",
        "VIL__NAME_EN": "Sangkum",
        "OWNERSHIP": "DPHI (GPS)",
        "ACRONYM": "HC",
        "HF_TYPE_EN": "Health Center",
        "HF_TYPE_KH": "មណ្ឌលសុខភាព",
        "HF_LEVEL": "MPA",
        "HF_HEAD": "អាង សុគន្ធា",
        "CONTACT_NO": "855 88 777 2587",
        "CONTACT_EMAIL": "NA",
        "START_DATE": "01/09/2022",
        "GOOGLE_MAP_LINK": "https://maps.app.goo.gl/AcyJwD1NjG3Fi6is7",
        "STATUS": "Operational"
      }
    },
    {
      "type": "Feature",
      "geometry": {
        "type": "Point",
        "coordinates": [
          105.8185462,
          11.03006898
        ]
      },
      "properties": {
        "HF_ID": "",
        "HF_CODE": "200317",
        "NAME_KH": "HC បាសាក់ថ្មី",
        "NAME_EN": "HC New Basac ",
        "PRO_CODE": "20",
        "PRO_NAME_KH": "ស្វាយរៀង",
        "PRO_NAME_EN": "Svay Rieng",
        "DIS_CODE": "2005",
        "DIS_NAME_KH": "ស្វាយជ្រំ",
        "DIS_NAME_EN": "Svay Chrum",
        "OD_CODE": "2003",
        "OD_NAME_KH": "ស្វាយរៀង",
        "OD_NAME_EN": "Svay Rieng",
        "COM_CODE": "200502",
        "COM_NAME_KH": "បាសាក់",
        "COM__NAME_EN": "Basac",
        "VIL_CODE": "20050201",
        "VIL_NAME_KH": "សាលារៀន",
        "VIL__NAME_EN": "Sala Rien",
        "OWNERSHIP": "DPHI (GPS)",
        "ACRONYM": "HC",
        "HF_TYPE_EN": "Health Center",
        "HF_TYPE_KH": "មណ្ឌលសុខភាព",
        "HF_LEVEL": "MPA",
        "HF_HEAD": "",
        "CONTACT_NO": "",
        "CONTACT_EMAIL": "None",
        "START_DATE": "",
        "GOOGLE_MAP_LINK": "",
        "STATUS": "Pending"
      }
    },
    {
      "type": "Feature",
      "geometry": {
        "type": "Point",
        "coordinates": [
          105.6935316,
          11.0610311
        ]
      },
      "properties": {
        "HF_ID": "",
        "HF_CODE": "200318",
        "NAME_KH": "HC ចំបក់",
        "NAME_EN": "HC Chambak ",
        "PRO_CODE": "20",
        "PRO_NAME_KH": "ស្វាយរៀង",
        "PRO_NAME_EN": "Svay Rieng",
        "DIS_CODE": "2005",
        "DIS_NAME_KH": "ស្វាយជ្រំ",
        "DIS_NAME_EN": "Svay Chrum",
        "OD_CODE": "2003",
        "OD_NAME_KH": "ស្វាយរៀង",
        "OD_NAME_EN": "Svay Rieng",
        "COM_CODE": "200503",
        "COM_NAME_KH": "ចំបក់",
        "COM__NAME_EN": "Chambak",
        "VIL_CODE": "20050301",
        "VIL_NAME_KH": "ថ្មី",
        "VIL__NAME_EN": "Thmei",
        "OWNERSHIP": "DPHI (GPS)",
        "ACRONYM": "HC",
        "HF_TYPE_EN": "Health Center",
        "HF_TYPE_KH": "មណ្ឌលសុខភាព",
        "HF_LEVEL": "MPA",
        "HF_HEAD": "",
        "CONTACT_NO": "",
        "CONTACT_EMAIL": "None",
        "START_DATE": "",
        "GOOGLE_MAP_LINK": "",
        "STATUS": "Pending"
      }
    },
    {
      "type": "Feature",
      "geometry": {
        "type": "Point",
        "coordinates": [
          105.7443499,
          11.0657937
        ]
      },
      "properties": {
        "HF_ID": "",
        "HF_CODE": "200304",
        "NAME_KH": "HC ចម្លង",
        "NAME_EN": "HC Chamlang ",
        "PRO_CODE": "20",
        "PRO_NAME_KH": "ស្វាយរៀង",
        "PRO_NAME_EN": "Svay Rieng",
        "DIS_CODE": "2005",
        "DIS_NAME_KH": "ស្វាយជ្រំ",
        "DIS_NAME_EN": "Svay Chrum",
        "OD_CODE": "2003",
        "OD_NAME_KH": "ស្វាយរៀង",
        "OD_NAME_EN": "Svay Rieng",
        "COM_CODE": "200504",
        "COM_NAME_KH": "កំពង់ចំឡង",
        "COM__NAME_EN": "Kampong Chamlang",
        "VIL_CODE": "20050404",
        "VIL_NAME_KH": "តាជៃ",
        "VIL__NAME_EN": "Ta Chey",
        "OWNERSHIP": "DPHI (GPS)",
        "ACRONYM": "HC",
        "HF_TYPE_EN": "Health Center",
        "HF_TYPE_KH": "មណ្ឌលសុខភាព",
        "HF_LEVEL": "MPA",
        "HF_HEAD": "ថន ម៉ាន្នី",
        "CONTACT_NO": "855 88 875 4949",
        "CONTACT_EMAIL": "None",
        "START_DATE": "01/01/2006",
        "GOOGLE_MAP_LINK": "https://maps.app.goo.gl/2V9txVqYJp1n9fj97?g_st=atm",
        "STATUS": "Operational"
      }
    },
    {
      "type": "Feature",
      "geometry": {
        "type": "Point",
        "coordinates": [
          105.7132671,
          11.11948638
        ]
      },
      "properties": {
        "HF_ID": "",
        "HF_CODE": "200306",
        "NAME_KH": "HC ស្វាយជ្រុំ",
        "NAME_EN": "HC Svay Chrum ",
        "PRO_CODE": "20",
        "PRO_NAME_KH": "ស្វាយរៀង",
        "PRO_NAME_EN": "Svay Rieng",
        "DIS_CODE": "2005",
        "DIS_NAME_KH": "ស្វាយជ្រំ",
        "DIS_NAME_EN": "Svay Chrum",
        "OD_CODE": "2003",
        "OD_NAME_KH": "ស្វាយរៀង",
        "OD_NAME_EN": "Svay Rieng",
        "COM_CODE": "200514",
        "COM_NAME_KH": "ស្វាយជ្រំ",
        "COM__NAME_EN": "Svay Chrum",
        "VIL_CODE": "20051406",
        "VIL_NAME_KH": "ស្វាយក្ងោ",
        "VIL__NAME_EN": "Svay Kngao",
        "OWNERSHIP": "DPHI (GPS)",
        "ACRONYM": "HC",
        "HF_TYPE_EN": "Health Center",
        "HF_TYPE_KH": "មណ្ឌលសុខភាព",
        "HF_LEVEL": "MPA",
        "HF_HEAD": "ប៉ែន​ ផាត",
        "CONTACT_NO": "855 11655256",
        "CONTACT_EMAIL": "None",
        "START_DATE": "01/01/2006",
        "GOOGLE_MAP_LINK": "https://me-qr.com/AXnaOPIT",
        "STATUS": "Operational"
      }
    },
    {
      "type": "Feature",
      "geometry": {
        "type": "Point",
        "coordinates": [
          105.7054243,
          11.09174431
        ]
      },
      "properties": {
        "HF_ID": "",
        "HF_CODE": "200307",
        "NAME_KH": "HC តាសួស",
        "NAME_EN": "HC Ta Suos ",
        "PRO_CODE": "20",
        "PRO_NAME_KH": "ស្វាយរៀង",
        "PRO_NAME_EN": "Svay Rieng",
        "DIS_CODE": "2005",
        "DIS_NAME_KH": "ស្វាយជ្រំ",
        "DIS_NAME_EN": "Svay Chrum",
        "OD_CODE": "2003",
        "OD_NAME_KH": "ស្វាយរៀង",
        "OD_NAME_EN": "Svay Rieng",
        "COM_CODE": "200505",
        "COM_NAME_KH": "តាសួស",
        "COM__NAME_EN": "Ta Suos",
        "VIL_CODE": "20050504",
        "VIL_NAME_KH": "ចំបក់កោង",
        "VIL__NAME_EN": "Chambak Kaong",
        "OWNERSHIP": "DPHI (GPS)",
        "ACRONYM": "HC",
        "HF_TYPE_EN": "Health Center",
        "HF_TYPE_KH": "មណ្ឌលសុខភាព",
        "HF_LEVEL": "MPA",
        "HF_HEAD": "តន់ សុម៉ាលី",
        "CONTACT_NO": "855 313520444",
        "CONTACT_EMAIL": "None",
        "START_DATE": "01/01/2006",
        "GOOGLE_MAP_LINK": "https://maps.app.goo.gl/msGARRA1NN9Boky76",
        "STATUS": "Operational"
      }
    },
    {
      "type": "Feature",
      "geometry": {
        "type": "Point",
        "coordinates": [
          105.6688733,
          11.05927912
        ]
      },
      "properties": {
        "HF_ID": "",
        "HF_CODE": "200308",
        "NAME_KH": "HC គ្រួស",
        "NAME_EN": "HC Kruos ",
        "PRO_CODE": "20",
        "PRO_NAME_KH": "ស្វាយរៀង",
        "PRO_NAME_EN": "Svay Rieng",
        "DIS_CODE": "2005",
        "DIS_NAME_KH": "ស្វាយជ្រំ",
        "DIS_NAME_EN": "Svay Chrum",
        "OD_CODE": "2003",
        "OD_NAME_KH": "ស្វាយរៀង",
        "OD_NAME_EN": "Svay Rieng",
        "COM_CODE": "200511",
        "COM_NAME_KH": "គ្រួស",
        "COM__NAME_EN": "Kruos",
        "VIL_CODE": "20051110",
        "VIL_NAME_KH": "ល្វា",
        "VIL__NAME_EN": "Lvea",
        "OWNERSHIP": "DPHI (GPS)",
        "ACRONYM": "HC",
        "HF_TYPE_EN": "Health Center",
        "HF_TYPE_KH": "មណ្ឌលសុខភាព",
        "HF_LEVEL": "MPA",
        "HF_HEAD": "ម៉ឹង សុភានី",
        "CONTACT_NO": "855 979992531",
        "CONTACT_EMAIL": "None",
        "START_DATE": "01/01/2006",
        "GOOGLE_MAP_LINK": "https://me-qr.com/o7aWdIgG",
        "STATUS": "Operational"
      }
    },
    {
      "type": "Feature",
      "geometry": {
        "type": "Point",
        "coordinates": [
          105.6221768,
          11.1503808
        ]
      },
      "properties": {
        "HF_ID": "",
        "HF_CODE": "200309",
        "NAME_KH": "HC ក្រោលគោ",
        "NAME_EN": "HC Krol Ko ",
        "PRO_CODE": "20",
        "PRO_NAME_KH": "ស្វាយរៀង",
        "PRO_NAME_EN": "Svay Rieng",
        "DIS_CODE": "2005",
        "DIS_NAME_KH": "ស្វាយជ្រំ",
        "DIS_NAME_EN": "Svay Chrum",
        "OD_CODE": "2003",
        "OD_NAME_KH": "ស្វាយរៀង",
        "OD_NAME_EN": "Svay Rieng",
        "COM_CODE": "200510",
        "COM_NAME_KH": "ក្រោលគោ",
        "COM__NAME_EN": "Kraol Kou",
        "VIL_CODE": "20051001",
        "VIL_NAME_KH": "ធ្លក",
        "VIL__NAME_EN": "Thlok",
        "OWNERSHIP": "DPHI (GPS)",
        "ACRONYM": "HC",
        "HF_TYPE_EN": "Health Center",
        "HF_TYPE_KH": "មណ្ឌលសុខភាព",
        "HF_LEVEL": "MPA",
        "HF_HEAD": "ស្រី សុខគន្ធា",
        "CONTACT_NO": "855 96 554 768",
        "CONTACT_EMAIL": "None",
        "START_DATE": "01/01/2006",
        "GOOGLE_MAP_LINK": "https://maps.app.goo.gl/26qs6xNHotqheLS17",
        "STATUS": "Operational"
      }
    },
    {
      "type": "Feature",
      "geometry": {
        "type": "Point",
        "coordinates": [
          105.6369572,
          11.21968248
        ]
      },
      "properties": {
        "HF_ID": "",
        "HF_CODE": "200310",
        "NAME_KH": "HC ស្វាយយា",
        "NAME_EN": "HC Svay Yea ",
        "PRO_CODE": "20",
        "PRO_NAME_KH": "ស្វាយរៀង",
        "PRO_NAME_EN": "Svay Rieng",
        "DIS_CODE": "2005",
        "DIS_NAME_KH": "ស្វាយជ្រំ",
        "DIS_NAME_EN": "Svay Chrum",
        "OD_CODE": "2003",
        "OD_NAME_KH": "ស្វាយរៀង",
        "OD_NAME_EN": "Svay Rieng",
        "COM_CODE": "200516",
        "COM_NAME_KH": "ស្វាយយា",
        "COM__NAME_EN": "Svay Yea",
        "VIL_CODE": "20051615",
        "VIL_NAME_KH": "តាកោ",
        "VIL__NAME_EN": "Ta Kao",
        "OWNERSHIP": "DPHI (GPS)",
        "ACRONYM": "HC",
        "HF_TYPE_EN": "Health Center",
        "HF_TYPE_KH": "មណ្ឌលសុខភាព",
        "HF_LEVEL": "MPA",
        "HF_HEAD": "ស៊ីវ ចិន្តា",
        "CONTACT_NO": "855 16 761 807",
        "CONTACT_EMAIL": "None",
        "START_DATE": "01/01/2006",
        "GOOGLE_MAP_LINK": "https://maps.app.goo.gl/SDGJJf7iir1c6Nbt6?g_st=atm",
        "STATUS": "Operational"
      }
    },
    {
      "type": "Feature",
      "geometry": {
        "type": "Point",
        "coordinates": [
          105.7230922,
          11.22559907
        ]
      },
      "properties": {
        "HF_ID": "",
        "HF_CODE": "200311",
        "NAME_KH": "HC ដូនស",
        "NAME_EN": "HC Daun Sa ",
        "PRO_CODE": "20",
        "PRO_NAME_KH": "ស្វាយរៀង",
        "PRO_NAME_EN": "Svay Rieng",
        "DIS_CODE": "2005",
        "DIS_NAME_KH": "ស្វាយជ្រំ",
        "DIS_NAME_EN": "Svay Chrum",
        "OD_CODE": "2003",
        "OD_NAME_KH": "ស្វាយរៀង",
        "OD_NAME_EN": "Svay Rieng",
        "COM_CODE": "200508",
        "COM_NAME_KH": "ដូនស",
        "COM__NAME_EN": "Doun Sa",
        "VIL_CODE": "20050807",
        "VIL_NAME_KH": "ដូនស",
        "VIL__NAME_EN": "Doun Sa",
        "OWNERSHIP": "DPHI (GPS)",
        "ACRONYM": "HC",
        "HF_TYPE_EN": "Health Center",
        "HF_TYPE_KH": "មណ្ឌលសុខភាព",
        "HF_LEVEL": "MPA",
        "HF_HEAD": "អ៊ុក រំចេក",
        "CONTACT_NO": "855 88 596 0124",
        "CONTACT_EMAIL": "None",
        "START_DATE": "01/01/2006",
        "GOOGLE_MAP_LINK": "https://me-qr.com/xSZTu6XJ",
        "STATUS": "Operational"
      }
    },
    {
      "type": "Feature",
      "geometry": {
        "type": "Point",
        "coordinates": [
          105.6156734,
          11.06749776
        ]
      },
      "properties": {
        "HF_ID": "",
        "HF_CODE": "200312",
        "NAME_KH": "HC ស្វាយធំ",
        "NAME_EN": "HC Svay Thum ",
        "PRO_CODE": "20",
        "PRO_NAME_KH": "ស្វាយរៀង",
        "PRO_NAME_EN": "Svay Rieng",
        "DIS_CODE": "2005",
        "DIS_NAME_KH": "ស្វាយជ្រំ",
        "DIS_NAME_EN": "Svay Chrum",
        "OD_CODE": "2003",
        "OD_NAME_KH": "ស្វាយរៀង",
        "OD_NAME_EN": "Svay Rieng",
        "COM_CODE": "200515",
        "COM_NAME_KH": "ស្វាយធំ",
        "COM__NAME_EN": "Svay Thum",
        "VIL_CODE": "20051501",
        "VIL_NAME_KH": "ស្វាយចេក",
        "VIL__NAME_EN": "Svay Chek",
        "OWNERSHIP": "DPHI (GPS)",
        "ACRONYM": "HC",
        "HF_TYPE_EN": "Health Center",
        "HF_TYPE_KH": "មណ្ឌលសុខភាព",
        "HF_LEVEL": "MPA",
        "HF_HEAD": "គង់ ចំរើន",
        "CONTACT_NO": "855 974547886",
        "CONTACT_EMAIL": "None",
        "START_DATE": "01/01/2006",
        "GOOGLE_MAP_LINK": "https://me-qr.com/vOJIpf4g",
        "STATUS": "Operational"
      }
    },
    {
      "type": "Feature",
      "geometry": {
        "type": "Point",
        "coordinates": [
          105.7063178,
          11.2050472
        ]
      },
      "properties": {
        "HF_ID": "",
        "HF_CODE": "200313",
        "NAME_KH": "HC ស្វាយអង្គ",
        "NAME_EN": "HC Svay Ang ",
        "PRO_CODE": "20",
        "PRO_NAME_KH": "ស្វាយរៀង",
        "PRO_NAME_EN": "Svay Rieng",
        "DIS_CODE": "2005",
        "DIS_NAME_KH": "ស្វាយជ្រំ",
        "DIS_NAME_EN": "Svay Chrum",
        "OD_CODE": "2003",
        "OD_NAME_KH": "ស្វាយរៀង",
        "OD_NAME_EN": "Svay Rieng",
        "COM_CODE": "200501",
        "COM_NAME_KH": "អង្គតាសូ",
        "COM__NAME_EN": "Angk Ta Sou",
        "VIL_CODE": "20050101",
        "VIL_NAME_KH": "ចែងម៉ែង",
        "VIL__NAME_EN": "Chaeng Maeng",
        "OWNERSHIP": "DPHI (GPS)",
        "ACRONYM": "HC",
        "HF_TYPE_EN": "Health Center",
        "HF_TYPE_KH": "មណ្ឌលសុខភាព",
        "HF_LEVEL": "MPA",
        "HF_HEAD": "ទី សារុំ",
        "CONTACT_NO": "855 976882713",
        "CONTACT_EMAIL": "None",
        "START_DATE": "01/01/2006",
        "GOOGLE_MAP_LINK": "https://me-qr.com/0kQQG6OT",
        "STATUS": "Operational"
      }
    },
    {
      "type": "Feature",
      "geometry": {
        "type": "Point",
        "coordinates": [
          105.713511,
          11.12016737
        ]
      },
      "properties": {
        "HF_ID": "",
        "HF_CODE": "200316",
        "NAME_KH": "RH មន្ទីរពេទ្យបង្អែកស្វាយជ្រុំ",
        "NAME_EN": "RH Svay Chrum ",
        "PRO_CODE": "20",
        "PRO_NAME_KH": "ស្វាយរៀង",
        "PRO_NAME_EN": "Svay Rieng",
        "DIS_CODE": "2005",
        "DIS_NAME_KH": "ស្វាយជ្រំ",
        "DIS_NAME_EN": "Svay Chrum",
        "OD_CODE": "2003",
        "OD_NAME_KH": "ស្វាយរៀង",
        "OD_NAME_EN": "Svay Rieng",
        "COM_CODE": "200514",
        "COM_NAME_KH": "ស្វាយជ្រំ",
        "COM__NAME_EN": "Svay Chrum",
        "VIL_CODE": "20051406",
        "VIL_NAME_KH": "ស្វាយក្ងោ",
        "VIL__NAME_EN": "Svay Kngao",
        "OWNERSHIP": "DPHI (GPS)",
        "ACRONYM": "RH",
        "HF_TYPE_EN": "Referral Hospital",
        "HF_TYPE_KH": "មន្ទីរពេទ្យបង្អែកស្រុក",
        "HF_LEVEL": "CPA1",
        "HF_HEAD": "ប៊ី ដាវី",
        "CONTACT_NO": "855 889877700",
        "CONTACT_EMAIL": "None",
        "START_DATE": "01/02/2015",
        "GOOGLE_MAP_LINK": "https://me-qr.com/AXnaOPIT",
        "STATUS": "Operational"
      }
    },
    {
      "type": "Feature",
      "geometry": {
        "type": "Point",
        "coordinates": [
          105.6462346,
          11.09491103
        ]
      },
      "properties": {
        "HF_ID": "",
        "HF_CODE": "200324",
        "NAME_KH": "HC មិត្តភាពកម្ពុជា-កូរ៉េឈើទាល",
        "NAME_EN": "HC Cambodia - Korea Chheuoteal",
        "PRO_CODE": "20",
        "PRO_NAME_KH": "ស្វាយរៀង",
        "PRO_NAME_EN": "Svay Rieng",
        "DIS_CODE": "2005",
        "DIS_NAME_KH": "ស្វាយជ្រំ",
        "DIS_NAME_EN": "Svay Chrum",
        "OD_CODE": "2003",
        "OD_NAME_KH": "ស្វាយរៀង",
        "OD_NAME_EN": "Svay Rieng",
        "COM_CODE": "200507",
        "COM_NAME_KH": "ឈើទាល",
        "COM__NAME_EN": "Chheu Teal",
        "VIL_CODE": "20050706",
        "VIL_NAME_KH": "សង្កែ",
        "VIL__NAME_EN": "Sangkae",
        "OWNERSHIP": "DPHI (GPS)",
        "ACRONYM": "HC",
        "HF_TYPE_EN": "Health Center",
        "HF_TYPE_KH": "មណ្ឌលសុខភាព",
        "HF_LEVEL": "MPA",
        "HF_HEAD": "ផាន សុវណ្ណា",
        "CONTACT_NO": "855 69 664 547",
        "CONTACT_EMAIL": "None",
        "START_DATE": "01/01/2021",
        "GOOGLE_MAP_LINK": "https://maps.app.goo.gl/okwPRxHhtUzrMNKU6?g_st=it",
        "STATUS": "Operational"
      }
    },
    {
      "type": "Feature",
      "geometry": {
        "type": "Point",
        "coordinates": [
          105.7533794,
          11.22778461
        ]
      },
      "properties": {
        "HF_ID": "",
        "HF_CODE": "200113",
        "NAME_KH": "HC ម៉ឺនជ័យ",
        "NAME_EN": "HC Meun Chey ",
        "PRO_CODE": "20",
        "PRO_NAME_KH": "ស្វាយរៀង",
        "PRO_NAME_EN": "Svay Rieng",
        "DIS_CODE": "2003",
        "DIS_NAME_KH": "រំដួល",
        "DIS_NAME_EN": "Rumduol",
        "OD_CODE": "2004",
        "OD_NAME_KH": "ស្វាយទាប",
        "OD_NAME_EN": "Svay Teap",
        "COM_CODE": "200306",
        "COM_NAME_KH": "ម៉ឺនជ័យ",
        "COM__NAME_EN": "Meun Chey ",
        "VIL_CODE": "20030610",
        "VIL_NAME_KH": "វាល",
        "VIL__NAME_EN": "Veal",
        "OWNERSHIP": "DPHI (GPS)",
        "ACRONYM": "HC",
        "HF_TYPE_EN": "Health Center",
        "HF_TYPE_KH": "មណ្ឌលសុខភាព",
        "HF_LEVEL": "MPA",
        "HF_HEAD": "វុត្ថា សុវណ្ណឬទ្ធិថៃ",
        "CONTACT_NO": "855 31512 5123",
        "CONTACT_EMAIL": "None",
        "START_DATE": "31/12/2015",
        "GOOGLE_MAP_LINK": "https://maps.app.goo.gl/kvp2SdU3c2QJhj8Y9",
        "STATUS": "Operational"
      }
    },
    {
      "type": "Feature",
      "geometry": {
        "type": "Point",
        "coordinates": [
          105.8240761,
          11.257174
        ]
      },
      "properties": {
        "HF_ID": "",
        "HF_CODE": "200320",
        "NAME_KH": "HC ថ្នាធ្នង់",
        "NAME_EN": "HC Thna Thnong ",
        "PRO_CODE": "20",
        "PRO_NAME_KH": "ស្វាយរៀង",
        "PRO_NAME_EN": "Svay Rieng",
        "DIS_CODE": "2003",
        "DIS_NAME_KH": "រំដួល",
        "DIS_NAME_EN": "Rumduol",
        "OD_CODE": "2004",
        "OD_NAME_KH": "ស្វាយទាប",
        "OD_NAME_EN": "Svay Teap",
        "COM_CODE": "200304",
        "COM_NAME_KH": "ជ្រុងពពេល",
        "COM__NAME_EN": "Chrung Popel",
        "VIL_CODE": "20030404",
        "VIL_NAME_KH": "ក្រូច",
        "VIL__NAME_EN": "Krouch",
        "OWNERSHIP": "DPHI (GPS)",
        "ACRONYM": "HC",
        "HF_TYPE_EN": "Health Center",
        "HF_TYPE_KH": "មណ្ឌលសុខភាព",
        "HF_LEVEL": "MPA",
        "HF_HEAD": "នាង សុផាត",
        "CONTACT_NO": "855 316318880",
        "CONTACT_EMAIL": "None",
        "START_DATE": "01/01/2015",
        "GOOGLE_MAP_LINK": "https://maps.app.goo.gl/bWYLvEpx3dcn9fNWA",
        "STATUS": "Operational"
      }
    },
    {
      "type": "Feature",
      "geometry": {
        "type": "Point",
        "coordinates": [
          105.8212737,
          11.16313106
        ]
      },
      "properties": {
        "HF_ID": "",
        "HF_CODE": "200321",
        "NAME_KH": "HC ចក",
        "NAME_EN": "HC Chak ",
        "PRO_CODE": "20",
        "PRO_NAME_KH": "ស្វាយរៀង",
        "PRO_NAME_EN": "Svay Rieng",
        "DIS_CODE": "2003",
        "DIS_NAME_KH": "រំដួល",
        "DIS_NAME_EN": "Rumduol",
        "OD_CODE": "2004",
        "OD_NAME_KH": "ស្វាយទាប",
        "OD_NAME_EN": "Svay Teap",
        "COM_CODE": "200303",
        "COM_NAME_KH": "កំពង់ចក",
        "COM__NAME_EN": "Kampong Chak",
        "VIL_CODE": "20030301",
        "VIL_NAME_KH": "ចក",
        "VIL__NAME_EN": "Chak",
        "OWNERSHIP": "DPHI (GPS)",
        "ACRONYM": "HC",
        "HF_TYPE_EN": "Health Center",
        "HF_TYPE_KH": "មណ្ឌលសុខភាព",
        "HF_LEVEL": "MPA",
        "HF_HEAD": "សុខ ចន្ថារី",
        "CONTACT_NO": "855 16951256",
        "CONTACT_EMAIL": "None",
        "START_DATE": "01/01/2015",
        "GOOGLE_MAP_LINK": "https://maps.app.goo.gl/t2sFMn8Dy75oPAmz5",
        "STATUS": "Operational"
      }
    },
    {
      "type": "Feature",
      "geometry": {
        "type": "Point",
        "coordinates": [
          105.8809492,
          11.23705517
        ]
      },
      "properties": {
        "HF_ID": "",
        "HF_CODE": "200322",
        "NAME_KH": "HC បុសមន",
        "NAME_EN": "HC Boss Mon ",
        "PRO_CODE": "20",
        "PRO_NAME_KH": "ស្វាយរៀង",
        "PRO_NAME_EN": "Svay Rieng",
        "DIS_CODE": "2003",
        "DIS_NAME_KH": "រំដួល",
        "DIS_NAME_EN": "Rumduol",
        "OD_CODE": "2004",
        "OD_NAME_KH": "ស្វាយទាប",
        "OD_NAME_EN": "Svay Teap",
        "COM_CODE": "200301",
        "COM_NAME_KH": "បុសមន",
        "COM__NAME_EN": "Bos Mon",
        "VIL_CODE": "20030101",
        "VIL_NAME_KH": "បុសមនលើ",
        "VIL__NAME_EN": "Bos Mon Leu",
        "OWNERSHIP": "DPHI (GPS)",
        "ACRONYM": "HC",
        "HF_TYPE_EN": "Health Center",
        "HF_TYPE_KH": "មណ្ឌលសុខភាព",
        "HF_LEVEL": "MPA",
        "HF_HEAD": "ប្រាក់ ធារី",
        "CONTACT_NO": "855 887399648",
        "CONTACT_EMAIL": "None",
        "START_DATE": "01/01/2015",
        "GOOGLE_MAP_LINK": "https://maps.app.goo.gl/NtEbC9Yf6znfVHag9",
        "STATUS": "Operational"
      }
    },
    {
      "type": "Feature",
      "geometry": {
        "type": "Point",
        "coordinates": [
          105.8811586,
          11.20156869
        ]
      },
      "properties": {
        "HF_ID": "",
        "HF_CODE": "200323",
        "NAME_KH": "HC ពងទឹក",
        "NAME_EN": "HC Pong Tuk ",
        "PRO_CODE": "20",
        "PRO_NAME_KH": "ស្វាយរៀង",
        "PRO_NAME_EN": "Svay Rieng",
        "DIS_CODE": "2003",
        "DIS_NAME_KH": "រំដួល",
        "DIS_NAME_EN": "Rumduol",
        "OD_CODE": "2004",
        "OD_NAME_KH": "ស្វាយទាប",
        "OD_NAME_EN": "Svay Teap",
        "COM_CODE": "200307",
        "COM_NAME_KH": "ពងទឹក",
        "COM__NAME_EN": "Pong Tuek",
        "VIL_CODE": "20030708",
        "VIL_NAME_KH": "ទួលតាកែវ",
        "VIL__NAME_EN": "Tuol Ta Kaev",
        "OWNERSHIP": "DPHI (GPS)",
        "ACRONYM": "HC",
        "HF_TYPE_EN": "Health Center",
        "HF_TYPE_KH": "មណ្ឌលសុខភាព",
        "HF_LEVEL": "MPA",
        "HF_HEAD": "សៀវ អាន់",
        "CONTACT_NO": "855 887743137",
        "CONTACT_EMAIL": "None",
        "START_DATE": "01/01/2015",
        "GOOGLE_MAP_LINK": "https://maps.app.goo.gl/SNBeWa2AWkVuRTww5",
        "STATUS": "Operational"
      }
    },
    {
      "type": "Feature",
      "geometry": {
        "type": "Point",
        "coordinates": [
          105.795843,
          11.22394595
        ]
      },
      "properties": {
        "HF_ID": "",
        "HF_CODE": "200401",
        "NAME_KH": "HP ទួលសាលា",
        "NAME_EN": "HP Toul Sala ",
        "PRO_CODE": "20",
        "PRO_NAME_KH": "ស្វាយរៀង",
        "PRO_NAME_EN": "Svay Rieng",
        "DIS_CODE": "2003",
        "DIS_NAME_KH": "រំដួល",
        "DIS_NAME_EN": "Rumduol",
        "OD_CODE": "2004",
        "OD_NAME_KH": "ស្វាយទាប",
        "OD_NAME_EN": "Svay Teap",
        "COM_CODE": "200304",
        "COM_NAME_KH": "ជ្រុងពពេល",
        "COM__NAME_EN": "Chrung Popel",
        "VIL_CODE": "20030401",
        "VIL_NAME_KH": "ទួលសាលា",
        "VIL__NAME_EN": "Tuol Sala",
        "OWNERSHIP": "DPHI (GPS)\tUnknown",
        "ACRONYM": "HP",
        "HF_TYPE_EN": "Health Post",
        "HF_TYPE_KH": "ប៉ុស្តិ៍សុខភាព",
        "HF_LEVEL": "",
        "HF_HEAD": "ឆាយ ស៊ីណាន",
        "CONTACT_NO": "855 979090810",
        "CONTACT_EMAIL": "None",
        "START_DATE": "2015",
        "GOOGLE_MAP_LINK": "https://maps.app.goo.gl/rjNhmSCZ6jXNA5b58",
        "STATUS": "Operational"
      }
    },
    {
      "type": "Feature",
      "geometry": {
        "type": "Point",
        "coordinates": [
          105.8210416,
          11.1628137
        ]
      },
      "properties": {
        "HF_ID": "",
        "HF_CODE": "200403",
        "NAME_KH": "RH មន្ទីរពេទ្យបង្អែកសាមគ្គីរំដួល",
        "NAME_EN": "RH Samki Romduol ",
        "PRO_CODE": "20",
        "PRO_NAME_KH": "ស្វាយរៀង",
        "PRO_NAME_EN": "Svay Rieng",
        "DIS_CODE": "2003",
        "DIS_NAME_KH": "រំដួល",
        "DIS_NAME_EN": "Rumduol",
        "OD_CODE": "2004",
        "OD_NAME_KH": "ស្វាយទាប",
        "OD_NAME_EN": "Svay Teap",
        "COM_CODE": "200303",
        "COM_NAME_KH": "កំពង់ចក",
        "COM__NAME_EN": "Kandieng Reay",
        "VIL_CODE": "20030301",
        "VIL_NAME_KH": "ចក",
        "VIL__NAME_EN": "Chak",
        "OWNERSHIP": "DPHI (GPS)",
        "ACRONYM": "RH",
        "HF_TYPE_EN": "Referral Hospital",
        "HF_TYPE_KH": "មន្ទីរពេទ្យបង្អែកស្រុក",
        "HF_LEVEL": "CPA1",
        "HF_HEAD": "សាន់​ សុធាវុធ",
        "CONTACT_NO": "855 7733745",
        "CONTACT_EMAIL": "None",
        "START_DATE": "01/04/2019",
        "GOOGLE_MAP_LINK": "https://maps.app.goo.gl/9NHei3Xy8B3c1oVt6",
        "STATUS": "Operational"
      }
    },
    {
      "type": "Feature",
      "geometry": {
        "type": "Point",
        "coordinates": [
          105.7961166,
          11.41413898
        ]
      },
      "properties": {
        "HF_ID": "",
        "HF_CODE": "200201",
        "NAME_KH": "RH មន្ទីរពេទ្យបង្អែករមាសហែក",
        "NAME_EN": "RH Romeas Hek ",
        "PRO_CODE": "20",
        "PRO_NAME_KH": "ស្វាយរៀង",
        "PRO_NAME_EN": "Svay Rieng",
        "DIS_CODE": "2004",
        "DIS_NAME_KH": "រមាសហែក",
        "DIS_NAME_EN": "Romeas Haek",
        "OD_CODE": "2002",
        "OD_NAME_KH": "រមាសហែក",
        "OD_NAME_EN": "Romeas Hek",
        "COM_CODE": "200408",
        "COM_NAME_KH": "កំពង់ត្រាច",
        "COM__NAME_EN": "Kampong Trach",
        "VIL_CODE": "20040809",
        "VIL_NAME_KH": "តាត្រាវ",
        "VIL__NAME_EN": "Ta Trav",
        "OWNERSHIP": "DPHI (GPS)",
        "ACRONYM": "RH",
        "HF_TYPE_EN": "Referral Hospital",
        "HF_TYPE_KH": "មន្ទីរពេទ្យបង្អែកស្រុក",
        "HF_LEVEL": "CPA2",
        "HF_HEAD": "ជៃ ចាន់ថន",
        "CONTACT_NO": "855 71 509 9507",
        "CONTACT_EMAIL": "None",
        "START_DATE": "01/01/2006",
        "GOOGLE_MAP_LINK": "",
        "STATUS": "Operational"
      }
    },
    {
      "type": "Feature",
      "geometry": {
        "type": "Point",
        "coordinates": [
          105.796299,
          11.41521361
        ]
      },
      "properties": {
        "HF_ID": "",
        "HF_CODE": "200202",
        "NAME_KH": "HC កំពង់ត្រាច",
        "NAME_EN": "HC Kampong Trach ",
        "PRO_CODE": "20",
        "PRO_NAME_KH": "ស្វាយរៀង",
        "PRO_NAME_EN": "Svay Rieng",
        "DIS_CODE": "2004",
        "DIS_NAME_KH": "រមាសហែក",
        "DIS_NAME_EN": "Romeas Haek",
        "OD_CODE": "2002",
        "OD_NAME_KH": "រមាសហែក",
        "OD_NAME_EN": "Romeas Hek",
        "COM_CODE": "200408",
        "COM_NAME_KH": "កំពង់ត្រាច",
        "COM__NAME_EN": "Kampong Trach",
        "VIL_CODE": "20040809",
        "VIL_NAME_KH": "តាត្រាវ",
        "VIL__NAME_EN": "Ta Trav",
        "OWNERSHIP": "DPHI (GPS)",
        "ACRONYM": "HC",
        "HF_TYPE_EN": "Health Center",
        "HF_TYPE_KH": "មណ្ឌលសុខភាព",
        "HF_LEVEL": "MPA",
        "HF_HEAD": "សុខ ចាន់ណារ៉ង",
        "CONTACT_NO": "855 97 358 5708",
        "CONTACT_EMAIL": "None",
        "START_DATE": "01/01/2006",
        "GOOGLE_MAP_LINK": "",
        "STATUS": "Operational"
      }
    },
    {
      "type": "Feature",
      "geometry": {
        "type": "Point",
        "coordinates": [
          105.8212752,
          11.3121624
        ]
      },
      "properties": {
        "HF_ID": "",
        "HF_CODE": "200203",
        "NAME_KH": "HC អង្គប្រស្រែ",
        "NAME_EN": "HC Angk Prasre",
        "PRO_CODE": "20",
        "PRO_NAME_KH": "ស្វាយរៀង",
        "PRO_NAME_EN": "Svay Rieng",
        "DIS_CODE": "2004",
        "DIS_NAME_KH": "រមាសហែក",
        "DIS_NAME_EN": "Romeas Haek",
        "OD_CODE": "2002",
        "OD_NAME_KH": "រមាសហែក",
        "OD_NAME_EN": "Romeas Hek",
        "COM_CODE": "200404",
        "COM_NAME_KH": "អង្គប្រស្រែ",
        "COM__NAME_EN": "Angk Prasrae",
        "VIL_CODE": "20040403",
        "VIL_NAME_KH": "ត្រពាំងរំដេញ",
        "VIL__NAME_EN": "Trapeang Rumdenh",
        "OWNERSHIP": "DPHI (GPS)",
        "ACRONYM": "HC",
        "HF_TYPE_EN": "Health Center",
        "HF_TYPE_KH": "មណ្ឌលសុខភាព",
        "HF_LEVEL": "MPA",
        "HF_HEAD": "ពេជ ច័ន្ទដារ៉ា",
        "CONTACT_NO": "855 12864700",
        "CONTACT_EMAIL": "None",
        "START_DATE": "01/01/2006",
        "GOOGLE_MAP_LINK": "",
        "STATUS": "Operational"
      }
    },
    {
      "type": "Feature",
      "geometry": {
        "type": "Point",
        "coordinates": [
          105.8606713,
          11.33774714
        ]
      },
      "properties": {
        "HF_ID": "",
        "HF_CODE": "200204",
        "NAME_KH": "HC ដូង",
        "NAME_EN": "HC Doung ",
        "PRO_CODE": "20",
        "PRO_NAME_KH": "ស្វាយរៀង",
        "PRO_NAME_EN": "Svay Rieng",
        "DIS_CODE": "2004",
        "DIS_NAME_KH": "រមាសហែក",
        "DIS_NAME_EN": "Romeas Haek",
        "OD_CODE": "2002",
        "OD_NAME_KH": "រមាសហែក",
        "OD_NAME_EN": "Romeas Hek",
        "COM_CODE": "200407",
        "COM_NAME_KH": "ដូង",
        "COM__NAME_EN": "Doung",
        "VIL_CODE": "20040708",
        "VIL_NAME_KH": "ឈើទាល",
        "VIL__NAME_EN": "Chheu Teal",
        "OWNERSHIP": "DPHI (GPS)",
        "ACRONYM": "HC",
        "HF_TYPE_EN": "Health Center",
        "HF_TYPE_KH": "មណ្ឌលសុខភាព",
        "HF_LEVEL": "MPA",
        "HF_HEAD": "ហុក នឿន",
        "CONTACT_NO": "855 884012344",
        "CONTACT_EMAIL": "None",
        "START_DATE": "01/01/2006",
        "GOOGLE_MAP_LINK": "",
        "STATUS": "Operational"
      }
    },
    {
      "type": "Feature",
      "geometry": {
        "type": "Point",
        "coordinates": [
          105.8080356,
          11.45973157
        ]
      },
      "properties": {
        "HF_ID": "",
        "HF_CODE": "200205",
        "NAME_KH": "HC អំពិល",
        "NAME_EN": "HC Ampil ",
        "PRO_CODE": "20",
        "PRO_NAME_KH": "ស្វាយរៀង",
        "PRO_NAME_EN": "Svay Rieng",
        "DIS_CODE": "2004",
        "DIS_NAME_KH": "រមាសហែក",
        "DIS_NAME_EN": "Romeas Haek",
        "OD_CODE": "2002",
        "OD_NAME_KH": "រមាសហែក",
        "OD_NAME_EN": "Romeas Hek",
        "COM_CODE": "200401",
        "COM_NAME_KH": "អំពិល",
        "COM__NAME_EN": "Ampil",
        "VIL_CODE": "20040107",
        "VIL_NAME_KH": "អំពិល",
        "VIL__NAME_EN": "Ampil",
        "OWNERSHIP": "DPHI (GPS)",
        "ACRONYM": "HC",
        "HF_TYPE_EN": "Health Center",
        "HF_TYPE_KH": "មណ្ឌលសុខភាព",
        "HF_LEVEL": "MPA",
        "HF_HEAD": "គង់ សុផាត",
        "CONTACT_NO": "855 92 720 573",
        "CONTACT_EMAIL": "None",
        "START_DATE": "01/01/2006",
        "GOOGLE_MAP_LINK": "",
        "STATUS": "Operational"
      }
    },
    {
      "type": "Feature",
      "geometry": {
        "type": "Point",
        "coordinates": [
          105.7155914,
          11.5350516
        ]
      },
      "properties": {
        "HF_ID": "",
        "HF_CODE": "200206",
        "NAME_KH": "HC ក្រសាំង",
        "NAME_EN": "HC Krasaing ",
        "PRO_CODE": "20",
        "PRO_NAME_KH": "ស្វាយរៀង",
        "PRO_NAME_EN": "Svay Rieng",
        "DIS_CODE": "2004",
        "DIS_NAME_KH": "រមាសហែក",
        "DIS_NAME_EN": "Romeas Haek",
        "OD_CODE": "2002",
        "OD_NAME_KH": "រមាសហែក",
        "OD_NAME_EN": "Romeas Hek",
        "COM_CODE": "200410",
        "COM_NAME_KH": "ក្រសាំង",
        "COM__NAME_EN": "Krasang",
        "VIL_CODE": "20041003",
        "VIL_NAME_KH": "ក្រសាំង",
        "VIL__NAME_EN": "Krasang",
        "OWNERSHIP": "DPHI (GPS)",
        "ACRONYM": "HC",
        "HF_TYPE_EN": "Health Center",
        "HF_TYPE_KH": "មណ្ឌលសុខភាព",
        "HF_LEVEL": "MPA",
        "HF_HEAD": "ម៉ា សារុំ",
        "CONTACT_NO": "855 97 416 4888",
        "CONTACT_EMAIL": "None",
        "START_DATE": "01/01/2006",
        "GOOGLE_MAP_LINK": "",
        "STATUS": "Operational"
      }
    },
    {
      "type": "Feature",
      "geometry": {
        "type": "Point",
        "coordinates": [
          105.719454,
          11.40940897
        ]
      },
      "properties": {
        "HF_ID": "",
        "HF_CODE": "200207",
        "NAME_KH": "HC ជ្រៃធំ",
        "NAME_EN": "HC Chrey Thum ",
        "PRO_CODE": "20",
        "PRO_NAME_KH": "ស្វាយរៀង",
        "PRO_NAME_EN": "Svay Rieng",
        "DIS_CODE": "2004",
        "DIS_NAME_KH": "រមាសហែក",
        "DIS_NAME_EN": "Romeas Haek",
        "OD_CODE": "2002",
        "OD_NAME_KH": "រមាសហែក",
        "OD_NAME_EN": "Romeas Hek",
        "COM_CODE": "200406",
        "COM_NAME_KH": "ជ្រៃធំ",
        "COM__NAME_EN": "Chrey Thum",
        "VIL_CODE": "20040603",
        "VIL_NAME_KH": "ស្រះ",
        "VIL__NAME_EN": "Srah",
        "OWNERSHIP": "DPHI (GPS)",
        "ACRONYM": "HC",
        "HF_TYPE_EN": "Health Center",
        "HF_TYPE_KH": "មណ្ឌលសុខភាព",
        "HF_LEVEL": "MPA",
        "HF_HEAD": "ប្រាក់ សារ៉ូត",
        "CONTACT_NO": "855 31 9786 063",
        "CONTACT_EMAIL": "None",
        "START_DATE": "01/01/2006",
        "GOOGLE_MAP_LINK": "",
        "STATUS": "Operational"
      }
    },
    {
      "type": "Feature",
      "geometry": {
        "type": "Point",
        "coordinates": [
          105.7178475,
          11.37703127
        ]
      },
      "properties": {
        "HF_ID": "",
        "HF_CODE": "200208",
        "NAME_KH": "HC មុខដា",
        "NAME_EN": "HC Mukh Da ",
        "PRO_CODE": "20",
        "PRO_NAME_KH": "ស្វាយរៀង",
        "PRO_NAME_EN": "Svay Rieng",
        "DIS_CODE": "2004",
        "DIS_NAME_KH": "រមាសហែក",
        "DIS_NAME_EN": "Romeas Haek",
        "OD_CODE": "2002",
        "OD_NAME_KH": "រមាសហែក",
        "OD_NAME_EN": "Romeas Hek",
        "COM_CODE": "200411",
        "COM_NAME_KH": "មុខដា",
        "COM__NAME_EN": "Mukh Da",
        "VIL_CODE": "20041103",
        "VIL_NAME_KH": "ក្រញូង",
        "VIL__NAME_EN": "Kranhung",
        "OWNERSHIP": "DPHI (GPS)",
        "ACRONYM": "HC",
        "HF_TYPE_EN": "Health Center",
        "HF_TYPE_KH": "មណ្ឌលសុខភាព",
        "HF_LEVEL": "MPA",
        "HF_HEAD": "កែវ ចន្ថន",
        "CONTACT_NO": "855 97 699 0927",
        "CONTACT_EMAIL": "None",
        "START_DATE": "01/01/2006",
        "GOOGLE_MAP_LINK": "",
        "STATUS": "Operational"
      }
    },
    {
      "type": "Feature",
      "geometry": {
        "type": "Point",
        "coordinates": [
          105.6746604,
          11.3300087
        ]
      },
      "properties": {
        "HF_ID": "",
        "HF_CODE": "200209",
        "NAME_KH": "HC ម្រាម",
        "NAME_EN": "HC Mream ",
        "PRO_CODE": "20",
        "PRO_NAME_KH": "ស្វាយរៀង",
        "PRO_NAME_EN": "Svay Rieng",
        "DIS_CODE": "2004",
        "DIS_NAME_KH": "រមាសហែក",
        "DIS_NAME_EN": "Romeas Haek",
        "OD_CODE": "2002",
        "OD_NAME_KH": "រមាសហែក",
        "OD_NAME_EN": "Romeas Hek",
        "COM_CODE": "200412",
        "COM_NAME_KH": "ម្រាម",
        "COM__NAME_EN": "Mream",
        "VIL_CODE": "20041219",
        "VIL_NAME_KH": "ល្បើក",
        "VIL__NAME_EN": "Lbaeuk",
        "OWNERSHIP": "DPHI (GPS)",
        "ACRONYM": "HC",
        "HF_TYPE_EN": "Health Center",
        "HF_TYPE_KH": "មណ្ឌលសុខភាព",
        "HF_LEVEL": "MPA",
        "HF_HEAD": "វង្ស ទិតថន",
        "CONTACT_NO": "855 88 9293 434",
        "CONTACT_EMAIL": "None",
        "START_DATE": "01/01/2006",
        "GOOGLE_MAP_LINK": "",
        "STATUS": "Operational"
      }
    },
    {
      "type": "Feature",
      "geometry": {
        "type": "Point",
        "coordinates": [
          105.7240013,
          11.28536791
        ]
      },
      "properties": {
        "HF_ID": "",
        "HF_CODE": "200210",
        "NAME_KH": "HC ចន្រ្តី",
        "NAME_EN": "HC Chantrei ",
        "PRO_CODE": "20",
        "PRO_NAME_KH": "ស្វាយរៀង",
        "PRO_NAME_EN": "Svay Rieng",
        "DIS_CODE": "2004",
        "DIS_NAME_KH": "រមាសហែក",
        "DIS_NAME_EN": "Romeas Haek",
        "OD_CODE": "2002",
        "OD_NAME_KH": "រមាសហែក",
        "OD_NAME_EN": "Romeas Hek",
        "COM_CODE": "200405",
        "COM_NAME_KH": "ចន្ដ្រី",
        "COM__NAME_EN": "Chantrei",
        "VIL_CODE": "20040508",
        "VIL_NAME_KH": "ចន្ដ្រី",
        "VIL__NAME_EN": "Chantrei",
        "OWNERSHIP": "DPHI (GPS)",
        "ACRONYM": "HC",
        "HF_TYPE_EN": "Health Center",
        "HF_TYPE_KH": "មណ្ឌលសុខភាព",
        "HF_LEVEL": "MPA",
        "HF_HEAD": "សឿង សឿម",
        "CONTACT_NO": "855 12 243 132",
        "CONTACT_EMAIL": "None",
        "START_DATE": "01/01/2006",
        "GOOGLE_MAP_LINK": "",
        "STATUS": "Operational"
      }
    },
    {
      "type": "Feature",
      "geometry": {
        "type": "Point",
        "coordinates": [
          105.7491507,
          11.55374038
        ]
      },
      "properties": {
        "HF_ID": "",
        "HF_CODE": "200211",
        "NAME_KH": "HC ជីកដី",
        "NAME_EN": "HC Chik Dei ",
        "PRO_CODE": "20",
        "PRO_NAME_KH": "ស្វាយរៀង",
        "PRO_NAME_EN": "Svay Rieng",
        "DIS_CODE": "2004",
        "DIS_NAME_KH": "រមាសហែក",
        "DIS_NAME_EN": "Romeas Haek",
        "OD_CODE": "2002",
        "OD_NAME_KH": "រមាសហែក",
        "OD_NAME_EN": "Romeas Hek",
        "COM_CODE": "200403",
        "COM_NAME_KH": "អណ្តូងត្របែក",
        "COM__NAME_EN": "Andoung Trabaek",
        "VIL_CODE": "20040304",
        "VIL_NAME_KH": "ជីកដី",
        "VIL__NAME_EN": "Chik Dei",
        "OWNERSHIP": "DPHI (GPS)",
        "ACRONYM": "HC",
        "HF_TYPE_EN": "Health Center",
        "HF_TYPE_KH": "មណ្ឌលសុខភាព",
        "HF_LEVEL": "MPA",
        "HF_HEAD": "ហុក រតនៈ",
        "CONTACT_NO": "855 97 332 9444",
        "CONTACT_EMAIL": "None",
        "START_DATE": "21/08/2013",
        "GOOGLE_MAP_LINK": "",
        "STATUS": "Operational"
      }
    },
    {
      "type": "Feature",
      "geometry": {
        "type": "Point",
        "coordinates": [
          105.7552353,
          11.32232128
        ]
      },
      "properties": {
        "HF_ID": "",
        "HF_CODE": "200212",
        "NAME_KH": "HC ត្រពាំងស្តៅ",
        "NAME_EN": "HC Trapaing Sdao ",
        "PRO_CODE": "20",
        "PRO_NAME_KH": "ស្វាយរៀង",
        "PRO_NAME_EN": "Svay Rieng",
        "DIS_CODE": "2004",
        "DIS_NAME_KH": "រមាសហែក",
        "DIS_NAME_EN": "Romeas Haek",
        "OD_CODE": "2002",
        "OD_NAME_KH": "រមាសហែក",
        "OD_NAME_EN": "Romeas Hek",
        "COM_CODE": "200415",
        "COM_NAME_KH": "ត្រពាំងស្តៅ",
        "COM__NAME_EN": "Trapeang Sdau",
        "VIL_CODE": "20041516",
        "VIL_NAME_KH": "ត្រពាំងឈ្នាង",
        "VIL__NAME_EN": "Trapeang Chhneang",
        "OWNERSHIP": "DPHI (GPS)",
        "ACRONYM": "HC",
        "HF_TYPE_EN": "Health Center",
        "HF_TYPE_KH": "មណ្ឌលសុខភាព",
        "HF_LEVEL": "MPA",
        "HF_HEAD": "វង់ ពែត",
        "CONTACT_NO": "855 88 935 9976",
        "CONTACT_EMAIL": "None",
        "START_DATE": "16/07/2013",
        "GOOGLE_MAP_LINK": "",
        "STATUS": "Operational"
      }
    },
    {
      "type": "Feature",
      "geometry": {
        "type": "Point",
        "coordinates": [
          105.8645108,
          11.44468515
        ]
      },
      "properties": {
        "HF_ID": "",
        "HF_CODE": "200213",
        "NAME_KH": "HC គគី",
        "NAME_EN": "HC Koki ",
        "PRO_CODE": "20",
        "PRO_NAME_KH": "ស្វាយរៀង",
        "PRO_NAME_EN": "Svay Rieng",
        "DIS_CODE": "2004",
        "DIS_NAME_KH": "រមាសហែក",
        "DIS_NAME_EN": "Romeas Haek",
        "OD_CODE": "2002",
        "OD_NAME_KH": "រមាសហែក",
        "OD_NAME_EN": "Romeas Hek",
        "COM_CODE": "200409",
        "COM_NAME_KH": "គគីរ",
        "COM__NAME_EN": "Koki",
        "VIL_CODE": "20040905",
        "VIL_NAME_KH": "គគីរ",
        "VIL__NAME_EN": "Koki",
        "OWNERSHIP": "DPHI (GPS)",
        "ACRONYM": "HC",
        "HF_TYPE_EN": "Health Center",
        "HF_TYPE_KH": "មណ្ឌលសុខភាព",
        "HF_LEVEL": "MPA",
        "HF_HEAD": "យស់ ស៊ីវន់",
        "CONTACT_NO": "855 97 976 2312",
        "CONTACT_EMAIL": "None",
        "START_DATE": "01/04/2019",
        "GOOGLE_MAP_LINK": "",
        "STATUS": "Operational"
      }
    },
    {
      "type": "Feature",
      "geometry": {
        "type": "Point",
        "coordinates": [
          105.7103068,
          11.4740217
        ]
      },
      "properties": {
        "HF_ID": "",
        "HF_CODE": "200214",
        "NAME_KH": "HC សំបួរ",
        "NAME_EN": "HC Sambour ",
        "PRO_CODE": "20",
        "PRO_NAME_KH": "ស្វាយរៀង",
        "PRO_NAME_EN": "Svay Rieng",
        "DIS_CODE": "2004",
        "DIS_NAME_KH": "រមាសហែក",
        "DIS_NAME_EN": "Romeas Haek",
        "OD_CODE": "2002",
        "OD_NAME_KH": "រមាសហែក",
        "OD_NAME_EN": "Romeas Hek",
        "COM_CODE": "200413",
        "COM_NAME_KH": "សំបួរ",
        "COM__NAME_EN": "Sambour",
        "VIL_CODE": "20041304",
        "VIL_NAME_KH": "ប្រសាទ",
        "VIL__NAME_EN": "Prasat",
        "OWNERSHIP": "DPHI (GPS)",
        "ACRONYM": "HC",
        "HF_TYPE_EN": "Health Center",
        "HF_TYPE_KH": "មណ្ឌលសុខភាព",
        "HF_LEVEL": "MPA",
        "HF_HEAD": "ពៅ អង",
        "CONTACT_NO": "855 97 3668 008",
        "CONTACT_EMAIL": "None",
        "START_DATE": "01/01/2021",
        "GOOGLE_MAP_LINK": "",
        "STATUS": "Operational"
      }
    },
    {
      "type": "Feature",
      "geometry": {
        "type": "Point",
        "coordinates": [
          106.0094705,
          11.03725844
        ]
      },
      "properties": {
        "HF_ID": "",
        "HF_CODE": "200101",
        "NAME_KH": "RH មន្ទីរពេទ្យបង្អែកជីភូ",
        "NAME_EN": "RH Chi Phu ",
        "PRO_CODE": "20",
        "PRO_NAME_KH": "ស្វាយរៀង",
        "PRO_NAME_EN": "Svay Rieng",
        "DIS_CODE": "2008",
        "DIS_NAME_KH": "បាវិត",
        "DIS_NAME_EN": "Bavet",
        "OD_CODE": "2001",
        "OD_NAME_KH": "ជីភូ",
        "OD_NAME_EN": "Chi Phu",
        "COM_CODE": "200805",
        "COM_NAME_KH": "ព្រៃអង្គុញ",
        "COM__NAME_EN": "Prey Angkunh",
        "VIL_CODE": "20080503",
        "VIL_NAME_KH": "ជ្រៃធំ",
        "VIL__NAME_EN": "Chrey Thum",
        "OWNERSHIP": "DPHI (GPS)",
        "ACRONYM": "RH",
        "HF_TYPE_EN": "Referral Hospital",
        "HF_TYPE_KH": "មន្ទីរពេទ្យបង្អែកស្រុក",
        "HF_LEVEL": "CPA1",
        "HF_HEAD": "ប្រាក់ សម្បត្តិ",
        "CONTACT_NO": "855 12 761 089",
        "CONTACT_EMAIL": "None",
        "START_DATE": "01/01/2006",
        "GOOGLE_MAP_LINK": "https://maps.app.goo.gl/Du7FRsknLr3jehYKA?g_st=it",
        "STATUS": "Operational"
      }
    },
    {
      "type": "Feature",
      "geometry": {
        "type": "Point",
        "coordinates": [
          106.0093149,
          11.03766122
        ]
      },
      "properties": {
        "HF_ID": "",
        "HF_CODE": "200102",
        "NAME_KH": "HC ព្រៃអង្គុញ",
        "NAME_EN": "HC Prey Angkunh ",
        "PRO_CODE": "20",
        "PRO_NAME_KH": "ស្វាយរៀង",
        "PRO_NAME_EN": "Svay Rieng",
        "DIS_CODE": "2008",
        "DIS_NAME_KH": "បាវិត",
        "DIS_NAME_EN": "Bavet",
        "OD_CODE": "2001",
        "OD_NAME_KH": "ជីភូ",
        "OD_NAME_EN": "Chi Phu",
        "COM_CODE": "200805",
        "COM_NAME_KH": "ព្រៃអង្គុញ",
        "COM__NAME_EN": "Prey Angkunh",
        "VIL_CODE": "20080503",
        "VIL_NAME_KH": "ជ្រៃធំ",
        "VIL__NAME_EN": "Chrey Thum",
        "OWNERSHIP": "DPHI (GPS)",
        "ACRONYM": "HC",
        "HF_TYPE_EN": "Health Center",
        "HF_TYPE_KH": "មណ្ឌលសុខភាព",
        "HF_LEVEL": "MPA",
        "HF_HEAD": "កែវ វណ្ណថា",
        "CONTACT_NO": "855 31 466 6293",
        "CONTACT_EMAIL": "None",
        "START_DATE": "01/01/2006",
        "GOOGLE_MAP_LINK": "https://maps.app.goo.gl/8L9U7RxJhtQjyLMt8",
        "STATUS": "Operational"
      }
    },
    {
      "type": "Feature",
      "geometry": {
        "type": "Point",
        "coordinates": [
          106.1364414,
          11.06459466
        ]
      },
      "properties": {
        "HF_ID": "",
        "HF_CODE": "200103",
        "NAME_KH": "HC បាវិត",
        "NAME_EN": "HC Bavet ",
        "PRO_CODE": "20",
        "PRO_NAME_KH": "ស្វាយរៀង",
        "PRO_NAME_EN": "Svay Rieng",
        "DIS_CODE": "2008",
        "DIS_NAME_KH": "បាវិត",
        "DIS_NAME_EN": "Bavet",
        "OD_CODE": "2001",
        "OD_NAME_KH": "ជីភូ",
        "OD_NAME_EN": "Chi Phu",
        "COM_CODE": "200802",
        "COM_NAME_KH": "បាវិត",
        "COM__NAME_EN": "Bavet",
        "VIL_CODE": "20080201",
        "VIL_NAME_KH": "តាបឹប",
        "VIL__NAME_EN": "Ta Boeb",
        "OWNERSHIP": "DPHI (GPS)",
        "ACRONYM": "HC",
        "HF_TYPE_EN": "Health Center",
        "HF_TYPE_KH": "មណ្ឌលសុខភាព",
        "HF_LEVEL": "MPA",
        "HF_HEAD": "អ៊ូ សាផល",
        "CONTACT_NO": "855 97 998 8733",
        "CONTACT_EMAIL": "None",
        "START_DATE": "01/01/2006",
        "GOOGLE_MAP_LINK": "https://maps.app.goo.gl/RDzaqULpjQngtMip7?g_st=it",
        "STATUS": "Operational"
      }
    },
    {
      "type": "Feature",
      "geometry": {
        "type": "Point",
        "coordinates": [
          106.061715,
          11.01336416
        ]
      },
      "properties": {
        "HF_ID": "",
        "HF_CODE": "200104",
        "NAME_KH": "HC ព្រៃគគីរ",
        "NAME_EN": "HC Prey Koki ",
        "PRO_CODE": "20",
        "PRO_NAME_KH": "ស្វាយរៀង",
        "PRO_NAME_EN": "Svay Rieng",
        "DIS_CODE": "2001",
        "DIS_NAME_KH": "ចន្ទ្រា",
        "DIS_NAME_EN": "Chantrea",
        "OD_CODE": "2001",
        "OD_NAME_KH": "ជីភូ",
        "OD_NAME_EN": "Chi Phu",
        "COM_CODE": "200108",
        "COM_NAME_KH": "ព្រៃគគីរ",
        "COM__NAME_EN": "Prey Kokir",
        "VIL_CODE": "20010804",
        "VIL_NAME_KH": "ព្រៃគគីរ",
        "VIL__NAME_EN": "Prey Kokir",
        "OWNERSHIP": "DPHI (GPS)",
        "ACRONYM": "HC",
        "HF_TYPE_EN": "Health Center",
        "HF_TYPE_KH": "មណ្ឌលសុខភាព",
        "HF_LEVEL": "MPA",
        "HF_HEAD": "ថា សុភាតារា",
        "CONTACT_NO": "855 88 610 6061",
        "CONTACT_EMAIL": "None",
        "START_DATE": "01/01/2006",
        "GOOGLE_MAP_LINK": "https://maps.app.goo.gl/WnmFuvDmuty2Ejtz8",
        "STATUS": "Operational"
      }
    },
    {
      "type": "Feature",
      "geometry": {
        "type": "Point",
        "coordinates": [
          106.1260924,
          10.98336226
        ]
      },
      "properties": {
        "HF_ID": "",
        "HF_CODE": "200105",
        "NAME_KH": "HC មេសថ្ងក",
        "NAME_EN": "HC Me Sa Thngak ",
        "PRO_CODE": "20",
        "PRO_NAME_KH": "ស្វាយរៀង",
        "PRO_NAME_EN": "Svay Rieng",
        "DIS_CODE": "2001",
        "DIS_NAME_KH": "ចន្ទ្រា",
        "DIS_NAME_EN": "Chantrea",
        "OD_CODE": "2001",
        "OD_NAME_KH": "ជីភូ",
        "OD_NAME_EN": "Chi Phu",
        "COM_CODE": "200105",
        "COM_NAME_KH": "មេសរថ្ងក",
        "COM__NAME_EN": "Me Sar Thngak",
        "VIL_CODE": "20010506",
        "VIL_NAME_KH": "ពោធិ៍",
        "VIL__NAME_EN": "Pou",
        "OWNERSHIP": "DPHI (GPS)",
        "ACRONYM": "HC",
        "HF_TYPE_EN": "Health Center",
        "HF_TYPE_KH": "មណ្ឌលសុខភាព",
        "HF_LEVEL": "MPA",
        "HF_HEAD": "ហាស់ សុផុន",
        "CONTACT_NO": "855 77607080",
        "CONTACT_EMAIL": "None",
        "START_DATE": "01/01/2006",
        "GOOGLE_MAP_LINK": "https://maps.app.goo.gl/XF6PfztSRTA4Qcqg9",
        "STATUS": "Operational"
      }
    },
    {
      "type": "Feature",
      "geometry": {
        "type": "Point",
        "coordinates": [
          106.1329799,
          10.89568067
        ]
      },
      "properties": {
        "HF_ID": "",
        "HF_CODE": "200110",
        "NAME_KH": "HC ទួលស្តី",
        "NAME_EN": "HC Tourl Sdey ",
        "PRO_CODE": "20",
        "PRO_NAME_KH": "ស្វាយរៀង",
        "PRO_NAME_EN": "Svay Rieng",
        "DIS_CODE": "2001",
        "DIS_NAME_KH": "ចន្ទ្រា",
        "DIS_NAME_EN": "Chantrea",
        "OD_CODE": "2001",
        "OD_NAME_KH": "ជីភូ",
        "OD_NAME_EN": "Chi Phu",
        "COM_CODE": "200110",
        "COM_NAME_KH": "ទួលស្ដី",
        "COM__NAME_EN": "Tuol Sdei",
        "VIL_CODE": "20011002",
        "VIL_NAME_KH": "ដូនទៃ",
        "VIL__NAME_EN": "Doun Tey",
        "OWNERSHIP": "DPHI (GPS)",
        "ACRONYM": "HC",
        "HF_TYPE_EN": "Health Center",
        "HF_TYPE_KH": "មណ្ឌលសុខភាព",
        "HF_LEVEL": "MPA",
        "HF_HEAD": "",
        "CONTACT_NO": "",
        "CONTACT_EMAIL": "None",
        "START_DATE": "25/05/2013",
        "GOOGLE_MAP_LINK": "https://maps.app.goo.gl/oxurQZffmWgw8uTt7",
        "STATUS": "Operational"
      }
    },
    {
      "type": "Feature",
      "geometry": {
        "type": "Point",
        "coordinates": [
          106.0653297,
          10.95107415
        ]
      },
      "properties": {
        "HF_ID": "",
        "HF_CODE": "200111",
        "NAME_KH": "HC ច្រេស",
        "NAME_EN": "HC Chres ",
        "PRO_CODE": "20",
        "PRO_NAME_KH": "ស្វាយរៀង",
        "PRO_NAME_EN": "Svay Rieng",
        "DIS_CODE": "2001",
        "DIS_NAME_KH": "ចន្ទ្រា",
        "DIS_NAME_EN": "Chantrea",
        "OD_CODE": "2001",
        "OD_NAME_KH": "ជីភូ",
        "OD_NAME_EN": "Chi Phu",
        "COM_CODE": "200104",
        "COM_NAME_KH": "ច្រេស",
        "COM__NAME_EN": "Chres",
        "VIL_CODE": "20010405",
        "VIL_NAME_KH": "បន្លាស្អិត",
        "VIL__NAME_EN": "Banla S'et",
        "OWNERSHIP": "DPHI (GPS)",
        "ACRONYM": "HC",
        "HF_TYPE_EN": "Health Center",
        "HF_TYPE_KH": "មណ្ឌលសុខភាព",
        "HF_LEVEL": "MPA",
        "HF_HEAD": "នូ សាំង",
        "CONTACT_NO": "855 888594865",
        "CONTACT_EMAIL": "None",
        "START_DATE": "01/07/2014",
        "GOOGLE_MAP_LINK": "https://maps.app.goo.gl/xsXtbjP2dtP5vQZq6",
        "STATUS": "Operational"
      }
    },
    {
      "type": "Feature",
      "geometry": {
        "type": "Point",
        "coordinates": [
          105.966956,
          11.0125871
        ]
      },
      "properties": {
        "HF_ID": "",
        "HF_CODE": "200106",
        "NAME_KH": "HC ស្វាយតាយាន",
        "NAME_EN": "HC Svay Tayean ",
        "PRO_CODE": "20",
        "PRO_NAME_KH": "ស្វាយរៀង",
        "PRO_NAME_EN": "Svay Rieng",
        "DIS_CODE": "2002",
        "DIS_NAME_KH": "កំពង់រោទិ៍",
        "DIS_NAME_EN": "Kampong Rou",
        "OD_CODE": "2001",
        "OD_NAME_KH": "ជីភូ",
        "OD_NAME_EN": "Chi Phu",
        "COM_CODE": "200209",
        "COM_NAME_KH": "ស្វាយតាយាន",
        "COM__NAME_EN": "Svay Ta Yean",
        "VIL_CODE": "20020901",
        "VIL_NAME_KH": "ព្រៃស្ទៀង",
        "VIL__NAME_EN": "Prey Stieng",
        "OWNERSHIP": "DPHI (GPS)",
        "ACRONYM": "HC",
        "HF_TYPE_EN": "Health Center",
        "HF_TYPE_KH": "មណ្ឌលសុខភាព",
        "HF_LEVEL": "MPA",
        "HF_HEAD": "",
        "CONTACT_NO": "",
        "CONTACT_EMAIL": "None",
        "START_DATE": "01/01/2016",
        "GOOGLE_MAP_LINK": "https://maps.app.goo.gl/UnmJpgwhLTe2ttbC6?g_st=it",
        "STATUS": "Operational"
      }
    },
    {
      "type": "Feature",
      "geometry": {
        "type": "Point",
        "coordinates": [
          106.0544176,
          10.89618192
        ]
      },
      "properties": {
        "HF_ID": "",
        "HF_CODE": "200107",
        "NAME_KH": "HC ត្នោត",
        "NAME_EN": "HC Thnot ",
        "PRO_CODE": "20",
        "PRO_NAME_KH": "ស្វាយរៀង",
        "PRO_NAME_EN": "Svay Rieng",
        "DIS_CODE": "2002",
        "DIS_NAME_KH": "កំពង់រោទិ៍",
        "DIS_NAME_EN": "Kampong Rou",
        "OD_CODE": "2001",
        "OD_NAME_KH": "ជីភូ",
        "OD_NAME_EN": "Chi Phu",
        "COM_CODE": "200212",
        "COM_NAME_KH": "ត្នោត",
        "COM__NAME_EN": "Tnaot",
        "VIL_CODE": "20021203",
        "VIL_NAME_KH": "បុណ្យ",
        "VIL__NAME_EN": "Bon",
        "OWNERSHIP": "DPHI (GPS)",
        "ACRONYM": "HC",
        "HF_TYPE_EN": "Health Center",
        "HF_TYPE_KH": "មណ្ឌលសុខភាព",
        "HF_LEVEL": "MPA",
        "HF_HEAD": "",
        "CONTACT_NO": "",
        "CONTACT_EMAIL": "None",
        "START_DATE": "01/01/2006",
        "GOOGLE_MAP_LINK": "https://maps.app.goo.gl/5QyEK6pgkSr8wGrV7",
        "STATUS": "Operational"
      }
    },
    {
      "type": "Feature",
      "geometry": {
        "type": "Point",
        "coordinates": [
          105.9877914,
          10.92572114
        ]
      },
      "properties": {
        "HF_ID": "",
        "HF_CODE": "200108",
        "NAME_KH": "HC ខ្សែត្រ",
        "NAME_EN": "HC Kset ",
        "PRO_CODE": "20",
        "PRO_NAME_KH": "ស្វាយរៀង",
        "PRO_NAME_EN": "Svay Rieng",
        "DIS_CODE": "2002",
        "DIS_NAME_KH": "កំពង់រោទិ៍",
        "DIS_NAME_EN": "Kampong Rou",
        "OD_CODE": "2001",
        "OD_NAME_KH": "ជីភូ",
        "OD_NAME_EN": "Chi Phu",
        "COM_CODE": "200203",
        "COM_NAME_KH": "ខ្សែត្រ",
        "COM__NAME_EN": "Khsaetr",
        "VIL_CODE": "20020302",
        "VIL_NAME_KH": "ខ្សែត្រ",
        "VIL__NAME_EN": "Khsaetr",
        "OWNERSHIP": "DPHI (GPS)",
        "ACRONYM": "HC",
        "HF_TYPE_EN": "Health Center",
        "HF_TYPE_KH": "មណ្ឌលសុខភាព",
        "HF_LEVEL": "MPA",
        "HF_HEAD": "សំ សារ៉ាន់",
        "CONTACT_NO": "855 88 291 0414",
        "CONTACT_EMAIL": "None",
        "START_DATE": "01/01/2006",
        "GOOGLE_MAP_LINK": "https://maps.app.goo.gl/VpQboCi4p3DbhK2T8",
        "STATUS": "Operational"
      }
    },
    {
      "type": "Feature",
      "geometry": {
        "type": "Point",
        "coordinates": [
          106.0201856,
          10.95004915
        ]
      },
      "properties": {
        "HF_ID": "",
        "HF_CODE": "200112",
        "NAME_KH": "HC សំឡី",
        "NAME_EN": "HC Samley ",
        "PRO_CODE": "20",
        "PRO_NAME_KH": "ស្វាយរៀង",
        "PRO_NAME_EN": "Svay Rieng",
        "DIS_CODE": "2002",
        "DIS_NAME_KH": "កំពង់រោទិ៍",
        "DIS_NAME_EN": "Kampong Rou",
        "OD_CODE": "2001",
        "OD_NAME_KH": "ជីភូ",
        "OD_NAME_EN": "Chi Phu",
        "COM_CODE": "200207",
        "COM_NAME_KH": "សំឡី",
        "COM__NAME_EN": "Samlei",
        "VIL_CODE": "20020704",
        "VIL_NAME_KH": "សំឡីខាងជើង",
        "VIL__NAME_EN": "Samlei Khang Cheung",
        "OWNERSHIP": "DPHI (GPS)",
        "ACRONYM": "HC",
        "HF_TYPE_EN": "Health Center",
        "HF_TYPE_KH": "មណ្ឌលសុខភាព",
        "HF_LEVEL": "MPA",
        "HF_HEAD": "",
        "CONTACT_NO": "",
        "CONTACT_EMAIL": "None",
        "START_DATE": "01/01/2021",
        "GOOGLE_MAP_LINK": "https://maps.app.goo.gl/79kfFZAEJ9v5g9Nv5",
        "STATUS": "Operational"
      }
    },
    {
      "type": "Feature",
      "geometry": {
        "type": "Point",
        "coordinates": [
          105.9433142,
          10.91993416
        ]
      },
      "properties": {
        "HF_ID": "",
        "HF_CODE": "200317",
        "NAME_KH": "HC ញរ",
        "NAME_EN": "HC Nhor ",
        "PRO_CODE": "20",
        "PRO_NAME_KH": "ស្វាយរៀង",
        "PRO_NAME_EN": "Svay Rieng",
        "DIS_CODE": "2002",
        "DIS_NAME_KH": "កំពង់រោទិ៍",
        "DIS_NAME_EN": "Kampong Rou",
        "OD_CODE": "2004",
        "OD_NAME_KH": "ស្វាយទាប",
        "OD_NAME_EN": "Svay Teap",
        "COM_CODE": "200202",
        "COM_NAME_KH": "ញរ",
        "COM__NAME_EN": "Nhor",
        "VIL_CODE": "20020206",
        "VIL_NAME_KH": "ស្វាយអាណាត",
        "VIL__NAME_EN": "Svay Anat",
        "OWNERSHIP": "DPHI (GPS)",
        "ACRONYM": "HC",
        "HF_TYPE_EN": "Health Center",
        "HF_TYPE_KH": "មណ្ឌលសុខភាព",
        "HF_LEVEL": "MPA",
        "HF_HEAD": "ញ៉ែម ឡា",
        "CONTACT_NO": "855 714445310",
        "CONTACT_EMAIL": "None",
        "START_DATE": "01/01/2015",
        "GOOGLE_MAP_LINK": "https://maps.app.goo.gl/SEe8ccA4y4hEQMKG9",
        "STATUS": "Operational"
      }
    },
    {
      "type": "Feature",
      "geometry": {
        "type": "Point",
        "coordinates": [
          105.8547081,
          10.96146739
        ]
      },
      "properties": {
        "HF_ID": "",
        "HF_CODE": "200318",
        "NAME_KH": "HC សំយ៉ោង",
        "NAME_EN": "HC Samyong ",
        "PRO_CODE": "20",
        "PRO_NAME_KH": "ស្វាយរៀង",
        "PRO_NAME_EN": "Svay Rieng",
        "DIS_CODE": "2002",
        "DIS_NAME_KH": "កំពង់រោទិ៍",
        "DIS_NAME_EN": "Kampong Rou",
        "OD_CODE": "2004",
        "OD_NAME_KH": "ស្វាយទាប",
        "OD_NAME_EN": "Svay Teap",
        "COM_CODE": "200208",
        "COM_NAME_KH": "សំយ៉ោង",
        "COM__NAME_EN": "Samyaong",
        "VIL_CODE": "20020801",
        "VIL_NAME_KH": "ឫស្សីលៀប",
        "VIL__NAME_EN": "Ruessei Lieb",
        "OWNERSHIP": "DPHI (GPS)",
        "ACRONYM": "HC",
        "HF_TYPE_EN": "Health Center",
        "HF_TYPE_KH": "មណ្ឌលសុខភាព",
        "HF_LEVEL": "MPA",
        "HF_HEAD": "អ៊ុច សាមិ",
        "CONTACT_NO": "855 12​709486",
        "CONTACT_EMAIL": "None",
        "START_DATE": "01/01/2015",
        "GOOGLE_MAP_LINK": "https://maps.app.goo.gl/AbY6SDjFLeCXC4eN6",
        "STATUS": "Operational"
      }
    },
    {
      "type": "Feature",
      "geometry": {
        "type": "Point",
        "coordinates": [
          105.8836468,
          11.00863532
        ]
      },
      "properties": {
        "HF_ID": "",
        "HF_CODE": "200319",
        "NAME_KH": "HC ព្រះពន្លា",
        "NAME_EN": "HC Preah Ponlea ",
        "PRO_CODE": "20",
        "PRO_NAME_KH": "ស្វាយរៀង",
        "PRO_NAME_EN": "Svay Rieng",
        "DIS_CODE": "2002",
        "DIS_NAME_KH": "កំពង់រោទិ៍",
        "DIS_NAME_EN": "Kampong Rou",
        "OD_CODE": "2004",
        "OD_NAME_KH": "ស្វាយទាប",
        "OD_NAME_EN": "Svay Teap",
        "COM_CODE": "200204",
        "COM_NAME_KH": "ព្រះពន្លា",
        "COM__NAME_EN": "Preah Ponlea",
        "VIL_CODE": "20020404",
        "VIL_NAME_KH": "អូរដូនអាម",
        "VIL__NAME_EN": "Ou Doun Am",
        "OWNERSHIP": "DPHI (GPS)",
        "ACRONYM": "HC",
        "HF_TYPE_EN": "Health Center",
        "HF_TYPE_KH": "មណ្ឌលសុខភាព",
        "HF_LEVEL": "MPA",
        "HF_HEAD": "ងួន ភឿន",
        "CONTACT_NO": "855 883330789",
        "CONTACT_EMAIL": "None",
        "START_DATE": "01/01/2015",
        "GOOGLE_MAP_LINK": "https://maps.app.goo.gl/p61vjXSwJiyThE2Q9",
        "STATUS": "Operational"
      }
    },
    {
      "type": "Feature",
      "geometry": {
        "type": "Point",
        "coordinates": [
          105.2797902,
          12.31257676
        ]
      },
      "properties": {
        "HF_ID": "",
        "HF_CODE": "030101",
        "NAME_KH": "RH មន្ទីរពេទ្យបង្អែកចំការលើ",
        "NAME_EN": "RH Chamkar Leu ",
        "PRO_CODE": "03",
        "PRO_NAME_KH": "កំពង់ចាម",
        "PRO_NAME_EN": "Kampong Cham",
        "DIS_CODE": "0302",
        "DIS_NAME_KH": "ចំការលើ",
        "DIS_NAME_EN": "Chamkar Leu",
        "OD_CODE": "0301",
        "OD_NAME_KH": "ចំការលើ",
        "OD_NAME_EN": "Chamkar Leu",
        "COM_CODE": "030206",
        "COM_NAME_KH": "ស្វាយទាប",
        "COM__NAME_EN": "Svay Teab",
        "VIL_CODE": "03020612",
        "VIL_NAME_KH": "ថ្នល់បែកកើត",
        "VIL__NAME_EN": "Thnal Baek Kaeut",
        "OWNERSHIP": "DPHI (GPS)",
        "ACRONYM": "RH",
        "HF_TYPE_EN": "Referral Hospital",
        "HF_TYPE_KH": "មន្ទីរពេទ្យបង្អែកស្រុក",
        "HF_LEVEL": "",
        "HF_HEAD": "តាន់ គីមឆេង",
        "CONTACT_NO": "855 12​402505",
        "CONTACT_EMAIL": "None",
        "START_DATE": "01/01/2016",
        "GOOGLE_MAP_LINK": "https://maps.app.goo.gl/x7pyB5MXvKpJG3dK6",
        "STATUS": "Operational"
      }
    },
    {
      "type": "Feature",
      "geometry": {
        "type": "Point",
        "coordinates": [
          105.3376014,
          12.12594038
        ]
      },
      "properties": {
        "HF_ID": "",
        "HF_CODE": "030102",
        "NAME_KH": "HC ដូនធី",
        "NAME_EN": "HC Daun Thi ",
        "PRO_CODE": "03",
        "PRO_NAME_KH": "កំពង់ចាម",
        "PRO_NAME_EN": "Kampong Cham",
        "DIS_CODE": "0302",
        "DIS_NAME_KH": "ចំការលើ",
        "DIS_NAME_EN": "Chamkar Leu",
        "OD_CODE": "0301",
        "OD_NAME_KH": "ចំការលើ",
        "OD_NAME_EN": "Chamkar Leu",
        "COM_CODE": "030201",
        "COM_NAME_KH": "បុសខ្នុរ",
        "COM__NAME_EN": "Bos Khnor",
        "VIL_CODE": "03020102",
        "VIL_NAME_KH": "ដូនធី",
        "VIL__NAME_EN": "Doun Thi",
        "OWNERSHIP": "DPHI (GPS)",
        "ACRONYM": "HC",
        "HF_TYPE_EN": "Health Center",
        "HF_TYPE_KH": "មណ្ឌលសុខភាព",
        "HF_LEVEL": "",
        "HF_HEAD": "តាំង​ ឈុនហាក់",
        "CONTACT_NO": "855 97 4144944",
        "CONTACT_EMAIL": "None",
        "START_DATE": "01/01/2006",
        "GOOGLE_MAP_LINK": "https://maps.app.goo.gl/1Li89Ms2pipsR9CfA?g_st=com.google.maps.preview.copy",
        "STATUS": "Operational"
      }
    },
    {
      "type": "Feature",
      "geometry": {
        "type": "Point",
        "coordinates": [
          105.3224244,
          12.18120078
        ]
      },
      "properties": {
        "HF_ID": "",
        "HF_CODE": "030103",
        "NAME_KH": "HC បុសខ្នុរ",
        "NAME_EN": "HC Bos Khnaor ",
        "PRO_CODE": "03",
        "PRO_NAME_KH": "កំពង់ចាម",
        "PRO_NAME_EN": "Kampong Cham",
        "DIS_CODE": "0302",
        "DIS_NAME_KH": "ចំការលើ",
        "DIS_NAME_EN": "Chamkar Leu",
        "OD_CODE": "0301",
        "OD_NAME_KH": "ចំការលើ",
        "OD_NAME_EN": "Chamkar Leu",
        "COM_CODE": "030201",
        "COM_NAME_KH": "បុសខ្នុរ",
        "COM__NAME_EN": "Bos Khnor",
        "VIL_CODE": "03020105",
        "VIL_NAME_KH": "បុសខ្នុរ",
        "VIL__NAME_EN": "Bos Khnor",
        "OWNERSHIP": "DPHI (GPS)",
        "ACRONYM": "HC",
        "HF_TYPE_EN": "Health Center",
        "HF_TYPE_KH": "មណ្ឌលសុខភាព",
        "HF_LEVEL": "",
        "HF_HEAD": "ឈាវ កុសល",
        "CONTACT_NO": "855 97 9996844",
        "CONTACT_EMAIL": "None",
        "START_DATE": "01/01/2006",
        "GOOGLE_MAP_LINK": "https://maps.app.goo.gl/5cUWMJ8VHndQNCDS7?g_st=com.google.maps.preview.copy",
        "STATUS": "Operational"
      }
    },
    {
      "type": "Feature",
      "geometry": {
        "type": "Point",
        "coordinates": [
          105.3006491,
          12.23605192
        ]
      },
      "properties": {
        "HF_ID": "",
        "HF_CODE": "030104",
        "NAME_KH": "HC តាអុង",
        "NAME_EN": "HC Ta Ong ",
        "PRO_CODE": "03",
        "PRO_NAME_KH": "កំពង់ចាម",
        "PRO_NAME_EN": "Kampong Cham",
        "DIS_CODE": "0302",
        "DIS_NAME_KH": "ចំការលើ",
        "DIS_NAME_EN": "Chamkar Leu",
        "OD_CODE": "0301",
        "OD_NAME_KH": "ចំការលើ",
        "OD_NAME_EN": "Chamkar Leu",
        "COM_CODE": "030207",
        "COM_NAME_KH": "តាអុង",
        "COM__NAME_EN": "Ta Ong",
        "VIL_CODE": "03020701",
        "VIL_NAME_KH": "តាអុង",
        "VIL__NAME_EN": "Ta Ong",
        "OWNERSHIP": "DPHI (GPS)",
        "ACRONYM": "HC",
        "HF_TYPE_EN": "Health Center",
        "HF_TYPE_KH": "មណ្ឌលសុខភាព",
        "HF_LEVEL": "",
        "HF_HEAD": "ជឹម រតនៈ",
        "CONTACT_NO": "855 979845488",
        "CONTACT_EMAIL": "None",
        "START_DATE": "01/01/2006",
        "GOOGLE_MAP_LINK": "https://maps.app.goo.gl/uqhbJFAprSRNRDTy9?g_st=com.google.maps.preview.copy",
        "STATUS": "Operational"
      }
    },
    {
      "type": "Feature",
      "geometry": {
        "type": "Point",
        "coordinates": [
          105.2877021,
          12.26469755
        ]
      },
      "properties": {
        "HF_ID": "",
        "HF_CODE": "030105",
        "NAME_KH": "HC តាំងក្រង",
        "NAME_EN": "HC Taing Krang ",
        "PRO_CODE": "03",
        "PRO_NAME_KH": "កំពង់ចាម",
        "PRO_NAME_EN": "Kampong Cham",
        "DIS_CODE": "0302",
        "DIS_NAME_KH": "ចំការលើ",
        "DIS_NAME_EN": "Chamkar Leu",
        "OD_CODE": "0301",
        "OD_NAME_KH": "ចំការលើ",
        "OD_NAME_EN": "Chamkar Leu",
        "COM_CODE": "030206",
        "COM_NAME_KH": "ស្វាយទាប",
        "COM__NAME_EN": "Svay Teab",
        "VIL_CODE": "03020607",
        "VIL_NAME_KH": "តាំងក្រង់",
        "VIL__NAME_EN": "Tang Krang",
        "OWNERSHIP": "DPHI (GPS)",
        "ACRONYM": "HC",
        "HF_TYPE_EN": "Health Center",
        "HF_TYPE_KH": "មណ្ឌលសុខភាព",
        "HF_LEVEL": "",
        "HF_HEAD": "ជុំ ចាន់",
        "CONTACT_NO": "855 88 9530000",
        "CONTACT_EMAIL": "None",
        "START_DATE": "01/01/2006",
        "GOOGLE_MAP_LINK": "https://maps.app.goo.gl/yi97EnuyQECKnAs1A?g_st=com.google.maps.preview.copy",
        "STATUS": "Operational"
      }
    },
    {
      "type": "Feature",
      "geometry": {
        "type": "Point",
        "coordinates": [
          105.27941,
          12.31235
        ]
      },
      "properties": {
        "HF_ID": "",
        "HF_CODE": "030106",
        "NAME_KH": "HC ស្វាយទាប",
        "NAME_EN": "HC Svay Teab ",
        "PRO_CODE": "03",
        "PRO_NAME_KH": "កំពង់ចាម",
        "PRO_NAME_EN": "Kampong Cham",
        "DIS_CODE": "0302",
        "DIS_NAME_KH": "ចំការលើ",
        "DIS_NAME_EN": "Chamkar Leu",
        "OD_CODE": "0301",
        "OD_NAME_KH": "ចំការលើ",
        "OD_NAME_EN": "Chamkar Leu",
        "COM_CODE": "030206",
        "COM_NAME_KH": "ស្វាយទាប",
        "COM__NAME_EN": "Svay Teab",
        "VIL_CODE": "03020612",
        "VIL_NAME_KH": "ថ្នល់បែកកើត",
        "VIL__NAME_EN": "Thnal Baek Kaeut",
        "OWNERSHIP": "DPHI (GPS)",
        "ACRONYM": "HC",
        "HF_TYPE_EN": "Health Center",
        "HF_TYPE_KH": "មណ្ឌលសុខភាព",
        "HF_LEVEL": "",
        "HF_HEAD": "ទៀង សារិន",
        "CONTACT_NO": "855 979299904",
        "CONTACT_EMAIL": "None",
        "START_DATE": "01/01/2006",
        "GOOGLE_MAP_LINK": "https://maps.app.goo.gl/RmueHDbWaYBgoHbg6?g_st=com.google.maps.preview.copy",
        "STATUS": "Operational"
      }
    },
    {
      "type": "Feature",
      "geometry": {
        "type": "Point",
        "coordinates": [
          105.3350779,
          12.32664079
        ]
      },
      "properties": {
        "HF_ID": "",
        "HF_CODE": "030107",
        "NAME_KH": "HC ស្ពឺ",
        "NAME_EN": "HC Speu ",
        "PRO_CODE": "03",
        "PRO_NAME_KH": "កំពង់ចាម",
        "PRO_NAME_EN": "Kampong Cham",
        "DIS_CODE": "0302",
        "DIS_NAME_KH": "ចំការលើ",
        "DIS_NAME_EN": "Chamkar Leu",
        "OD_CODE": "0301",
        "OD_NAME_KH": "ចំការលើ",
        "OD_NAME_EN": "Chamkar Leu",
        "COM_CODE": "030205",
        "COM_NAME_KH": "ស្ពឺ",
        "COM__NAME_EN": "Spueu",
        "VIL_CODE": "03020507",
        "VIL_NAME_KH": "ស្ពឺកើត",
        "VIL__NAME_EN": "Spueu Kaeut",
        "OWNERSHIP": "DPHI (GPS)",
        "ACRONYM": "HC",
        "HF_TYPE_EN": "Health Center",
        "HF_TYPE_KH": "មណ្ឌលសុខភាព",
        "HF_LEVEL": "",
        "HF_HEAD": "ឈាវ លឹមសេង",
        "CONTACT_NO": "855 99292981",
        "CONTACT_EMAIL": "None",
        "START_DATE": "01/01/2006",
        "GOOGLE_MAP_LINK": "https://maps.app.goo.gl/waQR4YGprM9S8LG7A?g_st=com.google.maps.preview.copy",
        "STATUS": "Operational"
      }
    },
    {
      "type": "Feature",
      "geometry": {
        "type": "Point",
        "coordinates": [
          105.3580942,
          12.32034206
        ]
      },
      "properties": {
        "HF_ID": "",
        "HF_CODE": "030108",
        "NAME_KH": "HC ជយោ",
        "NAME_EN": "HC Cheyo ",
        "PRO_CODE": "03",
        "PRO_NAME_KH": "កំពង់ចាម",
        "PRO_NAME_EN": "Kampong Cham",
        "DIS_CODE": "0302",
        "DIS_NAME_KH": "ចំការលើ",
        "DIS_NAME_EN": "Chamkar Leu",
        "OD_CODE": "0301",
        "OD_NAME_KH": "ចំការលើ",
        "OD_NAME_EN": "Chamkar Leu",
        "COM_CODE": "030203",
        "COM_NAME_KH": "ជយោ",
        "COM__NAME_EN": "Cheyyou",
        "VIL_CODE": "03020303",
        "VIL_NAME_KH": "អូរប៉ិះ",
        "VIL__NAME_EN": "Ou Peh",
        "OWNERSHIP": "DPHI (GPS)",
        "ACRONYM": "HC",
        "HF_TYPE_EN": "Health Center",
        "HF_TYPE_KH": "មណ្ឌលសុខភាព",
        "HF_LEVEL": "",
        "HF_HEAD": "និន ហ៊ុច",
        "CONTACT_NO": "855 77505266",
        "CONTACT_EMAIL": "None",
        "START_DATE": "01/01/2006",
        "GOOGLE_MAP_LINK": "https://maps.app.goo.gl/hNa6XyiHbc4iPje19?g_st=com.google.maps.preview.copy",
        "STATUS": "Operational"
      }
    },
    {
      "type": "Feature",
      "geometry": {
        "type": "Point",
        "coordinates": [
          105.1697273,
          12.34156771
        ]
      },
      "properties": {
        "HF_ID": "",
        "HF_CODE": "030109",
        "NAME_KH": "HC ចំការអណ្តូង",
        "NAME_EN": "HC Chamkar Andoung ",
        "PRO_CODE": "03",
        "PRO_NAME_KH": "កំពង់ចាម",
        "PRO_NAME_EN": "Kampong Cham",
        "DIS_CODE": "0302",
        "DIS_NAME_KH": "ចំការលើ",
        "DIS_NAME_EN": "Chamkar Leu",
        "OD_CODE": "0301",
        "OD_NAME_KH": "ចំការលើ",
        "OD_NAME_EN": "Chamkar Leu",
        "COM_CODE": "030202",
        "COM_NAME_KH": "ចំការអណ្ដូង",
        "COM__NAME_EN": "Chamkar Andoung",
        "VIL_CODE": "03020202",
        "VIL_NAME_KH": "សូរជៃ",
        "VIL__NAME_EN": "Souchey",
        "OWNERSHIP": "DPHI (GPS)",
        "ACRONYM": "HC",
        "HF_TYPE_EN": "Health Center",
        "HF_TYPE_KH": "មណ្ឌលសុខភាព",
        "HF_LEVEL": "",
        "HF_HEAD": "ខាត់ សំណាង",
        "CONTACT_NO": "855​ 89 594343",
        "CONTACT_EMAIL": "None",
        "START_DATE": "01/01/2006",
        "GOOGLE_MAP_LINK": "https://maps.app.goo.gl/M5nhB2BMiKHSUgmg6?g_st=it",
        "STATUS": "Operational"
      }
    },
    {
      "type": "Feature",
      "geometry": {
        "type": "Point",
        "coordinates": [
          105.2106761,
          12.38713001
        ]
      },
      "properties": {
        "HF_ID": "",
        "HF_CODE": "030110",
        "NAME_KH": "HC តាប្រុក",
        "NAME_EN": "HC Ta Prok ",
        "PRO_CODE": "03",
        "PRO_NAME_KH": "កំពង់ចាម",
        "PRO_NAME_EN": "Kampong Cham",
        "DIS_CODE": "0302",
        "DIS_NAME_KH": "ចំការលើ",
        "DIS_NAME_EN": "Chamkar Leu",
        "OD_CODE": "0301",
        "OD_NAME_KH": "ចំការលើ",
        "OD_NAME_EN": "Chamkar Leu",
        "COM_CODE": "030208",
        "COM_NAME_KH": "តាប្រុក",
        "COM__NAME_EN": "Ta Prok",
        "VIL_CODE": "03020801",
        "VIL_NAME_KH": "ស្រែប្រាំង",
        "VIL__NAME_EN": "Srae Prang",
        "OWNERSHIP": "DPHI (GPS)",
        "ACRONYM": "HC",
        "HF_TYPE_EN": "Health Center",
        "HF_TYPE_KH": "មណ្ឌលសុខភាព",
        "HF_LEVEL": "",
        "HF_HEAD": "ហោ រចនា",
        "CONTACT_NO": "855 97 5522258",
        "CONTACT_EMAIL": "None",
        "START_DATE": "01/01/2006",
        "GOOGLE_MAP_LINK": "https://maps.app.goo.gl/yi97EnuyQECKnAs1A?g_st=com.google.maps.preview.copy",
        "STATUS": "Operational"
      }
    },
    {
      "type": "Feature",
      "geometry": {
        "type": "Point",
        "coordinates": [
          105.2841928,
          12.34138788
        ]
      },
      "properties": {
        "HF_ID": "",
        "HF_CODE": "030111",
        "NAME_KH": "HC ល្វាលើ",
        "NAME_EN": "HC Lvea Leu ",
        "PRO_CODE": "03",
        "PRO_NAME_KH": "កំពង់ចាម",
        "PRO_NAME_EN": "Kampong Cham",
        "DIS_CODE": "0302",
        "DIS_NAME_KH": "ចំការលើ",
        "DIS_NAME_EN": "Chamkar Leu",
        "OD_CODE": "0301",
        "OD_NAME_KH": "ចំការលើ",
        "OD_NAME_EN": "Chamkar Leu",
        "COM_CODE": "030204",
        "COM_NAME_KH": "ល្វាលើ",
        "COM__NAME_EN": "Lvea Leu",
        "VIL_CODE": "03020405",
        "VIL_NAME_KH": "ល្វាជើង",
        "VIL__NAME_EN": "Lvea Cheung",
        "OWNERSHIP": "DPHI (GPS)",
        "ACRONYM": "HC",
        "HF_TYPE_EN": "Health Center",
        "HF_TYPE_KH": "មណ្ឌលសុខភាព",
        "HF_LEVEL": "",
        "HF_HEAD": "អេង ឌីណា",
        "CONTACT_NO": "855 88 9191620",
        "CONTACT_EMAIL": "None",
        "START_DATE": "01/01/2006",
        "GOOGLE_MAP_LINK": "https://maps.app.goo.gl/ksdngzg5HezfqxaK7?g_st=com.google.maps.preview.copy",
        "STATUS": "Operational"
      }
    },
    {
      "type": "Feature",
      "geometry": {
        "type": "Point",
        "coordinates": [
          105.2208834,
          12.3799532
        ]
      },
      "properties": {
        "HF_ID": "",
        "HF_CODE": "030115",
        "NAME_KH": "HC ចំការកៅស៊ូចំការអណ្តូង",
        "NAME_EN": "HC Chamkar Kaosou Chamkar Andoung ",
        "PRO_CODE": "03",
        "PRO_NAME_KH": "កំពង់ចាម",
        "PRO_NAME_EN": "Kampong Cham",
        "DIS_CODE": "0302",
        "DIS_NAME_KH": "ចំការលើ",
        "DIS_NAME_EN": "Chamkar Leu",
        "OD_CODE": "0301",
        "OD_NAME_KH": "ចំការលើ",
        "OD_NAME_EN": "Chamkar Leu",
        "COM_CODE": "030202",
        "COM_NAME_KH": "តាប្រុក",
        "COM__NAME_EN": "Ta Prok",
        "VIL_CODE": "03020208",
        "VIL_NAME_KH": "តាប៉ាង១",
        "VIL__NAME_EN": "Ta Pang 1",
        "OWNERSHIP": "Survey123 (WHO)",
        "ACRONYM": "HC",
        "HF_TYPE_EN": "Health Center",
        "HF_TYPE_KH": "មណ្ឌលសុខភាព",
        "HF_LEVEL": "",
        "HF_HEAD": "វ៉ាន់ កតវេទិតា",
        "CONTACT_NO": "855 88 5727797",
        "CONTACT_EMAIL": "None",
        "START_DATE": "20/01/2011",
        "GOOGLE_MAP_LINK": "https://maps.app.goo.gl/jhhwrmod1ZkJf5AV9?g_st=com.google.maps.preview.copy",
        "STATUS": "Operational"
      }
    },
    {
      "type": "Feature",
      "geometry": {
        "type": "Point",
        "coordinates": [
          105.3138937,
          12.202727
        ]
      },
      "properties": {
        "HF_ID": "",
        "HF_CODE": "030116",
        "NAME_KH": "HC ស្វាយមាស",
        "NAME_EN": "HC Svay Meas ",
        "PRO_CODE": "03",
        "PRO_NAME_KH": "កំពង់ចាម",
        "PRO_NAME_EN": "Kampong Cham",
        "DIS_CODE": "0302",
        "DIS_NAME_KH": "ចំការលើ",
        "DIS_NAME_EN": "Chamkar Leu",
        "OD_CODE": "0301",
        "OD_NAME_KH": "ចំការលើ",
        "OD_NAME_EN": "Chamkar Leu",
        "COM_CODE": "030207",
        "COM_NAME_KH": "បុសខ្នុរ",
        "COM__NAME_EN": "Bos Khnor",
        "VIL_CODE": "03020711",
        "VIL_NAME_KH": "បាំង​ ១",
        "VIL__NAME_EN": "Baing 1",
        "OWNERSHIP": "DPHI (GPS)",
        "ACRONYM": "HC",
        "HF_TYPE_EN": "Health Center",
        "HF_TYPE_KH": "មណ្ឌលសុខភាព",
        "HF_LEVEL": "",
        "HF_HEAD": "ហោ បញ្ញារិទ្ធ",
        "CONTACT_NO": "855 12459378",
        "CONTACT_EMAIL": "None",
        "START_DATE": "01/03/2012",
        "GOOGLE_MAP_LINK": "https://maps.app.goo.gl/jnYqh48kBkx6BaNh6?g_st=com.google.maps.preview.copy",
        "STATUS": "Operational"
      }
    },
    {
      "type": "Feature",
      "geometry": {
        "type": "Point",
        "coordinates": [
          105.5334328,
          12.2569379
        ]
      },
      "properties": {
        "HF_ID": "",
        "HF_CODE": "030325",
        "NAME_KH": "RH មន្ទីរពេទ្យបងែ្អកហ៊ុនសែនស្ទឹងត្រង់",
        "NAME_EN": "RH Hun Sen Stueng Trang ",
        "PRO_CODE": "03",
        "PRO_NAME_KH": "កំពង់ចាម",
        "PRO_NAME_EN": "Kampong Cham",
        "DIS_CODE": "0315",
        "DIS_NAME_KH": "ស្ទឹងត្រង់",
        "DIS_NAME_EN": "Stueng Trang",
        "OD_CODE": "0311",
        "OD_NAME_KH": "ស្ទឹងត្រង់",
        "OD_NAME_EN": "Stueng Trang",
        "COM_CODE": "031510",
        "COM_NAME_KH": "ព្រែកកក់",
        "COM__NAME_EN": "Preak Kak",
        "VIL_CODE": "03151004",
        "VIL_NAME_KH": "ត្នោតតាសាយ",
        "VIL__NAME_EN": "Tnaot Ta Say",
        "OWNERSHIP": "Survey123 (WHO)",
        "ACRONYM": "RH",
        "HF_TYPE_EN": "Referral Hospital",
        "HF_TYPE_KH": "មន្ទីរពេទ្យបង្អែកស្រុក",
        "HF_LEVEL": "",
        "HF_HEAD": "កៀត តេង",
        "CONTACT_NO": "855 92322413",
        "CONTACT_EMAIL": "None",
        "START_DATE": "01/10/2011",
        "GOOGLE_MAP_LINK": "https://maps.app.goo.gl/B9d9Wx6uohUF4uEy9",
        "STATUS": "Operational"
      }
    },
    {
      "type": "Feature",
      "geometry": {
        "type": "Point",
        "coordinates": [
          105.4094017,
          12.29908376
        ]
      },
      "properties": {
        "HF_ID": "",
        "HF_CODE": "030112",
        "NAME_KH": "HC មេសរជ្រៃ",
        "NAME_EN": "HC Me Sar Chrey ",
        "PRO_CODE": "03",
        "PRO_NAME_KH": "កំពង់ចាម",
        "PRO_NAME_EN": "Kampong Cham",
        "DIS_CODE": "0315",
        "DIS_NAME_KH": "ស្ទឹងត្រង់",
        "DIS_NAME_EN": "Stueng Trang",
        "OD_CODE": "0311",
        "OD_NAME_KH": "ស្ទឹងត្រង់",
        "OD_NAME_EN": "Stueng Trang",
        "COM_CODE": "031505",
        "COM_NAME_KH": "មេសរជ្រៃ",
        "COM__NAME_EN": "Me Sar Chrey",
        "VIL_CODE": "03150503",
        "VIL_NAME_KH": "បុសពោធិ",
        "VIL__NAME_EN": "Bos Pou",
        "OWNERSHIP": "DPHI (GPS)",
        "ACRONYM": "HC",
        "HF_TYPE_EN": "Health Center",
        "HF_TYPE_KH": "មណ្ឌលសុខភាព",
        "HF_LEVEL": "",
        "HF_HEAD": "ស៊ាង ណាត",
        "CONTACT_NO": "855 12780780",
        "CONTACT_EMAIL": "None",
        "START_DATE": "01/01/2006",
        "GOOGLE_MAP_LINK": "https://maps.app.goo.gl/9ii55WWeyjrKsAkRA",
        "STATUS": "Operational"
      }
    },
    {
      "type": "Feature",
      "geometry": {
        "type": "Point",
        "coordinates": [
          105.480452,
          12.3741354
        ]
      },
      "properties": {
        "HF_ID": "",
        "HF_CODE": "030113",
        "NAME_KH": "HC ដងក្តារ",
        "NAME_EN": "HC Dang Kdar ",
        "PRO_CODE": "03",
        "PRO_NAME_KH": "កំពង់ចាម",
        "PRO_NAME_EN": "Kampong Cham",
        "DIS_CODE": "0315",
        "DIS_NAME_KH": "ស្ទឹងត្រង់",
        "DIS_NAME_EN": "Stueng Trang",
        "OD_CODE": "0311",
        "OD_NAME_KH": "ស្ទឹងត្រង់",
        "OD_NAME_EN": "Stueng Trang",
        "COM_CODE": "031503",
        "COM_NAME_KH": "ដងក្ដារ",
        "COM__NAME_EN": "Dang Kdar",
        "VIL_CODE": "03150301",
        "VIL_NAME_KH": "សន្ទិចកើត",
        "VIL__NAME_EN": "Santich Kaeut",
        "OWNERSHIP": "DPHI (GPS)",
        "ACRONYM": "HC",
        "HF_TYPE_EN": "Health Center",
        "HF_TYPE_KH": "មណ្ឌលសុខភាព",
        "HF_LEVEL": "",
        "HF_HEAD": "ឆាយ បំណង",
        "CONTACT_NO": "855 11717385",
        "CONTACT_EMAIL": "None",
        "START_DATE": "01/01/2006",
        "GOOGLE_MAP_LINK": "https://maps.app.goo.gl/mhVe5QKfjxfUe8hp9",
        "STATUS": "Operational"
      }
    },
    {
      "type": "Feature",
      "geometry": {
        "type": "Point",
        "coordinates": [
          105.4223883,
          12.27044423
        ]
      },
      "properties": {
        "HF_ID": "",
        "HF_CODE": "030114",
        "NAME_KH": "HC សូភាស",
        "NAME_EN": "HC Sopheas ",
        "PRO_CODE": "03",
        "PRO_NAME_KH": "កំពង់ចាម",
        "PRO_NAME_EN": "Kampong Cham",
        "DIS_CODE": "0315",
        "DIS_NAME_KH": "ស្ទឹងត្រង់",
        "DIS_NAME_EN": "Stueng Trang",
        "OD_CODE": "0311",
        "OD_NAME_KH": "ស្ទឹងត្រង់",
        "OD_NAME_EN": "Stueng Trang",
        "COM_CODE": "031512",
        "COM_NAME_KH": "សូភាស",
        "COM__NAME_EN": "Soupheas",
        "VIL_CODE": "03151201",
        "VIL_NAME_KH": "សូភាស",
        "VIL__NAME_EN": "Soupheas",
        "OWNERSHIP": "DPHI (GPS)",
        "ACRONYM": "HC",
        "HF_TYPE_EN": "Health Center",
        "HF_TYPE_KH": "មណ្ឌលសុខភាព",
        "HF_LEVEL": "",
        "HF_HEAD": "លោក ឃឹម ឈឿង",
        "CONTACT_NO": "855 12405918",
        "CONTACT_EMAIL": "None",
        "START_DATE": "01/01/2006",
        "GOOGLE_MAP_LINK": "https://maps.app.goo.gl/diuxm5ZCN4pQB7dA6",
        "STATUS": "Operational"
      }
    },
    {
      "type": "Feature",
      "geometry": {
        "type": "Point",
        "coordinates": [
          105.53355,
          12.25638
        ]
      },
      "properties": {
        "HF_ID": "",
        "HF_CODE": "030320",
        "NAME_KH": "HC ព្រែកកក់",
        "NAME_EN": "HC Prek Kak ",
        "PRO_CODE": "03",
        "PRO_NAME_KH": "កំពង់ចាម",
        "PRO_NAME_EN": "Kampong Cham",
        "DIS_CODE": "0315",
        "DIS_NAME_KH": "ស្ទឹងត្រង់",
        "DIS_NAME_EN": "Stueng Trang",
        "OD_CODE": "0311",
        "OD_NAME_KH": "ស្ទឹងត្រង់",
        "OD_NAME_EN": "Stueng Trang",
        "COM_CODE": "031510",
        "COM_NAME_KH": "ព្រែកកក់",
        "COM__NAME_EN": "Preak Kak",
        "VIL_CODE": "03151004",
        "VIL_NAME_KH": "ត្នោតតាសាយ",
        "VIL__NAME_EN": "Tnaot Ta Say",
        "OWNERSHIP": "DPHI (GPS)",
        "ACRONYM": "HC",
        "HF_TYPE_EN": "Health Center",
        "HF_TYPE_KH": "មណ្ឌលសុខភាព",
        "HF_LEVEL": "",
        "HF_HEAD": "ឌីន សុខុម",
        "CONTACT_NO": "855 78275082",
        "CONTACT_EMAIL": "None",
        "START_DATE": "01/01/2006",
        "GOOGLE_MAP_LINK": "https://maps.app.goo.gl/B9d9Wx6uohUF4uEy9",
        "STATUS": "Operational"
      }
    },
    {
      "type": "Feature",
      "geometry": {
        "type": "Point",
        "coordinates": [
          105.5206597,
          12.1852073
        ]
      },
      "properties": {
        "HF_ID": "",
        "HF_CODE": "030321",
        "NAME_KH": "HC ព្រែកបាក់",
        "NAME_EN": "HC Prek Bak ",
        "PRO_CODE": "03",
        "PRO_NAME_KH": "កំពង់ចាម",
        "PRO_NAME_EN": "Kampong Cham",
        "DIS_CODE": "0315",
        "DIS_NAME_KH": "ស្ទឹងត្រង់",
        "DIS_NAME_EN": "Stueng Trang",
        "OD_CODE": "0311",
        "OD_NAME_KH": "ស្ទឹងត្រង់",
        "OD_NAME_EN": "Stueng Trang",
        "COM_CODE": "031509",
        "COM_NAME_KH": "ព្រែកបាក់",
        "COM__NAME_EN": "Preaek Bak",
        "VIL_CODE": "03150904",
        "VIL_NAME_KH": "ព្រែកព្រះអង្គ",
        "VIL__NAME_EN": "Preaek Preah Angk",
        "OWNERSHIP": "Survey123 (WHO)",
        "ACRONYM": "HC",
        "HF_TYPE_EN": "Health Center",
        "HF_TYPE_KH": "មណ្ឌលសុខភាព",
        "HF_LEVEL": "",
        "HF_HEAD": "ចាន់ សារ៉ាត់",
        "CONTACT_NO": "855 16448898",
        "CONTACT_EMAIL": "None",
        "START_DATE": "01/07/2014",
        "GOOGLE_MAP_LINK": "https://maps.app.goo.gl/6ELH6Pru6bsU4jS37",
        "STATUS": "Operational"
      }
    },
    {
      "type": "Feature",
      "geometry": {
        "type": "Point",
        "coordinates": [
          105.7173112,
          12.28787822
        ]
      },
      "properties": {
        "HF_ID": "",
        "HF_CODE": "030409",
        "NAME_KH": "HC ខ្ពបតាងួន",
        "NAME_EN": "HC Khpob Ta Nguon ",
        "PRO_CODE": "03",
        "PRO_NAME_KH": "កំពង់ចាម",
        "PRO_NAME_EN": "Kampong Cham",
        "DIS_CODE": "0315",
        "DIS_NAME_KH": "ស្ទឹងត្រង់",
        "DIS_NAME_EN": "Stueng Trang",
        "OD_CODE": "0311",
        "OD_NAME_KH": "ស្ទឹងត្រង់",
        "OD_NAME_EN": "Stueng Trang",
        "COM_CODE": "031504",
        "COM_NAME_KH": "ខ្ពបតាងួន",
        "COM__NAME_EN": "Khpob Ta Nguon",
        "VIL_CODE": "03150404",
        "VIL_NAME_KH": "ខ្ពបតាងួន",
        "VIL__NAME_EN": "Khpob Ta Nguon",
        "OWNERSHIP": "DPHI (GPS)",
        "ACRONYM": "HC",
        "HF_TYPE_EN": "Health Center",
        "HF_TYPE_KH": "មណ្ឌលសុខភាព",
        "HF_LEVEL": "",
        "HF_HEAD": "ឡៅ ស៊ីផា",
        "CONTACT_NO": "855 12453761",
        "CONTACT_EMAIL": "None",
        "START_DATE": "01/01/2006",
        "GOOGLE_MAP_LINK": "https://maps.app.goo.gl/cgpcY6QxwECZ96r77",
        "STATUS": "Operational"
      }
    },
    {
      "type": "Feature",
      "geometry": {
        "type": "Point",
        "coordinates": [
          105.668899,
          12.30019573
        ]
      },
      "properties": {
        "HF_ID": "",
        "HF_CODE": "030410",
        "NAME_KH": "HC ពាមកោះស្នា",
        "NAME_EN": "HC Peam Koh Sna ",
        "PRO_CODE": "03",
        "PRO_NAME_KH": "កំពង់ចាម",
        "PRO_NAME_EN": "Kampong Cham",
        "DIS_CODE": "0315",
        "DIS_NAME_KH": "ស្ទឹងត្រង់",
        "DIS_NAME_EN": "Stueng Trang",
        "OD_CODE": "0311",
        "OD_NAME_KH": "ស្ទឹងត្រង់",
        "OD_NAME_EN": "Stueng Trang",
        "COM_CODE": "031507",
        "COM_NAME_KH": "ពាមកោះស្នា",
        "COM__NAME_EN": "Peam Kaoh Snar",
        "VIL_CODE": "03150702",
        "VIL_NAME_KH": "ពាមក្នុង",
        "VIL__NAME_EN": "Peam Knong",
        "OWNERSHIP": "DPHI (GPS)",
        "ACRONYM": "HC",
        "HF_TYPE_EN": "Health Center",
        "HF_TYPE_KH": "មណ្ឌលសុខភាព",
        "HF_LEVEL": "",
        "HF_HEAD": "ស៊ើង ប៊ុន្នី",
        "CONTACT_NO": "855 12485230",
        "CONTACT_EMAIL": "None",
        "START_DATE": "01/01/2006",
        "GOOGLE_MAP_LINK": "https://maps.app.goo.gl/8c5nHjRajuh5dGAP8",
        "STATUS": "Operational"
      }
    },
    {
      "type": "Feature",
      "geometry": {
        "type": "Point",
        "coordinates": [
          105.5933005,
          12.35947113
        ]
      },
      "properties": {
        "HF_ID": "",
        "HF_CODE": "030411",
        "NAME_KH": "HC អារក្សត្នោត",
        "NAME_EN": "HC Aractnout ",
        "PRO_CODE": "03",
        "PRO_NAME_KH": "កំពង់ចាម",
        "PRO_NAME_EN": "Kampong Cham",
        "DIS_CODE": "0315",
        "DIS_NAME_KH": "ស្ទឹងត្រង់",
        "DIS_NAME_EN": "Stueng Trang",
        "OD_CODE": "0311",
        "OD_NAME_KH": "ស្ទឹងត្រង់",
        "OD_NAME_EN": "Stueng Trang",
        "COM_CODE": "031501",
        "COM_NAME_KH": "អារក្សត្នោត",
        "COM__NAME_EN": "Areaks Tnot",
        "VIL_CODE": "03150105",
        "VIL_NAME_KH": "បែកអន្លូង",
        "VIL__NAME_EN": "Baek Anlung",
        "OWNERSHIP": "DPHI (GPS)",
        "ACRONYM": "HC",
        "HF_TYPE_EN": "Health Center",
        "HF_TYPE_KH": "មណ្ឌលសុខភាព",
        "HF_LEVEL": "",
        "HF_HEAD": "ខាត់ បូរីន",
        "CONTACT_NO": "855 92392816",
        "CONTACT_EMAIL": "None",
        "START_DATE": "01/01/2006",
        "GOOGLE_MAP_LINK": "https://maps.app.goo.gl/j1X1uzjS3QFqNNfU6",
        "STATUS": "Operational"
      }
    },
    {
      "type": "Feature",
      "geometry": {
        "type": "Point",
        "coordinates": [
          105.6755733,
          12.4175183
        ]
      },
      "properties": {
        "HF_ID": "",
        "HF_CODE": "030412",
        "NAME_KH": "HC ទួលសំបូរ",
        "NAME_EN": "HC Tourl Sambour ",
        "PRO_CODE": "03",
        "PRO_NAME_KH": "កំពង់ចាម",
        "PRO_NAME_EN": "Kampong Cham",
        "DIS_CODE": "0315",
        "DIS_NAME_KH": "ស្ទឹងត្រង់",
        "DIS_NAME_EN": "Stueng Trang",
        "OD_CODE": "0311",
        "OD_NAME_KH": "ស្ទឹងត្រង់",
        "OD_NAME_EN": "Stueng Trang",
        "COM_CODE": "031514",
        "COM_NAME_KH": "ទួលសំបួរ",
        "COM__NAME_EN": "Tuol Sambuor",
        "VIL_CODE": "03151402",
        "VIL_NAME_KH": "ពោន",
        "VIL__NAME_EN": "Poun",
        "OWNERSHIP": "Survey123 (WHO)",
        "ACRONYM": "HC",
        "HF_TYPE_EN": "Health Center",
        "HF_TYPE_KH": "មណ្ឌលសុខភាព",
        "HF_LEVEL": "",
        "HF_HEAD": "វ៉ា លាងសេង",
        "CONTACT_NO": "855 973444465",
        "CONTACT_EMAIL": "None",
        "START_DATE": "01/01/2006",
        "GOOGLE_MAP_LINK": "https://maps.app.goo.gl/xBSKo53iEnmcdGWD8",
        "STATUS": "Operational"
      }
    },
    {
      "type": "Feature",
      "geometry": {
        "type": "Point",
        "coordinates": [
          105.4574337,
          12.2248094
        ]
      },
      "properties": {
        "HF_ID": "",
        "HF_CODE": "031101",
        "NAME_KH": "HC ទួលព្រះឃ្លាំង",
        "NAME_EN": "HC Tuol Preah Khlaing ",
        "PRO_CODE": "03",
        "PRO_NAME_KH": "កំពង់ចាម",
        "PRO_NAME_EN": "Kampong Cham",
        "DIS_CODE": "0315",
        "DIS_NAME_KH": "ស្ទឹងត្រង់",
        "DIS_NAME_EN": "Stueng Trang",
        "OD_CODE": "0311",
        "OD_NAME_KH": "ស្ទឹងត្រង់",
        "OD_NAME_EN": "Stueng Trang",
        "COM_CODE": "031513",
        "COM_NAME_KH": "ទួលព្រះឃ្លាំង",
        "COM__NAME_EN": "Tuol Preah Khleang",
        "VIL_CODE": "03151305",
        "VIL_NAME_KH": "ដូនទរ",
        "VIL__NAME_EN": "Doun Tor",
        "OWNERSHIP": "Survey123 (WHO)",
        "ACRONYM": "HC",
        "HF_TYPE_EN": "Health Center",
        "HF_TYPE_KH": "មណ្ឌលសុខភាព",
        "HF_LEVEL": "",
        "HF_HEAD": "យេត យាត",
        "CONTACT_NO": "855 977338977",
        "CONTACT_EMAIL": "None",
        "START_DATE": "01/01/2006",
        "GOOGLE_MAP_LINK": "https://maps.app.goo.gl/BaqbfkQo6uDgKTo79",
        "STATUS": "Operational"
      }
    },
    {
      "type": "Feature",
      "geometry": {
        "type": "Point",
        "coordinates": [
          105.5343862,
          12.39439834
        ]
      },
      "properties": {
        "HF_ID": "",
        "HF_CODE": "031102",
        "NAME_KH": "HC អូរម្លូ",
        "NAME_EN": "HC O Malu ",
        "PRO_CODE": "03",
        "PRO_NAME_KH": "កំពង់ចាម",
        "PRO_NAME_EN": "Kampong Cham",
        "DIS_CODE": "0315",
        "DIS_NAME_KH": "ស្ទឹងត្រង់",
        "DIS_NAME_EN": "Stueng Trang",
        "OD_CODE": "0311",
        "OD_NAME_KH": "ស្ទឹងត្រង់",
        "OD_NAME_EN": "Stueng Trang",
        "COM_CODE": "031506",
        "COM_NAME_KH": "អូរម្លូ",
        "COM__NAME_EN": "Ou Mlu",
        "VIL_CODE": "03150601",
        "VIL_NAME_KH": "ខ្ទួយទី១",
        "VIL__NAME_EN": "Khtuoy Ti Muoy",
        "OWNERSHIP": "Survey123 (WHO)",
        "ACRONYM": "HC",
        "HF_TYPE_EN": "Health Center",
        "HF_TYPE_KH": "មណ្ឌលសុខភាព",
        "HF_LEVEL": "",
        "HF_HEAD": "ស៊ូ សុភ័ត្រា",
        "CONTACT_NO": "855 87782015",
        "CONTACT_EMAIL": "None",
        "START_DATE": "01/01/2014",
        "GOOGLE_MAP_LINK": "https://maps.app.goo.gl/RLPwEZ7yRd1nwQ4F7",
        "STATUS": "Operational"
      }
    },
    {
      "type": "Feature",
      "geometry": {
        "type": "Point",
        "coordinates": [
          105.5232355,
          12.2781377
        ]
      },
      "properties": {
        "HF_ID": "",
        "HF_CODE": "031104",
        "NAME_KH": "HC មាឃ៣",
        "NAME_EN": "HC Meakh 3 ",
        "PRO_CODE": "03",
        "PRO_NAME_KH": "កំពង់ចាម",
        "PRO_NAME_EN": "Kampong Cham",
        "DIS_CODE": "0315",
        "DIS_NAME_KH": "ស្ទឹងត្រង់",
        "DIS_NAME_EN": "Stueng Trang",
        "OD_CODE": "0311",
        "OD_NAME_KH": "ស្ទឹងត្រង់",
        "OD_NAME_EN": "Stueng Trang",
        "COM_CODE": "031510",
        "COM_NAME_KH": "ព្រែកកក់",
        "COM__NAME_EN": "Preak Kak",
        "VIL_CODE": "03151022",
        "VIL_NAME_KH": "មាឃ ៣",
        "VIL__NAME_EN": "Meakh Bei",
        "OWNERSHIP": "Survey123 (WHO)",
        "ACRONYM": "HC",
        "HF_TYPE_EN": "Health Center",
        "HF_TYPE_KH": "មណ្ឌលសុខភាព",
        "HF_LEVEL": "",
        "HF_HEAD": "ហេង សុខុម",
        "CONTACT_NO": "855 86280893",
        "CONTACT_EMAIL": "None",
        "START_DATE": "01/01/2016",
        "GOOGLE_MAP_LINK": "https://maps.app.goo.gl/7fubFiMpzW68HiPP6",
        "STATUS": "Operational"
      }
    },
    {
      "type": "Feature",
      "geometry": {
        "type": "Point",
        "coordinates": [
          105.0725375,
          12.05550726
        ]
      },
      "properties": {
        "HF_ID": "",
        "HF_CODE": "030201",
        "NAME_KH": "RH មន្ទីរពេទ្យបង្អែកជើងព្រៃ",
        "NAME_EN": "RH Choeung Prey ",
        "PRO_CODE": "03",
        "PRO_NAME_KH": "កំពង់ចាម",
        "PRO_NAME_EN": "Kampong Cham",
        "DIS_CODE": "0303",
        "DIS_NAME_KH": "ជើងព្រៃ",
        "DIS_NAME_EN": "Cheung Prey",
        "OD_CODE": "0302",
        "OD_NAME_KH": "ជើងព្រៃ",
        "OD_NAME_EN": "Choeung Prey",
        "COM_CODE": "030308",
        "COM_NAME_KH": "សូទិព្វ",
        "COM__NAME_EN": "Soutib",
        "VIL_CODE": "03030802",
        "VIL_NAME_KH": "ស្គន់",
        "VIL__NAME_EN": "Skon",
        "OWNERSHIP": "DPHI (GPS)",
        "ACRONYM": "RH",
        "HF_TYPE_EN": "Referral Hospital",
        "HF_TYPE_KH": "មន្ទីរពេទ្យបង្អែកស្រុក",
        "HF_LEVEL": "",
        "HF_HEAD": "លុយ សែន",
        "CONTACT_NO": "855 12765 580",
        "CONTACT_EMAIL": "None",
        "START_DATE": "01/01/2016",
        "GOOGLE_MAP_LINK": "https://maps.app.goo.gl/djrEGxKJhXqz6ag58",
        "STATUS": "Operational"
      }
    },
    {
      "type": "Feature",
      "geometry": {
        "type": "Point",
        "coordinates": [
          105.1269182,
          12.18681623
        ]
      },
      "properties": {
        "HF_ID": "",
        "HF_CODE": "030202",
        "NAME_KH": "HC សំពងជ័យ",
        "NAME_EN": "HC Sampong Chey ",
        "PRO_CODE": "03",
        "PRO_NAME_KH": "កំពង់ចាម",
        "PRO_NAME_EN": "Kampong Cham",
        "DIS_CODE": "0303",
        "DIS_NAME_KH": "ជើងព្រៃ",
        "DIS_NAME_EN": "Cheung Prey",
        "OD_CODE": "0302",
        "OD_NAME_KH": "ជើងព្រៃ",
        "OD_NAME_EN": "Choeung Prey",
        "COM_CODE": "030306",
        "COM_NAME_KH": "សំពងជ័យ",
        "COM__NAME_EN": "Sampong Chey",
        "VIL_CODE": "03030609",
        "VIL_NAME_KH": "បាខម",
        "VIL__NAME_EN": "Bakham",
        "OWNERSHIP": "DPHI (GPS)",
        "ACRONYM": "HC",
        "HF_TYPE_EN": "Health Center",
        "HF_TYPE_KH": "មណ្ឌលសុខភាព",
        "HF_LEVEL": "",
        "HF_HEAD": "ងួន សុខលាង",
        "CONTACT_NO": "855 17 855 907",
        "CONTACT_EMAIL": "None",
        "START_DATE": "01/01/2006",
        "GOOGLE_MAP_LINK": "https://maps.app.goo.gl/gyBqHdzBaNWPS3oF7",
        "STATUS": "Operational"
      }
    },
    {
      "type": "Feature",
      "geometry": {
        "type": "Point",
        "coordinates": [
          105.0542119,
          12.17629922
        ]
      },
      "properties": {
        "HF_ID": "",
        "HF_CODE": "030203",
        "NAME_KH": "HC ព្រីងជ្រុំ",
        "NAME_EN": "HC Pring Chrum ",
        "PRO_CODE": "03",
        "PRO_NAME_KH": "កំពង់ចាម",
        "PRO_NAME_EN": "Kampong Cham",
        "DIS_CODE": "0303",
        "DIS_NAME_KH": "ជើងព្រៃ",
        "DIS_NAME_EN": "Cheung Prey",
        "OD_CODE": "0302",
        "OD_NAME_KH": "ជើងព្រៃ",
        "OD_NAME_EN": "Choeung Prey",
        "COM_CODE": "030305",
        "COM_NAME_KH": "ព្រីងជ្រុំ",
        "COM__NAME_EN": "Pring Chrum",
        "VIL_CODE": "03030502",
        "VIL_NAME_KH": "ត្រពាំងទឹម",
        "VIL__NAME_EN": "Trapeang Tuem",
        "OWNERSHIP": "DPHI (GPS)",
        "ACRONYM": "HC",
        "HF_TYPE_EN": "Health Center",
        "HF_TYPE_KH": "មណ្ឌលសុខភាព",
        "HF_LEVEL": "",
        "HF_HEAD": "ប៊ី សុខម៉ៅ",
        "CONTACT_NO": "855 96 440 1456",
        "CONTACT_EMAIL": "None",
        "START_DATE": "01/01/2006",
        "GOOGLE_MAP_LINK": "https://maps.app.goo.gl/Shy8hWfJ2qZ8i6Kk7",
        "STATUS": "Operational"
      }
    },
    {
      "type": "Feature",
      "geometry": {
        "type": "Point",
        "coordinates": [
          105.072406,
          12.09877121
        ]
      },
      "properties": {
        "HF_ID": "",
        "HF_CODE": "030204",
        "NAME_KH": "HC ស្តើងជ័យ",
        "NAME_EN": "HC Sdaeung Chey ",
        "PRO_CODE": "03",
        "PRO_NAME_KH": "កំពង់ចាម",
        "PRO_NAME_EN": "Kampong Cham",
        "DIS_CODE": "0303",
        "DIS_NAME_KH": "ជើងព្រៃ",
        "DIS_NAME_EN": "Cheung Prey",
        "OD_CODE": "0302",
        "OD_NAME_KH": "ជើងព្រៃ",
        "OD_NAME_EN": "Choeung Prey",
        "COM_CODE": "030307",
        "COM_NAME_KH": "ស្ដើងជ័យ",
        "COM__NAME_EN": "Sdaeung Chey",
        "VIL_CODE": "03030702",
        "VIL_NAME_KH": "ស្ដើងជ័យ",
        "VIL__NAME_EN": "Sdaeung Chey",
        "OWNERSHIP": "DPHI (GPS)",
        "ACRONYM": "HC",
        "HF_TYPE_EN": "Health Center",
        "HF_TYPE_KH": "មណ្ឌលសុខភាព",
        "HF_LEVEL": "",
        "HF_HEAD": "ជា សារី",
        "CONTACT_NO": "855 89436958",
        "CONTACT_EMAIL": "None",
        "START_DATE": "01/01/2006",
        "GOOGLE_MAP_LINK": "https://maps.app.goo.gl/wHUh3RvPWPbn3FJXA",
        "STATUS": "Operational"
      }
    },
    {
      "type": "Feature",
      "geometry": {
        "type": "Point",
        "coordinates": [
          105.1254705,
          12.12016906
        ]
      },
      "properties": {
        "HF_ID": "",
        "HF_CODE": "030205",
        "NAME_KH": "HC ស្អាង",
        "NAME_EN": "HC Saang ",
        "PRO_CODE": "03",
        "PRO_NAME_KH": "កំពង់ចាម",
        "PRO_NAME_EN": "Kampong Cham",
        "DIS_CODE": "0303",
        "DIS_NAME_KH": "ជើងព្រៃ",
        "DIS_NAME_EN": "Cheung Prey",
        "OD_CODE": "0302",
        "OD_NAME_KH": "ជើងព្រៃ",
        "OD_NAME_EN": "Choeung Prey",
        "COM_CODE": "030310",
        "COM_NAME_KH": "ត្រពាំងគរ",
        "COM__NAME_EN": "Trapeang Kor",
        "VIL_CODE": "03031002",
        "VIL_NAME_KH": "ស្អាង",
        "VIL__NAME_EN": "S'ang",
        "OWNERSHIP": "DPHI (GPS)",
        "ACRONYM": "HC",
        "HF_TYPE_EN": "Health Center",
        "HF_TYPE_KH": "មណ្ឌលសុខភាព",
        "HF_LEVEL": "",
        "HF_HEAD": "ស៊ីម សុវណ្ណនី",
        "CONTACT_NO": "855 17438685",
        "CONTACT_EMAIL": "None",
        "START_DATE": "01/01/2006",
        "GOOGLE_MAP_LINK": "https://maps.app.goo.gl/bAps74WGgafX6LyM9",
        "STATUS": "Operational"
      }
    },
    {
      "type": "Feature",
      "geometry": {
        "type": "Point",
        "coordinates": [
          105.0723607,
          12.05564736
        ]
      },
      "properties": {
        "HF_ID": "",
        "HF_CODE": "030206",
        "NAME_KH": "HC ស្គន់",
        "NAME_EN": "HC Skun ",
        "PRO_CODE": "03",
        "PRO_NAME_KH": "កំពង់ចាម",
        "PRO_NAME_EN": "Kampong Cham",
        "DIS_CODE": "0303",
        "DIS_NAME_KH": "ជើងព្រៃ",
        "DIS_NAME_EN": "Cheung Prey",
        "OD_CODE": "0302",
        "OD_NAME_KH": "ជើងព្រៃ",
        "OD_NAME_EN": "Choeung Prey",
        "COM_CODE": "030308",
        "COM_NAME_KH": "សូទិព្វ",
        "COM__NAME_EN": "Soutib",
        "VIL_CODE": "03030802",
        "VIL_NAME_KH": "ស្គន់",
        "VIL__NAME_EN": "Skon",
        "OWNERSHIP": "DPHI (GPS)",
        "ACRONYM": "HC",
        "HF_TYPE_EN": "Health Center",
        "HF_TYPE_KH": "មណ្ឌលសុខភាព",
        "HF_LEVEL": "",
        "HF_HEAD": "ឈាង ស្រីតូច",
        "CONTACT_NO": "855 77 554 733",
        "CONTACT_EMAIL": "None",
        "START_DATE": "01/01/2006",
        "GOOGLE_MAP_LINK": "https://maps.app.goo.gl/djrEGxKJhXqz6ag58",
        "STATUS": "Operational"
      }
    },
    {
      "type": "Feature",
      "geometry": {
        "type": "Point",
        "coordinates": [
          105.0695,
          12.018153
        ]
      },
      "properties": {
        "HF_ID": "",
        "HF_CODE": "030207",
        "NAME_KH": "HC ដូនដុំ",
        "NAME_EN": "HC Daun Dom ",
        "PRO_CODE": "03",
        "PRO_NAME_KH": "កំពង់ចាម",
        "PRO_NAME_EN": "Kampong Cham",
        "DIS_CODE": "0303",
        "DIS_NAME_KH": "ជើងព្រៃ",
        "DIS_NAME_EN": "Cheung Prey",
        "OD_CODE": "0302",
        "OD_NAME_KH": "ជើងព្រៃ",
        "OD_NAME_EN": "Choeung Prey",
        "COM_CODE": "030308",
        "COM_NAME_KH": "សូទិព្វ",
        "COM__NAME_EN": "Soutib",
        "VIL_CODE": "03030806",
        "VIL_NAME_KH": "ដូនដុំ",
        "VIL__NAME_EN": "Doun Dom",
        "OWNERSHIP": "DPHI (GPS)",
        "ACRONYM": "HC",
        "HF_TYPE_EN": "Health Center",
        "HF_TYPE_KH": "មណ្ឌលសុខភាព",
        "HF_LEVEL": "",
        "HF_HEAD": "ហ៊ាន ហ៊ុល",
        "CONTACT_NO": "855 11324046",
        "CONTACT_EMAIL": "None",
        "START_DATE": "01/01/2006",
        "GOOGLE_MAP_LINK": "https://maps.app.goo.gl/VbyFwxwYQ2VRgFtR6?g_st=it",
        "STATUS": "Operational"
      }
    },
    {
      "type": "Feature",
      "geometry": {
        "type": "Point",
        "coordinates": [
          105.0151663,
          12.01750676
        ]
      },
      "properties": {
        "HF_ID": "",
        "HF_CODE": "030208",
        "NAME_KH": "HC ខ្នុរដំបង",
        "NAME_EN": "HC Khnor Dambang ",
        "PRO_CODE": "03",
        "PRO_NAME_KH": "កំពង់ចាម",
        "PRO_NAME_EN": "Kampong Cham",
        "DIS_CODE": "0303",
        "DIS_NAME_KH": "ជើងព្រៃ",
        "DIS_NAME_EN": "Cheung Prey",
        "OD_CODE": "0302",
        "OD_NAME_KH": "ជើងព្រៃ",
        "OD_NAME_EN": "Choeung Prey",
        "COM_CODE": "030301",
        "COM_NAME_KH": "ខ្នុរដំបង",
        "COM__NAME_EN": "Khnor Dambang",
        "VIL_CODE": "03030102",
        "VIL_NAME_KH": "ខ្នុរដំបង",
        "VIL__NAME_EN": "Khnor Dambang",
        "OWNERSHIP": "DPHI (GPS)",
        "ACRONYM": "HC",
        "HF_TYPE_EN": "Health Center",
        "HF_TYPE_KH": "មណ្ឌលសុខភាព",
        "HF_LEVEL": "",
        "HF_HEAD": "ជុំ ផល្លា",
        "CONTACT_NO": "855 99 660 658",
        "CONTACT_EMAIL": "None",
        "START_DATE": "01/01/2006",
        "GOOGLE_MAP_LINK": "https://maps.app.goo.gl/QSsRDARB4gKZMesG7",
        "STATUS": "Operational"
      }
    },
    {
      "type": "Feature",
      "geometry": {
        "type": "Point",
        "coordinates": [
          104.9409684,
          11.98563377
        ]
      },
      "properties": {
        "HF_ID": "",
        "HF_CODE": "030213",
        "NAME_KH": "RH មន្ទីរពេទ្យបង្អែកបាធាយ",
        "NAME_EN": "RH Batheay ",
        "PRO_CODE": "03",
        "PRO_NAME_KH": "កំពង់ចាម",
        "PRO_NAME_EN": "Kampong Cham",
        "DIS_CODE": "0301",
        "DIS_NAME_KH": "បាធាយ",
        "DIS_NAME_EN": "Batheay",
        "OD_CODE": "0312",
        "OD_NAME_KH": "បាធាយ",
        "OD_NAME_EN": "Batheay",
        "COM_CODE": "030101",
        "COM_NAME_KH": "បាធាយ",
        "COM__NAME_EN": "Batheay",
        "VIL_CODE": "03010102",
        "VIL_NAME_KH": "បាធាយ",
        "VIL__NAME_EN": "Batheay",
        "OWNERSHIP": "DPHI (GPS)",
        "ACRONYM": "RH",
        "HF_TYPE_EN": "Referral Hospital",
        "HF_TYPE_KH": "មន្ទីរពេទ្យបង្អែកស្រុក",
        "HF_LEVEL": "",
        "HF_HEAD": "ទូច ហួត",
        "CONTACT_NO": "855 12960295",
        "CONTACT_EMAIL": "None",
        "START_DATE": "01/01/2016",
        "GOOGLE_MAP_LINK": "https://maps.app.goo.gl/c8r4tZxUkShFSRyt9",
        "STATUS": "Operational"
      }
    },
    {
      "type": "Feature",
      "geometry": {
        "type": "Point",
        "coordinates": [
          104.9738189,
          12.08620403
        ]
      },
      "properties": {
        "HF_ID": "",
        "HF_CODE": "030209",
        "NAME_KH": "HC ទំនប់",
        "NAME_EN": "HC Tumnub ",
        "PRO_CODE": "03",
        "PRO_NAME_KH": "កំពង់ចាម",
        "PRO_NAME_EN": "Kampong Cham",
        "DIS_CODE": "0301",
        "DIS_NAME_KH": "បាធាយ",
        "DIS_NAME_EN": "Batheay",
        "OD_CODE": "0312",
        "OD_NAME_KH": "បាធាយ",
        "OD_NAME_EN": "Batheay",
        "COM_CODE": "030112",
        "COM_NAME_KH": "ទំនប់",
        "COM__NAME_EN": "Tumnob",
        "VIL_CODE": "03011203",
        "VIL_NAME_KH": "ដូនប៉ែន",
        "VIL__NAME_EN": "Doun Paen",
        "OWNERSHIP": "DPHI (GPS)",
        "ACRONYM": "HC",
        "HF_TYPE_EN": "Health Center",
        "HF_TYPE_KH": "មណ្ឌលសុខភាព",
        "HF_LEVEL": "",
        "HF_HEAD": "ណុប សោភា",
        "CONTACT_NO": "855 92237196",
        "CONTACT_EMAIL": "None",
        "START_DATE": "01/01/2006",
        "GOOGLE_MAP_LINK": "https://maps.app.goo.gl/6AeMwz9vYrgWjqc69",
        "STATUS": "Operational"
      }
    },
    {
      "type": "Feature",
      "geometry": {
        "type": "Point",
        "coordinates": [
          104.969561,
          12.05730833
        ]
      },
      "properties": {
        "HF_ID": "",
        "HF_CODE": "030210",
        "NAME_KH": "HC ជើងព្រៃ",
        "NAME_EN": "HC Cheung Prey ",
        "PRO_CODE": "03",
        "PRO_NAME_KH": "កំពង់ចាម",
        "PRO_NAME_EN": "Kampong Cham",
        "DIS_CODE": "0301",
        "DIS_NAME_KH": "បាធាយ",
        "DIS_NAME_EN": "Batheay",
        "OD_CODE": "0312",
        "OD_NAME_KH": "បាធាយ",
        "OD_NAME_EN": "Batheay",
        "COM_CODE": "030104",
        "COM_NAME_KH": "ជើងព្រៃ",
        "COM__NAME_EN": "Cheung Prey",
        "VIL_CODE": "03010401",
        "VIL_NAME_KH": "ជើងព្រៃ",
        "VIL__NAME_EN": "Cheung Prey",
        "OWNERSHIP": "DPHI (GPS)",
        "ACRONYM": "HC",
        "HF_TYPE_EN": "Health Center",
        "HF_TYPE_KH": "មណ្ឌលសុខភាព",
        "HF_LEVEL": "",
        "HF_HEAD": "ជា អុន",
        "CONTACT_NO": "855 882589469",
        "CONTACT_EMAIL": "None",
        "START_DATE": "01/01/2006",
        "GOOGLE_MAP_LINK": "https://maps.app.goo.gl/dH9RPyxFE43j2QBh9",
        "STATUS": "Operational"
      }
    },
    {
      "type": "Feature",
      "geometry": {
        "type": "Point",
        "coordinates": [
          104.9666478,
          12.02839069
        ]
      },
      "properties": {
        "HF_ID": "",
        "HF_CODE": "030211",
        "NAME_KH": "HC ផ្អាវ",
        "NAME_EN": "HC Phaav ",
        "PRO_CODE": "03",
        "PRO_NAME_KH": "កំពង់ចាម",
        "PRO_NAME_EN": "Kampong Cham",
        "DIS_CODE": "0301",
        "DIS_NAME_KH": "បាធាយ",
        "DIS_NAME_EN": "Batheay",
        "OD_CODE": "0312",
        "OD_NAME_KH": "បាធាយ",
        "OD_NAME_EN": "Batheay",
        "COM_CODE": "030106",
        "COM_NAME_KH": "ផ្អាវ",
        "COM__NAME_EN": "Ph'av",
        "VIL_CODE": "03010601",
        "VIL_NAME_KH": "ផ្អាវ",
        "VIL__NAME_EN": "Ph'av",
        "OWNERSHIP": "DPHI (GPS)",
        "ACRONYM": "HC",
        "HF_TYPE_EN": "Health Center",
        "HF_TYPE_KH": "មណ្ឌលសុខភាព",
        "HF_LEVEL": "",
        "HF_HEAD": "ហាក់ ណារ៉េត",
        "CONTACT_NO": "855 17473222",
        "CONTACT_EMAIL": "None",
        "START_DATE": "01/01/2006",
        "GOOGLE_MAP_LINK": "https://maps.app.goo.gl/HRJmbEbmEKnqLVhSA",
        "STATUS": "Operational"
      }
    },
    {
      "type": "Feature",
      "geometry": {
        "type": "Point",
        "coordinates": [
          104.9360146,
          11.88144123
        ]
      },
      "properties": {
        "HF_ID": "",
        "HF_CODE": "030212",
        "NAME_KH": "HC ជើងឆ្នុក",
        "NAME_EN": "HC Cheung Chhnok ",
        "PRO_CODE": "03",
        "PRO_NAME_KH": "កំពង់ចាម",
        "PRO_NAME_EN": "Kampong Cham",
        "DIS_CODE": "0301",
        "DIS_NAME_KH": "បាធាយ",
        "DIS_NAME_EN": "Batheay",
        "OD_CODE": "0312",
        "OD_NAME_KH": "បាធាយ",
        "OD_NAME_EN": "Batheay",
        "COM_CODE": "030109",
        "COM_NAME_KH": "តាំងក្រាំង",
        "COM__NAME_EN": "Tang Krang",
        "VIL_CODE": "03010902",
        "VIL_NAME_KH": "ជើងឆ្នុក",
        "VIL__NAME_EN": "Cheung Chhnok",
        "OWNERSHIP": "DPHI (GPS)",
        "ACRONYM": "HC",
        "HF_TYPE_EN": "Health Center",
        "HF_TYPE_KH": "មណ្ឌលសុខភាព",
        "HF_LEVEL": "",
        "HF_HEAD": "រស់ ចំរើន",
        "CONTACT_NO": "855 12548961",
        "CONTACT_EMAIL": "None",
        "START_DATE": "01/01/2006",
        "GOOGLE_MAP_LINK": "https://maps.app.goo.gl/i8WdhF2q4hC9mkZE8",
        "STATUS": "Operational"
      }
    },
    {
      "type": "Feature",
      "geometry": {
        "type": "Point",
        "coordinates": [
          104.972965,
          12.12242115
        ]
      },
      "properties": {
        "HF_ID": "",
        "HF_CODE": "030214",
        "NAME_KH": "HC សណ្តែក",
        "NAME_EN": "HC Sandaek ",
        "PRO_CODE": "03",
        "PRO_NAME_KH": "កំពង់ចាម",
        "PRO_NAME_EN": "Kampong Cham",
        "DIS_CODE": "0301",
        "DIS_NAME_KH": "បាធាយ",
        "DIS_NAME_EN": "Batheay",
        "OD_CODE": "0312",
        "OD_NAME_KH": "បាធាយ",
        "OD_NAME_EN": "Batheay",
        "COM_CODE": "030108",
        "COM_NAME_KH": "សណ្ដែក",
        "COM__NAME_EN": "Sandaek",
        "VIL_CODE": "03010801",
        "VIL_NAME_KH": "កប៉ាល់",
        "VIL__NAME_EN": "Kakpal",
        "OWNERSHIP": "DPHI (GPS)",
        "ACRONYM": "HC",
        "HF_TYPE_EN": "Health Center",
        "HF_TYPE_KH": "មណ្ឌលសុខភាព",
        "HF_LEVEL": "",
        "HF_HEAD": "ជ័យ ហ៊ាង",
        "CONTACT_NO": "855 92894717",
        "CONTACT_EMAIL": "None",
        "START_DATE": "01/01/2006",
        "GOOGLE_MAP_LINK": "https://maps.app.goo.gl/P3vDA8mP1B2Z3KDv7",
        "STATUS": "Operational"
      }
    },
    {
      "type": "Feature",
      "geometry": {
        "type": "Point",
        "coordinates": [
          104.8522206,
          11.86795025
        ]
      },
      "properties": {
        "HF_ID": "",
        "HF_CODE": "030215",
        "NAME_KH": "HC សំបូរ",
        "NAME_EN": "HC Sambour ",
        "PRO_CODE": "03",
        "PRO_NAME_KH": "កំពង់ចាម",
        "PRO_NAME_EN": "Kampong Cham",
        "DIS_CODE": "0301",
        "DIS_NAME_KH": "បាធាយ",
        "DIS_NAME_EN": "Batheay",
        "OD_CODE": "0312",
        "OD_NAME_KH": "បាធាយ",
        "OD_NAME_EN": "Batheay",
        "COM_CODE": "030107",
        "COM_NAME_KH": "សំបូរ",
        "COM__NAME_EN": "Sambour",
        "VIL_CODE": "03010701",
        "VIL_NAME_KH": "សំបូរ",
        "VIL__NAME_EN": "Sambour",
        "OWNERSHIP": "DPHI (GPS)",
        "ACRONYM": "HC",
        "HF_TYPE_EN": "Health Center",
        "HF_TYPE_KH": "មណ្ឌលសុខភាព",
        "HF_LEVEL": "",
        "HF_HEAD": "គង់ ពលៈ",
        "CONTACT_NO": "855 12368994",
        "CONTACT_EMAIL": "None",
        "START_DATE": "01/01/2006",
        "GOOGLE_MAP_LINK": "https://maps.app.goo.gl/fyhbMKshW6pS4VrV7",
        "STATUS": "Operational"
      }
    },
    {
      "type": "Feature",
      "geometry": {
        "type": "Point",
        "coordinates": [
          104.9409177,
          11.9857665
        ]
      },
      "properties": {
        "HF_ID": "",
        "HF_CODE": "030216",
        "NAME_KH": "HC បាធាយ",
        "NAME_EN": "HC Batheay ",
        "PRO_CODE": "03",
        "PRO_NAME_KH": "កំពង់ចាម",
        "PRO_NAME_EN": "Kampong Cham",
        "DIS_CODE": "0301",
        "DIS_NAME_KH": "បាធាយ",
        "DIS_NAME_EN": "Batheay",
        "OD_CODE": "0312",
        "OD_NAME_KH": "បាធាយ",
        "OD_NAME_EN": "Batheay",
        "COM_CODE": "030101",
        "COM_NAME_KH": "បាធាយ",
        "COM__NAME_EN": "Batheay",
        "VIL_CODE": "03010102",
        "VIL_NAME_KH": "បាធាយ",
        "VIL__NAME_EN": "Batheay",
        "OWNERSHIP": "Survey123 (WHO)",
        "ACRONYM": "HC",
        "HF_TYPE_EN": "Health Center",
        "HF_TYPE_KH": "មណ្ឌលសុខភាព",
        "HF_LEVEL": "",
        "HF_HEAD": "អ៊ុន ឈុនលី",
        "CONTACT_NO": "855 98539669",
        "CONTACT_EMAIL": "None",
        "START_DATE": "01/01/2006",
        "GOOGLE_MAP_LINK": "https://maps.app.goo.gl/x5rtnKC3WiFy53jX8",
        "STATUS": "Operational"
      }
    },
    {
      "type": "Feature",
      "geometry": {
        "type": "Point",
        "coordinates": [
          104.942646,
          12.1389687
        ]
      },
      "properties": {
        "HF_ID": "",
        "HF_CODE": "030217",
        "NAME_KH": "HC ត្រប់",
        "NAME_EN": "HC Trob ",
        "PRO_CODE": "03",
        "PRO_NAME_KH": "កំពង់ចាម",
        "PRO_NAME_EN": "Kampong Cham",
        "DIS_CODE": "0301",
        "DIS_NAME_KH": "បាធាយ",
        "DIS_NAME_EN": "Batheay",
        "OD_CODE": "0312",
        "OD_NAME_KH": "បាធាយ",
        "OD_NAME_EN": "Batheay",
        "COM_CODE": "030111",
        "COM_NAME_KH": "ត្រប់",
        "COM__NAME_EN": "Trab",
        "VIL_CODE": "03011107",
        "VIL_NAME_KH": "ត្រប់",
        "VIL__NAME_EN": "Trab",
        "OWNERSHIP": "Survey123 (WHO)",
        "ACRONYM": "HC",
        "HF_TYPE_EN": "Health Center",
        "HF_TYPE_KH": "មណ្ឌលសុខភាព",
        "HF_LEVEL": "",
        "HF_HEAD": "សៀក សាល",
        "CONTACT_NO": "855 12866256",
        "CONTACT_EMAIL": "None",
        "START_DATE": "01/06/2017",
        "GOOGLE_MAP_LINK": "https://maps.app.goo.gl/aCgn2S8Vz2ngUqaW6",
        "STATUS": "Operational"
      }
    },
    {
      "type": "Feature",
      "geometry": {
        "type": "Point",
        "coordinates": [
          104.9534794,
          12.0855592
        ]
      },
      "properties": {
        "HF_ID": "",
        "HF_CODE": "030218",
        "NAME_KH": "HC តាំងក្រសាំង",
        "NAME_EN": "HC Tang Krasaing ",
        "PRO_CODE": "03",
        "PRO_NAME_KH": "កំពង់ចាម",
        "PRO_NAME_EN": "Kampong Cham",
        "DIS_CODE": "0301",
        "DIS_NAME_KH": "បាធាយ",
        "DIS_NAME_EN": "Batheay",
        "OD_CODE": "0312",
        "OD_NAME_KH": "បាធាយ",
        "OD_NAME_EN": "Batheay",
        "COM_CODE": "030110",
        "COM_NAME_KH": "តាំងក្រសាំង",
        "COM__NAME_EN": "Tang Krasang",
        "VIL_CODE": "03011005",
        "VIL_NAME_KH": "ត្រាវ ភ្នី",
        "VIL__NAME_EN": "Trav Phni",
        "OWNERSHIP": "Survey123 (WHO)",
        "ACRONYM": "HC",
        "HF_TYPE_EN": "Health Center",
        "HF_TYPE_KH": "មណ្ឌលសុខភាព",
        "HF_LEVEL": "",
        "HF_HEAD": "ជា  លីតា",
        "CONTACT_NO": "855 17551146",
        "CONTACT_EMAIL": "None",
        "START_DATE": "01/02/2019",
        "GOOGLE_MAP_LINK": "https://maps.app.goo.gl/mVnZCYdUd5uxw8MCA",
        "STATUS": "Operational"
      }
    },
    {
      "type": "Feature",
      "geometry": {
        "type": "Point",
        "coordinates": [
          104.9723775,
          11.9179438
        ]
      },
      "properties": {
        "HF_ID": "",
        "HF_CODE": "030219",
        "NAME_KH": "HC ច្បារអំពៅ",
        "NAME_EN": "HC Chbar Ampov ",
        "PRO_CODE": "03",
        "PRO_NAME_KH": "កំពង់ចាម",
        "PRO_NAME_EN": "Kampong Cham",
        "DIS_CODE": "0301",
        "DIS_NAME_KH": "បាធាយ",
        "DIS_NAME_EN": "Batheay",
        "OD_CODE": "0312",
        "OD_NAME_KH": "បាធាយ",
        "OD_NAME_EN": "Batheay",
        "COM_CODE": "030102",
        "COM_NAME_KH": "ច្បារអំពៅ",
        "COM__NAME_EN": "Chbar Ampov",
        "VIL_CODE": "03010202",
        "VIL_NAME_KH": "ទួលច័ន្ទ",
        "VIL__NAME_EN": "Toul Chan",
        "OWNERSHIP": "Survey123 (WHO)",
        "ACRONYM": "HC",
        "HF_TYPE_EN": "Health Center",
        "HF_TYPE_KH": "មណ្ឌលសុខភាព",
        "HF_LEVEL": "",
        "HF_HEAD": "ប៉ុន នាត",
        "CONTACT_NO": "855 85658236",
        "CONTACT_EMAIL": "None",
        "START_DATE": "01/05/2020",
        "GOOGLE_MAP_LINK": "https://maps.app.goo.gl/yGGTVjtJKhB4uYGv6",
        "STATUS": "Operational"
      }
    },
    {
      "type": "Feature",
      "geometry": {
        "type": "Point",
        "coordinates": [
          104.347201,
          11.8986076
        ]
      },
      "properties": {
        "HF_ID": "",
        "HF_CODE": "030221",
        "NAME_KH": "HC ជាលា​",
        "NAME_EN": "HC Chea Lea",
        "PRO_CODE": "03",
        "PRO_NAME_KH": "កំពង់ចាម",
        "PRO_NAME_EN": "Kampong Cham",
        "DIS_CODE": "0302",
        "DIS_NAME_KH": "បាធាយ",
        "DIS_NAME_EN": "Batheay",
        "OD_CODE": "312",
        "OD_NAME_KH": "បាធាយ",
        "OD_NAME_EN": "Batheay",
        "COM_CODE": "30110",
        "COM_NAME_KH": " ជាលា​",
        "COM__NAME_EN": " Chea Lea",
        "VIL_CODE": "",
        "VIL_NAME_KH": "ជាលា",
        "VIL__NAME_EN": "Chea Lea",
        "OWNERSHIP": "",
        "ACRONYM": "HC",
        "HF_TYPE_EN": "Health Center",
        "HF_TYPE_KH": "មណ្ឌលសុខភាព",
        "HF_LEVEL": "",
        "HF_HEAD": "ទូច ឈុនហ៊ូយ",
        "CONTACT_NO": "855 98236563",
        "CONTACT_EMAIL": "None",
        "START_DATE": "19/03/2025",
        "GOOGLE_MAP_LINK": "https://maps.app.goo.gl/zzzVS8K8Bew1PtNb8",
        "STATUS": "Operational"
      }
    },
    {
      "type": "Feature",
      "geometry": {
        "type": "Point",
        "coordinates": [
          104.7971349,
          12.0220737
        ]
      },
      "properties": {
        "HF_ID": "",
        "HF_CODE": "030220",
        "NAME_KH": "HC មេព្រីង",
        "NAME_EN": "HC Mepring",
        "PRO_CODE": "03",
        "PRO_NAME_KH": "កំពង់ចាម",
        "PRO_NAME_EN": "Kampong Cham",
        "DIS_CODE": "0303",
        "DIS_NAME_KH": "បាធាយ",
        "DIS_NAME_EN": "Batheay",
        "OD_CODE": "312",
        "OD_NAME_KH": "បាធាយ",
        "OD_NAME_EN": "Batheay",
        "COM_CODE": "30102",
        "COM_NAME_KH": " មេព្រីង",
        "COM__NAME_EN": "Mepring",
        "VIL_CODE": "",
        "VIL_NAME_KH": "មេព្រីង",
        "VIL__NAME_EN": "Mepring",
        "OWNERSHIP": "",
        "ACRONYM": "HC",
        "HF_TYPE_EN": "Health Center",
        "HF_TYPE_KH": "មណ្ឌលសុខភាព",
        "HF_LEVEL": "",
        "HF_HEAD": "ឡឹក ឡេន",
        "CONTACT_NO": "855 93806080",
        "CONTACT_EMAIL": "None",
        "START_DATE": "19/03/2025",
        "GOOGLE_MAP_LINK": "https://maps.app.goo.gl/xc9nE3oF3vipWSvx9",
        "STATUS": "Operational"
      }
    },
    {
      "type": "Feature",
      "geometry": {
        "type": "Point",
        "coordinates": [
          105.460991,
          11.99301766
        ]
      },
      "properties": {
        "HF_ID": "",
        "HF_CODE": "030301",
        "NAME_KH": "PH មន្ទីរពេទ្យខេត្តកំពង់ចាម",
        "NAME_EN": "PH Kampong Cham ",
        "PRO_CODE": "03",
        "PRO_NAME_KH": "កំពង់ចាម",
        "PRO_NAME_EN": "Kampong Cham",
        "DIS_CODE": "0305",
        "DIS_NAME_KH": "កំពង់ចាម",
        "DIS_NAME_EN": "Kampong Cham",
        "OD_CODE": "0303",
        "OD_NAME_KH": "កំពង់ចាម - កំពង់សៀម",
        "OD_NAME_EN": "Kampong Cham - Kg. Siem",
        "COM_CODE": "030502",
        "COM_NAME_KH": "កំពង់ចាម",
        "COM__NAME_EN": "Kampong Cham",
        "VIL_CODE": "03050201",
        "VIL_NAME_KH": "ភូមិ ទី ៧",
        "VIL__NAME_EN": "Phum Ti Prampir",
        "OWNERSHIP": "DPHI (GPS)",
        "ACRONYM": "PH",
        "HF_TYPE_EN": "Provincial Hospital",
        "HF_TYPE_KH": "មន្ទីរពេទ្យខេត្ត",
        "HF_LEVEL": "",
        "HF_HEAD": "យិន ស៊ីណាត",
        "CONTACT_NO": "855 12682808",
        "CONTACT_EMAIL": "yinsinath@gmail.com",
        "START_DATE": "01/01/2006",
        "GOOGLE_MAP_LINK": "https://maps.app.goo.gl/ZZvzuqe7z7pzLhZYA",
        "STATUS": "Operational"
      }
    },
    {
      "type": "Feature",
      "geometry": {
        "type": "Point",
        "coordinates": [
          105.4600961,
          11.99400563
        ]
      },
      "properties": {
        "HF_ID": "",
        "HF_CODE": "030302",
        "NAME_KH": "HC បឹងកុក",
        "NAME_EN": "HC Boeng Kok ",
        "PRO_CODE": "03",
        "PRO_NAME_KH": "កំពង់ចាម",
        "PRO_NAME_EN": "Kampong Cham",
        "DIS_CODE": "0305",
        "DIS_NAME_KH": "កំពង់ចាម",
        "DIS_NAME_EN": "Kampong Cham",
        "OD_CODE": "0303",
        "OD_NAME_KH": "កំពង់ចាម - កំពង់សៀម",
        "OD_NAME_EN": "Kampong Cham - Kg. Siem",
        "COM_CODE": "030502",
        "COM_NAME_KH": "កំពង់ចាម",
        "COM__NAME_EN": "Kampong Cham",
        "VIL_CODE": "03050201",
        "VIL_NAME_KH": "ភូមិ ទី ៧",
        "VIL__NAME_EN": "Phum Ti Prampir",
        "OWNERSHIP": "DPHI (GPS)",
        "ACRONYM": "HC",
        "HF_TYPE_EN": "Health Center",
        "HF_TYPE_KH": "មណ្ឌលសុខភាព",
        "HF_LEVEL": "",
        "HF_HEAD": "ហ៊ី ចិន្តា",
        "CONTACT_NO": "855 11 765 184",
        "CONTACT_EMAIL": "None",
        "START_DATE": "01/01/2006",
        "GOOGLE_MAP_LINK": "https://maps.app.goo.gl/vRwPckkYU1CU9GPc7",
        "STATUS": "Operational"
      }
    },
    {
      "type": "Feature",
      "geometry": {
        "type": "Point",
        "coordinates": [
          105.4459221,
          11.97307266
        ]
      },
      "properties": {
        "HF_ID": "",
        "HF_CODE": "030303",
        "NAME_KH": "HC សំបួរមាស",
        "NAME_EN": "HC Sambuor Meas ",
        "PRO_CODE": "03",
        "PRO_NAME_KH": "កំពង់ចាម",
        "PRO_NAME_EN": "Kampong Cham",
        "DIS_CODE": "0305",
        "DIS_NAME_KH": "កំពង់ចាម",
        "DIS_NAME_EN": "Kampong Cham",
        "OD_CODE": "0303",
        "OD_NAME_KH": "កំពង់ចាម - កំពង់សៀម",
        "OD_NAME_EN": "Kampong Cham - Kg. Siem",
        "COM_CODE": "030503",
        "COM_NAME_KH": "សំបួរមាស",
        "COM__NAME_EN": "Sambuor Meas",
        "VIL_CODE": "03050307",
        "VIL_NAME_KH": "ព្រែកដើមចាន់",
        "VIL__NAME_EN": "Preaek Daeum Chan",
        "OWNERSHIP": "DPHI (GPS)",
        "ACRONYM": "HC",
        "HF_TYPE_EN": "Health Center",
        "HF_TYPE_KH": "មណ្ឌលសុខភាព",
        "HF_LEVEL": "",
        "HF_HEAD": "ហ៊ូ ចន្ទថា",
        "CONTACT_NO": "855 12960216",
        "CONTACT_EMAIL": "None",
        "START_DATE": "01/01/2006",
        "GOOGLE_MAP_LINK": "https://maps.app.goo.gl/4tPg8GdaYzLwxeu49",
        "STATUS": "Operational"
      }
    },
    {
      "type": "Feature",
      "geometry": {
        "type": "Point",
        "coordinates": [
          105.4621417,
          11.98339896
        ]
      },
      "properties": {
        "HF_ID": "",
        "HF_CODE": "030304",
        "NAME_KH": "HC វាលវង់",
        "NAME_EN": "HC Veal Vong ",
        "PRO_CODE": "03",
        "PRO_NAME_KH": "កំពង់ចាម",
        "PRO_NAME_EN": "Kampong Cham",
        "DIS_CODE": "0305",
        "DIS_NAME_KH": "កំពង់ចាម",
        "DIS_NAME_EN": "Kampong Cham",
        "OD_CODE": "0303",
        "OD_NAME_KH": "កំពង់ចាម - កំពង់សៀម",
        "OD_NAME_EN": "Kampong Cham - Kg. Siem",
        "COM_CODE": "030504",
        "COM_NAME_KH": "វាលវង់",
        "COM__NAME_EN": "Veal Vong",
        "VIL_CODE": "03050403",
        "VIL_NAME_KH": "ភូមិ ទី ៣",
        "VIL__NAME_EN": "Phum Ti Bei",
        "OWNERSHIP": "DPHI (GPS)",
        "ACRONYM": "HC",
        "HF_TYPE_EN": "Health Center",
        "HF_TYPE_KH": "មណ្ឌលសុខភាព",
        "HF_LEVEL": "",
        "HF_HEAD": "ប៊ុន សុខឃីម",
        "CONTACT_NO": "855 11852872",
        "CONTACT_EMAIL": "None",
        "START_DATE": "01/01/2006",
        "GOOGLE_MAP_LINK": "https://maps.app.goo.gl/iK9kNEWUPdXpy1da7",
        "STATUS": "Operational"
      }
    },
    {
      "type": "Feature",
      "geometry": {
        "type": "Point",
        "coordinates": [
          105.5275833,
          12.13905298
        ]
      },
      "properties": {
        "HF_ID": "",
        "HF_CODE": "030305",
        "NAME_KH": "HC ហាន់ជ័យ",
        "NAME_EN": "HC Han Chey ",
        "PRO_CODE": "03",
        "PRO_NAME_KH": "កំពង់ចាម",
        "PRO_NAME_EN": "Kampong Cham",
        "DIS_CODE": "0306",
        "DIS_NAME_KH": "កំពង់សៀម",
        "DIS_NAME_EN": "Kampong Siem",
        "OD_CODE": "0303",
        "OD_NAME_KH": "កំពង់ចាម - កំពង់សៀម",
        "OD_NAME_EN": "Kampong Cham - Kg. Siem",
        "COM_CODE": "030602",
        "COM_NAME_KH": "ហាន់ជ័យ",
        "COM__NAME_EN": "Hanchey",
        "VIL_CODE": "03060203",
        "VIL_NAME_KH": "ល្វាទេ",
        "VIL__NAME_EN": "Lvea Te",
        "OWNERSHIP": "DPHI (GPS)",
        "ACRONYM": "HC",
        "HF_TYPE_EN": "Health Center",
        "HF_TYPE_KH": "មណ្ឌលសុខភាព",
        "HF_LEVEL": "",
        "HF_HEAD": "លី វុទ្ធី",
        "CONTACT_NO": "855 12344801",
        "CONTACT_EMAIL": "None",
        "START_DATE": "01/01/2006",
        "GOOGLE_MAP_LINK": "https://maps.app.goo.gl/cKqHoq8w1mhNuSqG9",
        "STATUS": "Operational"
      }
    },
    {
      "type": "Feature",
      "geometry": {
        "type": "Point",
        "coordinates": [
          105.4968426,
          12.07209195
        ]
      },
      "properties": {
        "HF_ID": "",
        "HF_CODE": "030306",
        "NAME_KH": "HC កៀនជ្រៃ",
        "NAME_EN": "HC Kien Chrey ",
        "PRO_CODE": "03",
        "PRO_NAME_KH": "កំពង់ចាម",
        "PRO_NAME_EN": "Kampong Cham",
        "DIS_CODE": "0306",
        "DIS_NAME_KH": "កំពង់សៀម",
        "DIS_NAME_EN": "Kampong Siem",
        "OD_CODE": "0303",
        "OD_NAME_KH": "កំពង់ចាម - កំពង់សៀម",
        "OD_NAME_EN": "Kampong Cham - Kg. Siem",
        "COM_CODE": "030603",
        "COM_NAME_KH": "កៀនជ្រៃ",
        "COM__NAME_EN": "Kien Chrey",
        "VIL_CODE": "03060303",
        "VIL_NAME_KH": "ស្ពានថ្មី",
        "VIL__NAME_EN": "Spean Thmei",
        "OWNERSHIP": "DPHI (GPS)",
        "ACRONYM": "HC",
        "HF_TYPE_EN": "Health Center",
        "HF_TYPE_KH": "មណ្ឌលសុខភាព",
        "HF_LEVEL": "",
        "HF_HEAD": "ហ៊ាង គន្ធា",
        "CONTACT_NO": "855 12 624 015",
        "CONTACT_EMAIL": "None",
        "START_DATE": "01/01/2006",
        "GOOGLE_MAP_LINK": "https://maps.app.goo.gl/kEtMfW9h9g7nnmjFA",
        "STATUS": "Operational"
      }
    },
    {
      "type": "Feature",
      "geometry": {
        "type": "Point",
        "coordinates": [
          105.5276044,
          12.06157476
        ]
      },
      "properties": {
        "HF_ID": "",
        "HF_CODE": "030307",
        "NAME_KH": "HC កោះសំរោង",
        "NAME_EN": "HC Koh Samraong ",
        "PRO_CODE": "03",
        "PRO_NAME_KH": "កំពង់ចាម",
        "PRO_NAME_EN": "Kampong Cham",
        "DIS_CODE": "0306",
        "DIS_NAME_KH": "កំពង់សៀម",
        "DIS_NAME_EN": "Kampong Siem",
        "OD_CODE": "0303",
        "OD_NAME_KH": "កំពង់ចាម - កំពង់សៀម",
        "OD_NAME_EN": "Kampong Cham - Kg. Siem",
        "COM_CODE": "030607",
        "COM_NAME_KH": "កោះសំរោង",
        "COM__NAME_EN": "Kaoh Samraong",
        "VIL_CODE": "03060704",
        "VIL_NAME_KH": "ភូមិ ទី ៤",
        "VIL__NAME_EN": "Phum Ti Buon",
        "OWNERSHIP": "DPHI (GPS)",
        "ACRONYM": "HC",
        "HF_TYPE_EN": "Health Center",
        "HF_TYPE_KH": "មណ្ឌលសុខភាព",
        "HF_LEVEL": "",
        "HF_HEAD": "គង់ នី",
        "CONTACT_NO": "855 976408426",
        "CONTACT_EMAIL": "None",
        "START_DATE": "01/01/2006",
        "GOOGLE_MAP_LINK": "https://maps.app.goo.gl/mVXLxQWRceLjKcDH7",
        "STATUS": "Operational"
      }
    },
    {
      "type": "Feature",
      "geometry": {
        "type": "Point",
        "coordinates": [
          105.4485653,
          11.94354254
        ]
      },
      "properties": {
        "HF_ID": "",
        "HF_CODE": "030308",
        "NAME_KH": "HC កោះមិត្ត",
        "NAME_EN": "HC Koh Mith ",
        "PRO_CODE": "03",
        "PRO_NAME_KH": "កំពង់ចាម",
        "PRO_NAME_EN": "Kampong Cham",
        "DIS_CODE": "0306",
        "DIS_NAME_KH": "កំពង់សៀម",
        "DIS_NAME_EN": "Kampong Siem",
        "OD_CODE": "0303",
        "OD_NAME_KH": "កំពង់ចាម - កំពង់សៀម",
        "OD_NAME_EN": "Kampong Cham - Kg. Siem",
        "COM_CODE": "030605",
        "COM_NAME_KH": "កោះមិត្ដ",
        "COM__NAME_EN": "Kaoh Mitt",
        "VIL_CODE": "03060502",
        "VIL_NAME_KH": "កោះប៉ែន ខ",
        "VIL__NAME_EN": "Kaoh Paen Kha",
        "OWNERSHIP": "DPHI (GPS)",
        "ACRONYM": "HC",
        "HF_TYPE_EN": "Health Center",
        "HF_TYPE_KH": "មណ្ឌលសុខភាព",
        "HF_LEVEL": "",
        "HF_HEAD": "ឆាយ ស៊ីណា",
        "CONTACT_NO": "855 979663223",
        "CONTACT_EMAIL": "None",
        "START_DATE": "01/01/2006",
        "GOOGLE_MAP_LINK": "https://maps.app.goo.gl/vFr5QjPHQqrqbVjv5",
        "STATUS": "Operational"
      }
    },
    {
      "type": "Feature",
      "geometry": {
        "type": "Point",
        "coordinates": [
          105.4014418,
          11.94846955
        ]
      },
      "properties": {
        "HF_ID": "",
        "HF_CODE": "030309",
        "NAME_KH": "HC កោះរកា",
        "NAME_EN": "HC Koh Roka ",
        "PRO_CODE": "03",
        "PRO_NAME_KH": "កំពង់ចាម",
        "PRO_NAME_EN": "Kampong Cham",
        "DIS_CODE": "0306",
        "DIS_NAME_KH": "កំពង់សៀម",
        "DIS_NAME_EN": "Kampong Siem",
        "OD_CODE": "0303",
        "OD_NAME_KH": "កំពង់ចាម - កំពង់សៀម",
        "OD_NAME_EN": "Kampong Cham - Kg. Siem",
        "COM_CODE": "030606",
        "COM_NAME_KH": "កោះរកា",
        "COM__NAME_EN": "Kaoh Roka",
        "VIL_CODE": "03060603",
        "VIL_NAME_KH": "ដំបងដែក",
        "VIL__NAME_EN": "Dambang Daek",
        "OWNERSHIP": "DPHI (GPS)",
        "ACRONYM": "HC",
        "HF_TYPE_EN": "Health Center",
        "HF_TYPE_KH": "មណ្ឌលសុខភាព",
        "HF_LEVEL": "",
        "HF_HEAD": "ស៊ុន សុផល",
        "CONTACT_NO": "855 85 415084",
        "CONTACT_EMAIL": "None",
        "START_DATE": "01/01/2006",
        "GOOGLE_MAP_LINK": "https://maps.app.goo.gl/M3SBFP3bjCEfwDDb9",
        "STATUS": "Operational"
      }
    },
    {
      "type": "Feature",
      "geometry": {
        "type": "Point",
        "coordinates": [
          105.4152936,
          12.02487699
        ]
      },
      "properties": {
        "HF_ID": "",
        "HF_CODE": "030310",
        "NAME_KH": "HC អំពិល",
        "NAME_EN": "HC Ampil ",
        "PRO_CODE": "03",
        "PRO_NAME_KH": "កំពង់ចាម",
        "PRO_NAME_EN": "Kampong Cham",
        "DIS_CODE": "0306",
        "DIS_NAME_KH": "កំពង់សៀម",
        "DIS_NAME_EN": "Kampong Siem",
        "OD_CODE": "0303",
        "OD_NAME_KH": "កំពង់ចាម - កំពង់សៀម",
        "OD_NAME_EN": "Kampong Cham - Kg. Siem",
        "COM_CODE": "030601",
        "COM_NAME_KH": "អំពិល",
        "COM__NAME_EN": "Ampil",
        "VIL_CODE": "03060101",
        "VIL_NAME_KH": "អណ្ដូងច្រុះ",
        "VIL__NAME_EN": "Andoung Chroh",
        "OWNERSHIP": "DPHI (GPS)",
        "ACRONYM": "HC",
        "HF_TYPE_EN": "Health Center",
        "HF_TYPE_KH": "មណ្ឌលសុខភាព",
        "HF_LEVEL": "",
        "HF_HEAD": "សុខ វ៉ាន់ឌី",
        "CONTACT_NO": "855 12759096",
        "CONTACT_EMAIL": "None",
        "START_DATE": "01/01/2006",
        "GOOGLE_MAP_LINK": "https://maps.app.goo.gl/mLNkHQexGWa3B7hJ8",
        "STATUS": "Operational"
      }
    },
    {
      "type": "Feature",
      "geometry": {
        "type": "Point",
        "coordinates": [
          105.3699221,
          12.01039152
        ]
      },
      "properties": {
        "HF_ID": "",
        "HF_CODE": "030311",
        "NAME_KH": "HC វិហារធំ",
        "NAME_EN": "HC Vihear Thum ",
        "PRO_CODE": "03",
        "PRO_NAME_KH": "កំពង់ចាម",
        "PRO_NAME_EN": "Kampong Cham",
        "DIS_CODE": "0306",
        "DIS_NAME_KH": "កំពង់សៀម",
        "DIS_NAME_EN": "Kampong Siem",
        "OD_CODE": "0303",
        "OD_NAME_KH": "កំពង់ចាម - កំពង់សៀម",
        "OD_NAME_EN": "Kampong Cham - Kg. Siem",
        "COM_CODE": "030615",
        "COM_NAME_KH": "វិហារធំ",
        "COM__NAME_EN": "Vihear Thum",
        "VIL_CODE": "03061503",
        "VIL_NAME_KH": "គោកគ្រាម",
        "VIL__NAME_EN": "Kouk Kream",
        "OWNERSHIP": "DPHI (GPS)",
        "ACRONYM": "HC",
        "HF_TYPE_EN": "Health Center",
        "HF_TYPE_KH": "មណ្ឌលសុខភាព",
        "HF_LEVEL": "",
        "HF_HEAD": "ឌីម សុខឃីម",
        "CONTACT_NO": "855 12338792",
        "CONTACT_EMAIL": "None",
        "START_DATE": "01/01/2006",
        "GOOGLE_MAP_LINK": "https://maps.app.goo.gl/Bv6QoG4XcbJMJEon6",
        "STATUS": "Operational"
      }
    },
    {
      "type": "Feature",
      "geometry": {
        "type": "Point",
        "coordinates": [
          105.390166,
          12.04389635
        ]
      },
      "properties": {
        "HF_ID": "",
        "HF_CODE": "030312",
        "NAME_KH": "HC ក្រឡា",
        "NAME_EN": "HC Krala ",
        "PRO_CODE": "03",
        "PRO_NAME_KH": "កំពង់ចាម",
        "PRO_NAME_EN": "Kampong Cham",
        "DIS_CODE": "0306",
        "DIS_NAME_KH": "កំពង់សៀម",
        "DIS_NAME_EN": "Kampong Siem",
        "OD_CODE": "0303",
        "OD_NAME_KH": "កំពង់ចាម - កំពង់សៀម",
        "OD_NAME_EN": "Kampong Cham - Kg. Siem",
        "COM_CODE": "030609",
        "COM_NAME_KH": "ក្រឡា",
        "COM__NAME_EN": "Krala",
        "VIL_CODE": "03060905",
        "VIL_NAME_KH": "ត្រពាំងជ្រៃ",
        "VIL__NAME_EN": "Trapeang Chrey",
        "OWNERSHIP": "DPHI (GPS)",
        "ACRONYM": "HC",
        "HF_TYPE_EN": "Health Center",
        "HF_TYPE_KH": "មណ្ឌលសុខភាព",
        "HF_LEVEL": "",
        "HF_HEAD": "ហួត សុធន់",
        "CONTACT_NO": "855 92 649 988",
        "CONTACT_EMAIL": "None",
        "START_DATE": "01/01/2006",
        "GOOGLE_MAP_LINK": "https://maps.app.goo.gl/kTYkmhoeew4oUj7r9",
        "STATUS": "Operational"
      }
    },
    {
      "type": "Feature",
      "geometry": {
        "type": "Point",
        "coordinates": [
          105.4289501,
          12.06091548
        ]
      },
      "properties": {
        "HF_ID": "",
        "HF_CODE": "030313",
        "NAME_KH": "HC ទ្រាន",
        "NAME_EN": "HC Trean ",
        "PRO_CODE": "03",
        "PRO_NAME_KH": "កំពង់ចាម",
        "PRO_NAME_EN": "Kampong Cham",
        "DIS_CODE": "0306",
        "DIS_NAME_KH": "កំពង់សៀម",
        "DIS_NAME_EN": "Kampong Siem",
        "OD_CODE": "0303",
        "OD_NAME_KH": "កំពង់ចាម - កំពង់សៀម",
        "OD_NAME_EN": "Kampong Cham - Kg. Siem",
        "COM_CODE": "030614",
        "COM_NAME_KH": "ទ្រាន",
        "COM__NAME_EN": "Trean",
        "VIL_CODE": "03061411",
        "VIL_NAME_KH": "ទួលត្រាច",
        "VIL__NAME_EN": "Tuol Trach",
        "OWNERSHIP": "DPHI (GPS)",
        "ACRONYM": "HC",
        "HF_TYPE_EN": "Health Center",
        "HF_TYPE_KH": "មណ្ឌលសុខភាព",
        "HF_LEVEL": "",
        "HF_HEAD": "យីម តុងហេង",
        "CONTACT_NO": "855 77253788",
        "CONTACT_EMAIL": "None",
        "START_DATE": "01/01/2006",
        "GOOGLE_MAP_LINK": "https://maps.app.goo.gl/pEBW5Pu8Vkw1Fxka7",
        "STATUS": "Operational"
      }
    },
    {
      "type": "Feature",
      "geometry": {
        "type": "Point",
        "coordinates": [
          105.3707664,
          11.93921717
        ]
      },
      "properties": {
        "HF_ID": "",
        "HF_CODE": "030324",
        "NAME_KH": "HC គគរ",
        "NAME_EN": "HC Kokor ",
        "PRO_CODE": "03",
        "PRO_NAME_KH": "កំពង់ចាម",
        "PRO_NAME_EN": "Kampong Cham",
        "DIS_CODE": "0306",
        "DIS_NAME_KH": "កំពង់សៀម",
        "DIS_NAME_EN": "Kampong Siem",
        "OD_CODE": "0303",
        "OD_NAME_KH": "កំពង់ចាម - កំពង់សៀម",
        "OD_NAME_EN": "Kampong Cham - Kg. Siem",
        "COM_CODE": "030604",
        "COM_NAME_KH": "គគរ",
        "COM__NAME_EN": "Kokor",
        "VIL_CODE": "03060402",
        "VIL_NAME_KH": "គគរ២",
        "VIL__NAME_EN": "Kokor Pir",
        "OWNERSHIP": "Survey123 (WHO)",
        "ACRONYM": "HC",
        "HF_TYPE_EN": "Health Center",
        "HF_TYPE_KH": "មណ្ឌលសុខភាព",
        "HF_LEVEL": "",
        "HF_HEAD": "ហាក់ រ៉ាមី",
        "CONTACT_NO": "855 968513137",
        "CONTACT_EMAIL": "None",
        "START_DATE": "01/01/2006",
        "GOOGLE_MAP_LINK": "https://maps.app.goo.gl/adsuhNz81zoEXDkNA",
        "STATUS": "Operational"
      }
    },
    {
      "type": "Feature",
      "geometry": {
        "type": "Point",
        "coordinates": [
          105.4285945,
          12.1299106
        ]
      },
      "properties": {
        "HF_ID": "",
        "HF_CODE": "030326",
        "NAME_KH": "HC ស្រក",
        "NAME_EN": "HC Srork ",
        "PRO_CODE": "03",
        "PRO_NAME_KH": "កំពង់ចាម",
        "PRO_NAME_EN": "Kampong Cham",
        "DIS_CODE": "0306",
        "DIS_NAME_KH": "កំពង់សៀម",
        "DIS_NAME_EN": "Kampong Siem",
        "OD_CODE": "0303",
        "OD_NAME_KH": "កំពង់ចាម - កំពង់សៀម",
        "OD_NAME_EN": "Kampong Cham - Kg. Siem",
        "COM_CODE": "030613",
        "COM_NAME_KH": "ស្រក",
        "COM__NAME_EN": "Srak",
        "VIL_CODE": "03061301",
        "VIL_NAME_KH": "ល្ពាក",
        "VIL__NAME_EN": "Lpeak",
        "OWNERSHIP": "Survey123 (WHO)",
        "ACRONYM": "HC",
        "HF_TYPE_EN": "Health Center",
        "HF_TYPE_KH": "មណ្ឌលសុខភាព",
        "HF_LEVEL": "",
        "HF_HEAD": "សេង សាន",
        "CONTACT_NO": "855 12942236",
        "CONTACT_EMAIL": "None",
        "START_DATE": "01/02/2014",
        "GOOGLE_MAP_LINK": "https://maps.app.goo.gl/bfUm9MEpEwzY31CC8",
        "STATUS": "Operational"
      }
    },
    {
      "type": "Feature",
      "geometry": {
        "type": "Point",
        "coordinates": [
          105.3853605,
          12.08649077
        ]
      },
      "properties": {
        "HF_ID": "",
        "HF_CODE": "030327",
        "NAME_KH": "HC អូរស្វាយ",
        "NAME_EN": "HC Ou Svay ",
        "PRO_CODE": "03",
        "PRO_NAME_KH": "កំពង់ចាម",
        "PRO_NAME_EN": "Kampong Cham",
        "DIS_CODE": "0305",
        "DIS_NAME_KH": "កំពង់សៀម",
        "DIS_NAME_EN": "Kampong Siem",
        "OD_CODE": "0303",
        "OD_NAME_KH": "កំពង់ចាម - កំពង់សៀម",
        "OD_NAME_EN": "Kampong Cham - Kg. Siem",
        "COM_CODE": "030610",
        "COM_NAME_KH": "អូរស្វាយ",
        "COM__NAME_EN": "Ou Svay",
        "VIL_CODE": "03061005",
        "VIL_NAME_KH": "ត្រពាំងកក់",
        "VIL__NAME_EN": "Tranpeang Kak",
        "OWNERSHIP": "Survey123 (WHO)",
        "ACRONYM": "HC",
        "HF_TYPE_EN": "Health Center",
        "HF_TYPE_KH": "មណ្ឌលសុខភាព",
        "HF_LEVEL": "",
        "HF_HEAD": "លាង សុម៉ាលី",
        "CONTACT_NO": "855 886074040",
        "CONTACT_EMAIL": "None",
        "START_DATE": "01/03/2020",
        "GOOGLE_MAP_LINK": "https://maps.app.goo.gl/vP4QW2s3TSWQmMEv9",
        "STATUS": "Operational"
      }
    },
    {
      "type": "Feature",
      "geometry": {
        "type": "Point",
        "coordinates": [
          105.4308016,
          11.88930902
        ]
      },
      "properties": {
        "HF_ID": "",
        "HF_CODE": "030610",
        "NAME_KH": "RH មន្ទីរពេទ្យបង្អែកកោះសូទិន",
        "NAME_EN": "RH Koh Sotin ",
        "PRO_CODE": "03",
        "PRO_NAME_KH": "កំពង់ចាម",
        "PRO_NAME_EN": "Kampong Cham",
        "DIS_CODE": "0308",
        "DIS_NAME_KH": "កោះសូទិន",
        "DIS_NAME_EN": "Kaoh Soutin",
        "OD_CODE": "0313",
        "OD_NAME_KH": "កោះសូទិន",
        "OD_NAME_EN": "Koh Sotin",
        "COM_CODE": "030806",
        "COM_NAME_KH": "ពាមប្រធ្នោះ",
        "COM__NAME_EN": "Peam Prathnuoh",
        "VIL_CODE": "03080601",
        "VIL_NAME_KH": "ផ្សារថ្មី",
        "VIL__NAME_EN": "Phsar Thmei",
        "OWNERSHIP": "DPHI (GPS)",
        "ACRONYM": "RH",
        "HF_TYPE_EN": "Referral Hospital",
        "HF_TYPE_KH": "មន្ទីរពេទ្យបង្អែកស្រុក",
        "HF_LEVEL": "",
        "HF_HEAD": "ហ៊ុយ ស្រីពៅ",
        "CONTACT_NO": "855 89407678",
        "CONTACT_EMAIL": "None",
        "START_DATE": "01/10/2018",
        "GOOGLE_MAP_LINK": "https://maps.app.goo.gl/ARjaskTAuCnrNURE7",
        "STATUS": "Operational"
      }
    },
    {
      "type": "Feature",
      "geometry": {
        "type": "Point",
        "coordinates": [
          105.278921,
          11.90682182
        ]
      },
      "properties": {
        "HF_ID": "",
        "HF_CODE": "030314",
        "NAME_KH": "HC ព្រែកតានង់",
        "NAME_EN": "HC Prek Ta Nong ",
        "PRO_CODE": "03",
        "PRO_NAME_KH": "កំពង់ចាម",
        "PRO_NAME_EN": "Kampong Cham",
        "DIS_CODE": "0308",
        "DIS_NAME_KH": "កោះសូទិន",
        "DIS_NAME_EN": "Kaoh Soutin",
        "OD_CODE": "0313",
        "OD_NAME_KH": "កោះសូទិន",
        "OD_NAME_EN": "Koh Sotin",
        "COM_CODE": "030808",
        "COM_NAME_KH": "ព្រែកតានង់",
        "COM__NAME_EN": "Preaek Ta Nong",
        "VIL_CODE": "03080802",
        "VIL_NAME_KH": "ភូមិ ទី២",
        "VIL__NAME_EN": "Phum Ti Pir",
        "OWNERSHIP": "DPHI (GPS)",
        "ACRONYM": "HC",
        "HF_TYPE_EN": "Health Center",
        "HF_TYPE_KH": "មណ្ឌលសុខភាព",
        "HF_LEVEL": "",
        "HF_HEAD": "សួន ធឿន",
        "CONTACT_NO": "855 12661824",
        "CONTACT_EMAIL": "None",
        "START_DATE": "01/01/2006",
        "GOOGLE_MAP_LINK": "https://maps.app.goo.gl/nod563X94CL1N2156",
        "STATUS": "Operational"
      }
    },
    {
      "type": "Feature",
      "geometry": {
        "type": "Point",
        "coordinates": [
          105.3189081,
          11.92687388
        ]
      },
      "properties": {
        "HF_ID": "",
        "HF_CODE": "030315",
        "NAME_KH": "HC មហាខ្ញូង",
        "NAME_EN": "HC Moha Khnhoung ",
        "PRO_CODE": "03",
        "PRO_NAME_KH": "កំពង់ចាម",
        "PRO_NAME_EN": "Kampong Cham",
        "DIS_CODE": "0308",
        "DIS_NAME_KH": "កោះសូទិន",
        "DIS_NAME_EN": "Kaoh Soutin",
        "OD_CODE": "0313",
        "OD_NAME_KH": "កោះសូទិន",
        "OD_NAME_EN": "Koh Sotin",
        "COM_CODE": "030805",
        "COM_NAME_KH": "មហាខ្ញូង",
        "COM__NAME_EN": "Moha Khnhoung",
        "VIL_CODE": "03080504",
        "VIL_NAME_KH": "កំពង់ចម្លង",
        "VIL__NAME_EN": "Kampong Chamlang",
        "OWNERSHIP": "DPHI (GPS)",
        "ACRONYM": "HC",
        "HF_TYPE_EN": "Health Center",
        "HF_TYPE_KH": "មណ្ឌលសុខភាព",
        "HF_LEVEL": "",
        "HF_HEAD": "ស៊ាង តុលា",
        "CONTACT_NO": "855 99722979",
        "CONTACT_EMAIL": "None",
        "START_DATE": "01/01/2006",
        "GOOGLE_MAP_LINK": "https://maps.app.goo.gl/qCZRXm6goLkNX9FR8",
        "STATUS": "Operational"
      }
    },
    {
      "type": "Feature",
      "geometry": {
        "type": "Point",
        "coordinates": [
          105.431504,
          11.91853476
        ]
      },
      "properties": {
        "HF_ID": "",
        "HF_CODE": "030316",
        "NAME_KH": "HC កោះសូទិន",
        "NAME_EN": "HC Koh Sotin ",
        "PRO_CODE": "03",
        "PRO_NAME_KH": "កំពង់ចាម",
        "PRO_NAME_EN": "Kampong Cham",
        "DIS_CODE": "0308",
        "DIS_NAME_KH": "កោះសូទិន",
        "DIS_NAME_EN": "Kaoh Soutin",
        "OD_CODE": "0313",
        "OD_NAME_KH": "កោះសូទិន",
        "OD_NAME_EN": "Koh Sotin",
        "COM_CODE": "030802",
        "COM_NAME_KH": "កោះសូទិន",
        "COM__NAME_EN": "Kaoh Sotin",
        "VIL_CODE": "03080204",
        "VIL_NAME_KH": "ភូមិទី៤",
        "VIL__NAME_EN": "Phum Ti Buon",
        "OWNERSHIP": "DPHI (GPS)",
        "ACRONYM": "HC",
        "HF_TYPE_EN": "Health Center",
        "HF_TYPE_KH": "មណ្ឌលសុខភាព",
        "HF_LEVEL": "",
        "HF_HEAD": "អេង កញ្ញា",
        "CONTACT_NO": "855 977564654",
        "CONTACT_EMAIL": "None",
        "START_DATE": "01/01/2006",
        "GOOGLE_MAP_LINK": "https://maps.app.goo.gl/ckVctfknypKiFCJK9",
        "STATUS": "Operational"
      }
    },
    {
      "type": "Feature",
      "geometry": {
        "type": "Point",
        "coordinates": [
          105.3901399,
          11.84155214
        ]
      },
      "properties": {
        "HF_ID": "",
        "HF_CODE": "030318",
        "NAME_KH": "HC ល្វេ",
        "NAME_EN": "HC Love ",
        "PRO_CODE": "03",
        "PRO_NAME_KH": "កំពង់ចាម",
        "PRO_NAME_EN": "Kampong Cham",
        "DIS_CODE": "0308",
        "DIS_NAME_KH": "កោះសូទិន",
        "DIS_NAME_EN": "Kaoh Soutin",
        "OD_CODE": "0313",
        "OD_NAME_KH": "កោះសូទិន",
        "OD_NAME_EN": "Koh Sotin",
        "COM_CODE": "030803",
        "COM_NAME_KH": "ល្វេ",
        "COM__NAME_EN": "Lve",
        "VIL_CODE": "03080304",
        "VIL_NAME_KH": "បទស្រីទន្ទឹង",
        "VIL__NAME_EN": "Bat Srei Tontueng",
        "OWNERSHIP": "DPHI (GPS)",
        "ACRONYM": "HC",
        "HF_TYPE_EN": "Health Center",
        "HF_TYPE_KH": "មណ្ឌលសុខភាព",
        "HF_LEVEL": "",
        "HF_HEAD": "សាង ស៊ាងឡេង",
        "CONTACT_NO": "855 979683888",
        "CONTACT_EMAIL": "None",
        "START_DATE": "01/01/2006",
        "GOOGLE_MAP_LINK": "https://maps.app.goo.gl/T56EKoajkRapjP3S6",
        "STATUS": "Operational"
      }
    },
    {
      "type": "Feature",
      "geometry": {
        "type": "Point",
        "coordinates": [
          105.3629929,
          11.91151816
        ]
      },
      "properties": {
        "HF_ID": "",
        "HF_CODE": "030319",
        "NAME_KH": "HC កំពង់រាប",
        "NAME_EN": "HC Kampong Reab ",
        "PRO_CODE": "03",
        "PRO_NAME_KH": "កំពង់ចាម",
        "PRO_NAME_EN": "Kampong Cham",
        "DIS_CODE": "0308",
        "DIS_NAME_KH": "កោះសូទិន",
        "DIS_NAME_EN": "Kaoh Soutin",
        "OD_CODE": "0313",
        "OD_NAME_KH": "កោះសូទិន",
        "OD_NAME_EN": "Koh Sotin",
        "COM_CODE": "030801",
        "COM_NAME_KH": "កំពង់រាប",
        "COM__NAME_EN": "Kampong Reab",
        "VIL_CODE": "03080104",
        "VIL_NAME_KH": "កំពង់រាបក្រោម",
        "VIL__NAME_EN": "Kampong Reab Kraom",
        "OWNERSHIP": "DPHI (GPS)",
        "ACRONYM": "HC",
        "HF_TYPE_EN": "Health Center",
        "HF_TYPE_KH": "មណ្ឌលសុខភាព",
        "HF_LEVEL": "",
        "HF_HEAD": "សំរិទ្ទ វ៉ាន់ឌី",
        "CONTACT_NO": "855 12339188",
        "CONTACT_EMAIL": "None",
        "START_DATE": "01/01/2006",
        "GOOGLE_MAP_LINK": "https://maps.app.goo.gl/uzqzWLz4VXi8XrVD8",
        "STATUS": "Operational"
      }
    },
    {
      "type": "Feature",
      "geometry": {
        "type": "Point",
        "coordinates": [
          105.4239552,
          11.87084976
        ]
      },
      "properties": {
        "HF_ID": "",
        "HF_CODE": "030609",
        "NAME_KH": "HC ពង្រ-មហាលាភ",
        "NAME_EN": "HC Pongro-Moha Leaph ",
        "PRO_CODE": "03",
        "PRO_NAME_KH": "កំពង់ចាម",
        "PRO_NAME_EN": "Kampong Cham",
        "DIS_CODE": "0308",
        "DIS_NAME_KH": "កោះសូទិន",
        "DIS_NAME_EN": "Kaoh Soutin",
        "OD_CODE": "0313",
        "OD_NAME_KH": "កោះសូទិន",
        "OD_NAME_EN": "Koh Sotin",
        "COM_CODE": "030804",
        "COM_NAME_KH": "មហាលាភ",
        "COM__NAME_EN": "Moha Leaph",
        "VIL_CODE": "03080402",
        "VIL_NAME_KH": "មហាលាភជើង",
        "VIL__NAME_EN": "Moha Leaph Cheung",
        "OWNERSHIP": "DPHI (GPS)",
        "ACRONYM": "HC",
        "HF_TYPE_EN": "Health Center",
        "HF_TYPE_KH": "មណ្ឌលសុខភាព",
        "HF_LEVEL": "",
        "HF_HEAD": "ហ៊ាង ឆេងលី",
        "CONTACT_NO": "855 99207357",
        "CONTACT_EMAIL": "None",
        "START_DATE": "01/01/2006",
        "GOOGLE_MAP_LINK": "https://maps.app.goo.gl/ANaYSNxfW4rwb1Ae7",
        "STATUS": "Operational"
      }
    },
    {
      "type": "Feature",
      "geometry": {
        "type": "Point",
        "coordinates": [
          105.4308196,
          11.8893873
        ]
      },
      "properties": {
        "HF_ID": "",
        "HF_CODE": "030611",
        "NAME_KH": "HC ពាមប្រធ្នោះ",
        "NAME_EN": "HC Peam Prathnuoh ",
        "PRO_CODE": "03",
        "PRO_NAME_KH": "កំពង់ចាម",
        "PRO_NAME_EN": "Kampong Cham",
        "DIS_CODE": "0308",
        "DIS_NAME_KH": "កោះសូទិន",
        "DIS_NAME_EN": "Kaoh Soutin",
        "OD_CODE": "0313",
        "OD_NAME_KH": "កោះសូទិន",
        "OD_NAME_EN": "Koh Sotin",
        "COM_CODE": "030806",
        "COM_NAME_KH": "ពាមប្រធ្នោះ",
        "COM__NAME_EN": "Peam Prathnuoh",
        "VIL_CODE": "03080601",
        "VIL_NAME_KH": "ផ្សារថ្មី",
        "VIL__NAME_EN": "Phsar Thmei",
        "OWNERSHIP": "DPHI (GPS)",
        "ACRONYM": "HC",
        "HF_TYPE_EN": "Health Center",
        "HF_TYPE_KH": "មណ្ឌលសុខភាព",
        "HF_LEVEL": "",
        "HF_HEAD": "ស៊ុយ ណារ៉ុម",
        "CONTACT_NO": "855 714514444",
        "CONTACT_EMAIL": "None",
        "START_DATE": "01/01/2022",
        "GOOGLE_MAP_LINK": "https://maps.app.goo.gl/CB5kxvikDLYf2wt76",
        "STATUS": "Operational"
      }
    },
    {
      "type": "Feature",
      "geometry": {
        "type": "Point",
        "coordinates": [
          105.2549272,
          12.05821132
        ]
      },
      "properties": {
        "HF_ID": "",
        "HF_CODE": "030801",
        "NAME_KH": "RH មន្ទីរពេទ្យបង្អែកព្រៃឈរ",
        "NAME_EN": "RH Prey Chhor ",
        "PRO_CODE": "03",
        "PRO_NAME_KH": "កំពង់ចាម",
        "PRO_NAME_EN": "Kampong Cham",
        "DIS_CODE": "0313",
        "DIS_NAME_KH": "ព្រៃឈរ",
        "DIS_NAME_EN": "Prey Chhor",
        "OD_CODE": "0308",
        "OD_NAME_KH": "ព្រៃឈរ",
        "OD_NAME_EN": "Prey Chhor",
        "COM_CODE": "031303",
        "COM_NAME_KH": "ជ្រៃវៀន",
        "COM__NAME_EN": "Chrey Vien",
        "VIL_CODE": "03130302",
        "VIL_NAME_KH": "ដូនដី",
        "VIL__NAME_EN": "Doun Dei",
        "OWNERSHIP": "DPHI (GPS)",
        "ACRONYM": "RH",
        "HF_TYPE_EN": "Referral Hospital",
        "HF_TYPE_KH": "មន្ទីរពេទ្យបង្អែកស្រុក",
        "HF_LEVEL": "",
        "HF_HEAD": "លួង សាវុយ",
        "CONTACT_NO": "855 12 903 130",
        "CONTACT_EMAIL": "None",
        "START_DATE": "01/01/2006",
        "GOOGLE_MAP_LINK": "https://maps.app.goo.gl/ukccvbRqTnVKjjaK9",
        "STATUS": "Operational"
      }
    },
    {
      "type": "Feature",
      "geometry": {
        "type": "Point",
        "coordinates": [
          105.303118,
          12.05461276
        ]
      },
      "properties": {
        "HF_ID": "",
        "HF_CODE": "030802",
        "NAME_KH": "HC ត្រពាំងព្រះ",
        "NAME_EN": "HC Trapeang Preah ",
        "PRO_CODE": "03",
        "PRO_NAME_KH": "កំពង់ចាម",
        "PRO_NAME_EN": "Kampong Cham",
        "DIS_CODE": "0313",
        "DIS_NAME_KH": "ព្រៃឈរ",
        "DIS_NAME_EN": "Prey Chhor",
        "OD_CODE": "0308",
        "OD_NAME_KH": "ព្រៃឈរ",
        "OD_NAME_EN": "Prey Chhor",
        "COM_CODE": "031315",
        "COM_NAME_KH": "ត្រពាំងព្រះ",
        "COM__NAME_EN": "Trapeang Preah",
        "VIL_CODE": "03131524",
        "VIL_NAME_KH": "ត្រពាំងក្រសាំង",
        "VIL__NAME_EN": "Trapeang Krasang",
        "OWNERSHIP": "DPHI (GPS)",
        "ACRONYM": "HC",
        "HF_TYPE_EN": "Health Center",
        "HF_TYPE_KH": "មណ្ឌលសុខភាព",
        "HF_LEVEL": "",
        "HF_HEAD": "លាង សុឃី",
        "CONTACT_NO": "855 11 994 382",
        "CONTACT_EMAIL": "None",
        "START_DATE": "01/01/2006",
        "GOOGLE_MAP_LINK": "https://maps.app.goo.gl/ZiGfJcfvTwHJNHyL9",
        "STATUS": "Operational"
      }
    },
    {
      "type": "Feature",
      "geometry": {
        "type": "Point",
        "coordinates": [
          105.2977224,
          12.04377839
        ]
      },
      "properties": {
        "HF_ID": "",
        "HF_CODE": "030803",
        "NAME_KH": "HC មៀន",
        "NAME_EN": "HC Mien ",
        "PRO_CODE": "03",
        "PRO_NAME_KH": "កំពង់ចាម",
        "PRO_NAME_EN": "Kampong Cham",
        "DIS_CODE": "0313",
        "DIS_NAME_KH": "ព្រៃឈរ",
        "DIS_NAME_EN": "Prey Chhor",
        "OD_CODE": "0308",
        "OD_NAME_KH": "ព្រៃឈរ",
        "OD_NAME_EN": "Prey Chhor",
        "COM_CODE": "031308",
        "COM_NAME_KH": "មៀន",
        "COM__NAME_EN": "Mien",
        "VIL_CODE": "03130804",
        "VIL_NAME_KH": "ត្រពាំងឈូក",
        "VIL__NAME_EN": "Trapeang Chhuk",
        "OWNERSHIP": "DPHI (GPS)",
        "ACRONYM": "HC",
        "HF_TYPE_EN": "Health Center",
        "HF_TYPE_KH": "មណ្ឌលសុខភាព",
        "HF_LEVEL": "",
        "HF_HEAD": "យ៉ាន គឹមអឿន",
        "CONTACT_NO": "855 12 596 936",
        "CONTACT_EMAIL": "None",
        "START_DATE": "01/01/2006",
        "GOOGLE_MAP_LINK": "https://maps.app.goo.gl/kJxbAVaJJqUrZjA29",
        "STATUS": "Operational"
      }
    },
    {
      "type": "Feature",
      "geometry": {
        "type": "Point",
        "coordinates": [
          105.1367963,
          12.05041424
        ]
      },
      "properties": {
        "HF_ID": "",
        "HF_CODE": "030804",
        "NAME_KH": "HC ស្រងែ",
        "NAME_EN": "HC Sra Nge ",
        "PRO_CODE": "03",
        "PRO_NAME_KH": "កំពង់ចាម",
        "PRO_NAME_EN": "Kampong Cham",
        "DIS_CODE": "0313",
        "DIS_NAME_KH": "ព្រៃឈរ",
        "DIS_NAME_EN": "Prey Chhor",
        "OD_CODE": "0308",
        "OD_NAME_KH": "ព្រៃឈរ",
        "OD_NAME_EN": "Prey Chhor",
        "COM_CODE": "031311",
        "COM_NAME_KH": "សំរោង",
        "COM__NAME_EN": "Samraong",
        "VIL_CODE": "03131107",
        "VIL_NAME_KH": "សូដី",
        "VIL__NAME_EN": "Soudei",
        "OWNERSHIP": "DPHI (GPS)",
        "ACRONYM": "HC",
        "HF_TYPE_EN": "Health Center",
        "HF_TYPE_KH": "មណ្ឌលសុខភាព",
        "HF_LEVEL": "",
        "HF_HEAD": "លឹម ណារិទ្ធ",
        "CONTACT_NO": "855 12 623 438",
        "CONTACT_EMAIL": "None",
        "START_DATE": "01/01/2006",
        "GOOGLE_MAP_LINK": "https://maps.app.goo.gl/DQPAfiWWbW8sLpq9A",
        "STATUS": "Operational"
      }
    },
    {
      "type": "Feature",
      "geometry": {
        "type": "Point",
        "coordinates": [
          105.1664097,
          12.0814632
        ]
      },
      "properties": {
        "HF_ID": "",
        "HF_CODE": "030805",
        "NAME_KH": "HC សូរសែន្យ",
        "NAME_EN": "HC So Sen ",
        "PRO_CODE": "03",
        "PRO_NAME_KH": "កំពង់ចាម",
        "PRO_NAME_EN": "Kampong Cham",
        "DIS_CODE": "0313",
        "DIS_NAME_KH": "ព្រៃឈរ",
        "DIS_NAME_EN": "Prey Chhor",
        "OD_CODE": "0308",
        "OD_NAME_KH": "ព្រៃឈរ",
        "OD_NAME_EN": "Prey Chhor",
        "COM_CODE": "031310",
        "COM_NAME_KH": "សូរ្យសែន",
        "COM__NAME_EN": "Sour Saen",
        "VIL_CODE": "03131001",
        "VIL_NAME_KH": "សូរ្យសែន",
        "VIL__NAME_EN": "Sour Saen",
        "OWNERSHIP": "DPHI (GPS)",
        "ACRONYM": "HC",
        "HF_TYPE_EN": "Health Center",
        "HF_TYPE_KH": "មណ្ឌលសុខភាព",
        "HF_LEVEL": "",
        "HF_HEAD": "ចត សារ៉ា",
        "CONTACT_NO": "855 92 669 833",
        "CONTACT_EMAIL": "None",
        "START_DATE": "01/01/2006",
        "GOOGLE_MAP_LINK": "https://maps.app.goo.gl/tnz4i86KmnvQ6Emw9",
        "STATUS": "Operational"
      }
    },
    {
      "type": "Feature",
      "geometry": {
        "type": "Point",
        "coordinates": [
          105.2541287,
          12.05846483
        ]
      },
      "properties": {
        "HF_ID": "",
        "HF_CODE": "030806",
        "NAME_KH": "HC ជ្រៃវៀន",
        "NAME_EN": "HC Chrey Vien ",
        "PRO_CODE": "03",
        "PRO_NAME_KH": "កំពង់ចាម",
        "PRO_NAME_EN": "Kampong Cham",
        "DIS_CODE": "0313",
        "DIS_NAME_KH": "ព្រៃឈរ",
        "DIS_NAME_EN": "Prey Chhor",
        "OD_CODE": "0308",
        "OD_NAME_KH": "ព្រៃឈរ",
        "OD_NAME_EN": "Prey Chhor",
        "COM_CODE": "031303",
        "COM_NAME_KH": "ជ្រៃវៀន",
        "COM__NAME_EN": "Chrey Vien",
        "VIL_CODE": "03130317",
        "VIL_NAME_KH": "ព្រៃទទឹង",
        "VIL__NAME_EN": "Prey Totueng",
        "OWNERSHIP": "DPHI (GPS)",
        "ACRONYM": "HC",
        "HF_TYPE_EN": "Health Center",
        "HF_TYPE_KH": "មណ្ឌលសុខភាព",
        "HF_LEVEL": "",
        "HF_HEAD": "លន់ ប៊ុនលី",
        "CONTACT_NO": "855 12 684 796",
        "CONTACT_EMAIL": "None",
        "START_DATE": "01/01/2006",
        "GOOGLE_MAP_LINK": "https://maps.app.goo.gl/4Mmu2CP9LJhNaGZ88",
        "STATUS": "Operational"
      }
    },
    {
      "type": "Feature",
      "geometry": {
        "type": "Point",
        "coordinates": [
          105.2142918,
          12.11109138
        ]
      },
      "properties": {
        "HF_ID": "",
        "HF_CODE": "030807",
        "NAME_KH": "HC គរ",
        "NAME_EN": "HC Kor ",
        "PRO_CODE": "03",
        "PRO_NAME_KH": "កំពង់ចាម",
        "PRO_NAME_EN": "Kampong Cham",
        "DIS_CODE": "0313",
        "DIS_NAME_KH": "ព្រៃឈរ",
        "DIS_NAME_EN": "Prey Chhor",
        "OD_CODE": "0308",
        "OD_NAME_KH": "ព្រៃឈរ",
        "OD_NAME_EN": "Prey Chhor",
        "COM_CODE": "031305",
        "COM_NAME_KH": "គរ",
        "COM__NAME_EN": "Kor",
        "VIL_CODE": "03130506",
        "VIL_NAME_KH": "តាម៉ូត",
        "VIL__NAME_EN": "Ta Mout",
        "OWNERSHIP": "DPHI (GPS)",
        "ACRONYM": "HC",
        "HF_TYPE_EN": "Health Center",
        "HF_TYPE_KH": "មណ្ឌលសុខភាព",
        "HF_LEVEL": "",
        "HF_HEAD": "ម៉ី សុគន្ធី",
        "CONTACT_NO": "855 85 555 993",
        "CONTACT_EMAIL": "None",
        "START_DATE": "01/01/2006",
        "GOOGLE_MAP_LINK": "https://maps.app.goo.gl/TuSXxEgqYX1Mi6nY7",
        "STATUS": "Operational"
      }
    },
    {
      "type": "Feature",
      "geometry": {
        "type": "Point",
        "coordinates": [
          105.2468296,
          12.07793626
        ]
      },
      "properties": {
        "HF_ID": "",
        "HF_CODE": "030808",
        "NAME_KH": "HC បារាយណ៍",
        "NAME_EN": "HC Baray ",
        "PRO_CODE": "03",
        "PRO_NAME_KH": "កំពង់ចាម",
        "PRO_NAME_EN": "Kampong Cham",
        "DIS_CODE": "0313",
        "DIS_NAME_KH": "ព្រៃឈរ",
        "DIS_NAME_EN": "Prey Chhor",
        "OD_CODE": "0308",
        "OD_NAME_KH": "ព្រៃឈរ",
        "OD_NAME_EN": "Prey Chhor",
        "COM_CODE": "031301",
        "COM_NAME_KH": "បារាយណ៍",
        "COM__NAME_EN": "Baray",
        "VIL_CODE": "03130102",
        "VIL_NAME_KH": "ទួលចំបក់",
        "VIL__NAME_EN": "Tuol Chambak",
        "OWNERSHIP": "DPHI (GPS)",
        "ACRONYM": "HC",
        "HF_TYPE_EN": "Health Center",
        "HF_TYPE_KH": "មណ្ឌលសុខភាព",
        "HF_LEVEL": "",
        "HF_HEAD": "គិត្ត សេងហ៊ត់",
        "CONTACT_NO": "855 11 784 278",
        "CONTACT_EMAIL": "None",
        "START_DATE": "01/01/2006",
        "GOOGLE_MAP_LINK": "https://maps.app.goo.gl/hnoZMrXXD6zLMgWD7",
        "STATUS": "Operational"
      }
    },
    {
      "type": "Feature",
      "geometry": {
        "type": "Point",
        "coordinates": [
          105.1774345,
          12.14269665
        ]
      },
      "properties": {
        "HF_ID": "",
        "HF_CODE": "030809",
        "NAME_KH": "HC ក្រូច",
        "NAME_EN": "HC Krouch ",
        "PRO_CODE": "03",
        "PRO_NAME_KH": "កំពង់ចាម",
        "PRO_NAME_EN": "Kampong Cham",
        "DIS_CODE": "0313",
        "DIS_NAME_KH": "ព្រៃឈរ",
        "DIS_NAME_EN": "Prey Chhor",
        "OD_CODE": "0308",
        "OD_NAME_KH": "ព្រៃឈរ",
        "OD_NAME_EN": "Prey Chhor",
        "COM_CODE": "031306",
        "COM_NAME_KH": "ក្រូច",
        "COM__NAME_EN": "Krouch",
        "VIL_CODE": "03130601",
        "VIL_NAME_KH": "អូរជ្រក",
        "VIL__NAME_EN": "Ou Chrok",
        "OWNERSHIP": "DPHI (GPS)",
        "ACRONYM": "HC",
        "HF_TYPE_EN": "Health Center",
        "HF_TYPE_KH": "មណ្ឌលសុខភាព",
        "HF_LEVEL": "",
        "HF_HEAD": "ងីម គឹមអេង",
        "CONTACT_NO": "855 12 845 495",
        "CONTACT_EMAIL": "None",
        "START_DATE": "01/01/2006",
        "GOOGLE_MAP_LINK": "https://maps.app.goo.gl/94YaQN2fBrTVjpDDA",
        "STATUS": "Operational"
      }
    },
    {
      "type": "Feature",
      "geometry": {
        "type": "Point",
        "coordinates": [
          105.2427562,
          12.1512491
        ]
      },
      "properties": {
        "HF_ID": "",
        "HF_CODE": "030810",
        "NAME_KH": "HC ថ្មពូន",
        "NAME_EN": "HC Thmar Pun ",
        "PRO_CODE": "03",
        "PRO_NAME_KH": "កំពង់ចាម",
        "PRO_NAME_EN": "Kampong Cham",
        "DIS_CODE": "0313",
        "DIS_NAME_KH": "ព្រៃឈរ",
        "DIS_NAME_EN": "Prey Chhor",
        "OD_CODE": "0308",
        "OD_NAME_KH": "ព្រៃឈរ",
        "OD_NAME_EN": "Prey Chhor",
        "COM_CODE": "031313",
        "COM_NAME_KH": "ថ្មពូន",
        "COM__NAME_EN": "Thma Pun",
        "VIL_CODE": "03131302",
        "VIL_NAME_KH": "អណ្ដូងតាពេជ្រ",
        "VIL__NAME_EN": "Andoung Ta Pech",
        "OWNERSHIP": "DPHI (GPS)",
        "ACRONYM": "HC",
        "HF_TYPE_EN": "Health Center",
        "HF_TYPE_KH": "មណ្ឌលសុខភាព",
        "HF_LEVEL": "",
        "HF_HEAD": "ជុំ អាន",
        "CONTACT_NO": "855 12 845 668",
        "CONTACT_EMAIL": "None",
        "START_DATE": "01/01/2006",
        "GOOGLE_MAP_LINK": "https://maps.app.goo.gl/aTj5Zi2jRfRbMuRt8",
        "STATUS": "Operational"
      }
    },
    {
      "type": "Feature",
      "geometry": {
        "type": "Point",
        "coordinates": [
          105.1894388,
          12.05971777
        ]
      },
      "properties": {
        "HF_ID": "",
        "HF_CODE": "030811",
        "NAME_KH": "HC ល្វា",
        "NAME_EN": "HC Lovea ",
        "PRO_CODE": "03",
        "PRO_NAME_KH": "កំពង់ចាម",
        "PRO_NAME_EN": "Kampong Cham",
        "DIS_CODE": "0313",
        "DIS_NAME_KH": "ព្រៃឈរ",
        "DIS_NAME_EN": "Prey Chhor",
        "OD_CODE": "0308",
        "OD_NAME_KH": "ព្រៃឈរ",
        "OD_NAME_EN": "Prey Chhor",
        "COM_CODE": "031307",
        "COM_NAME_KH": "ល្វា",
        "COM__NAME_EN": "Lvea",
        "VIL_CODE": "03130709",
        "VIL_NAME_KH": "ល្វា",
        "VIL__NAME_EN": "Lvea",
        "OWNERSHIP": "DPHI (GPS)",
        "ACRONYM": "HC",
        "HF_TYPE_EN": "Health Center",
        "HF_TYPE_KH": "មណ្ឌលសុខភាព",
        "HF_LEVEL": "",
        "HF_HEAD": "ចន ប៊ុនធឿន",
        "CONTACT_NO": "855 96 667 1399",
        "CONTACT_EMAIL": "None",
        "START_DATE": "01/01/2006",
        "GOOGLE_MAP_LINK": "https://maps.app.goo.gl/GZ7K8U4nVHRsLxkJ8",
        "STATUS": "Operational"
      }
    },
    {
      "type": "Feature",
      "geometry": {
        "type": "Point",
        "coordinates": [
          105.2047158,
          12.03531896
        ]
      },
      "properties": {
        "HF_ID": "",
        "HF_CODE": "030812",
        "NAME_KH": "HC តុងរ៉ុង",
        "NAME_EN": "HC Tong Rong ",
        "PRO_CODE": "03",
        "PRO_NAME_KH": "កំពង់ចាម",
        "PRO_NAME_EN": "Kampong Cham",
        "DIS_CODE": "0313",
        "DIS_NAME_KH": "ព្រៃឈរ",
        "DIS_NAME_EN": "Prey Chhor",
        "OD_CODE": "0308",
        "OD_NAME_KH": "ព្រៃឈរ",
        "OD_NAME_EN": "Prey Chhor",
        "COM_CODE": "031314",
        "COM_NAME_KH": "តុងរ៉ុង",
        "COM__NAME_EN": "Tong Rong",
        "VIL_CODE": "03131408",
        "VIL_NAME_KH": "ទ្រមុខទី ១",
        "VIL__NAME_EN": "Tro Mukh Ti Muoy",
        "OWNERSHIP": "DPHI (GPS)",
        "ACRONYM": "HC",
        "HF_TYPE_EN": "Health Center",
        "HF_TYPE_KH": "មណ្ឌលសុខភាព",
        "HF_LEVEL": "",
        "HF_HEAD": "សែម ចាន់ថុល",
        "CONTACT_NO": "855 92 900 052",
        "CONTACT_EMAIL": "None",
        "START_DATE": "01/01/2006",
        "GOOGLE_MAP_LINK": "https://maps.app.goo.gl/CAd4tmXLKN5eLL2dA",
        "STATUS": "Operational"
      }
    },
    {
      "type": "Feature",
      "geometry": {
        "type": "Point",
        "coordinates": [
          105.2690224,
          11.94541862
        ]
      },
      "properties": {
        "HF_ID": "",
        "HF_CODE": "030813",
        "NAME_KH": "HC ពាមជីកង",
        "NAME_EN": "HC Peam Chi Kang ",
        "PRO_CODE": "03",
        "PRO_NAME_KH": "កំពង់ចាម",
        "PRO_NAME_EN": "Kampong Cham",
        "DIS_CODE": "0307",
        "DIS_NAME_KH": "កងមាស",
        "DIS_NAME_EN": "Kang Meas",
        "OD_CODE": "0314",
        "OD_NAME_KH": "កងមាស",
        "OD_NAME_EN": "Kang Meas",
        "COM_CODE": "030704",
        "COM_NAME_KH": "ពាមជីកង",
        "COM__NAME_EN": "Peam Chi Kang",
        "VIL_CODE": "03070403",
        "VIL_NAME_KH": "ពាមជីកង",
        "VIL__NAME_EN": "Peam Chi Kang",
        "OWNERSHIP": "DPHI (GPS)",
        "ACRONYM": "HC",
        "HF_TYPE_EN": "Health Center",
        "HF_TYPE_KH": "មណ្ឌលសុខភាព",
        "HF_LEVEL": "",
        "HF_HEAD": "ហ៊ាង សុផាត",
        "CONTACT_NO": "855 61566545",
        "CONTACT_EMAIL": "None",
        "START_DATE": "01/01/2006",
        "GOOGLE_MAP_LINK": "https://maps.app.goo.gl/o3iuUhSgiuzd5GfR8?g_st=ac",
        "STATUS": "Operational"
      }
    },
    {
      "type": "Feature",
      "geometry": {
        "type": "Point",
        "coordinates": [
          105.2672619,
          11.99851333
        ]
      },
      "properties": {
        "HF_ID": "",
        "HF_CODE": "030814",
        "NAME_KH": "HC ព្រែកក្របៅ",
        "NAME_EN": "HC Prek Krabau ",
        "PRO_CODE": "03",
        "PRO_NAME_KH": "កំពង់ចាម",
        "PRO_NAME_EN": "Kampong Cham",
        "DIS_CODE": "0307",
        "DIS_NAME_KH": "កងមាស",
        "DIS_NAME_EN": "Kang Meas",
        "OD_CODE": "0314",
        "OD_NAME_KH": "កងមាស",
        "OD_NAME_EN": "Kang Meas",
        "COM_CODE": "030706",
        "COM_NAME_KH": "ព្រែកក្របៅ",
        "COM__NAME_EN": "Preaek Krabau",
        "VIL_CODE": "03070601",
        "VIL_NAME_KH": "ពាមក្នុង",
        "VIL__NAME_EN": "Peam Knong",
        "OWNERSHIP": "DPHI (GPS)",
        "ACRONYM": "HC",
        "HF_TYPE_EN": "Health Center",
        "HF_TYPE_KH": "មណ្ឌលសុខភាព",
        "HF_LEVEL": "",
        "HF_HEAD": "លោក លី គឹមសួ",
        "CONTACT_NO": "855 17512090",
        "CONTACT_EMAIL": "None",
        "START_DATE": "01/01/2006",
        "GOOGLE_MAP_LINK": "https://maps.app.goo.gl/rXXFq1T2CYF7X53V7",
        "STATUS": "Operational"
      }
    },
    {
      "type": "Feature",
      "geometry": {
        "type": "Point",
        "coordinates": [
          105.2236969,
          11.94932884
        ]
      },
      "properties": {
        "HF_ID": "",
        "HF_CODE": "030815",
        "NAME_KH": "HC អង្គរបាន",
        "NAME_EN": "HC Angkor Ban ",
        "PRO_CODE": "03",
        "PRO_NAME_KH": "កំពង់ចាម",
        "PRO_NAME_EN": "Kampong Cham",
        "DIS_CODE": "0307",
        "DIS_NAME_KH": "កងមាស",
        "DIS_NAME_EN": "Kang Meas",
        "OD_CODE": "0314",
        "OD_NAME_KH": "កងមាស",
        "OD_NAME_EN": "Kang Meas",
        "COM_CODE": "030701",
        "COM_NAME_KH": "អង្គរបាន",
        "COM__NAME_EN": "Angkor Ban",
        "VIL_CODE": "03070103",
        "VIL_NAME_KH": "អង្គរបានទី ៣",
        "VIL__NAME_EN": "Angkor Ban Ti Bei",
        "OWNERSHIP": "DPHI (GPS)",
        "ACRONYM": "HC",
        "HF_TYPE_EN": "Health Center",
        "HF_TYPE_KH": "មណ្ឌលសុខភាព",
        "HF_LEVEL": "",
        "HF_HEAD": "ឃុត ចាន់ថា",
        "CONTACT_NO": "855 12738253",
        "CONTACT_EMAIL": "None",
        "START_DATE": "01/01/2006",
        "GOOGLE_MAP_LINK": "https://maps.app.goo.gl/dFKSLhGJP9uKtASX9?g_st=atm",
        "STATUS": "Operational"
      }
    },
    {
      "type": "Feature",
      "geometry": {
        "type": "Point",
        "coordinates": [
          105.1950558,
          11.95574871
        ]
      },
      "properties": {
        "HF_ID": "",
        "HF_CODE": "030816",
        "NAME_KH": "HC សូរគង",
        "NAME_EN": "HC So Kong ",
        "PRO_CODE": "03",
        "PRO_NAME_KH": "កំពង់ចាម",
        "PRO_NAME_EN": "Kampong Cham",
        "DIS_CODE": "0307",
        "DIS_NAME_KH": "កងមាស",
        "DIS_NAME_EN": "Kang Meas",
        "OD_CODE": "0314",
        "OD_NAME_KH": "កងមាស",
        "OD_NAME_EN": "Kang Meas",
        "COM_CODE": "030711",
        "COM_NAME_KH": "សូរគង",
        "COM__NAME_EN": "Sour Kong",
        "VIL_CODE": "03071101",
        "VIL_NAME_KH": "កោះតាង៉ោទី ១",
        "VIL__NAME_EN": "Kaoh Ta Ngao Ti Muoy",
        "OWNERSHIP": "DPHI (GPS)",
        "ACRONYM": "HC",
        "HF_TYPE_EN": "Health Center",
        "HF_TYPE_KH": "មណ្ឌលសុខភាព",
        "HF_LEVEL": "",
        "HF_HEAD": "ម៉ៅ ស៊ាងលី",
        "CONTACT_NO": "855 76290000",
        "CONTACT_EMAIL": "None",
        "START_DATE": "01/01/2006",
        "GOOGLE_MAP_LINK": "https://maps.app.goo.gl/jo9DtkadwuFkzqvF9?g_st=atm",
        "STATUS": "Operational"
      }
    },
    {
      "type": "Feature",
      "geometry": {
        "type": "Point",
        "coordinates": [
          105.1452369,
          11.92033555
        ]
      },
      "properties": {
        "HF_ID": "",
        "HF_CODE": "030911",
        "NAME_KH": "HC ខ្ចៅ",
        "NAME_EN": "HC Khchao ",
        "PRO_CODE": "03",
        "PRO_NAME_KH": "កំពង់ចាម",
        "PRO_NAME_EN": "Kampong Cham",
        "DIS_CODE": "0307",
        "DIS_NAME_KH": "កងមាស",
        "DIS_NAME_EN": "Kang Meas",
        "OD_CODE": "0314",
        "OD_NAME_KH": "កងមាស",
        "OD_NAME_EN": "Kang Meas",
        "COM_CODE": "030703",
        "COM_NAME_KH": "ខ្ចៅ",
        "COM__NAME_EN": "Khchau",
        "VIL_CODE": "03070305",
        "VIL_NAME_KH": "ខ្ចៅទី ១",
        "VIL__NAME_EN": "Khchau Ti Muoy",
        "OWNERSHIP": "DPHI (GPS)",
        "ACRONYM": "HC",
        "HF_TYPE_EN": "Health Center",
        "HF_TYPE_KH": "មណ្ឌលសុខភាព",
        "HF_LEVEL": "",
        "HF_HEAD": "ឆូវ ណាលីន",
        "CONTACT_NO": "855 719704927",
        "CONTACT_EMAIL": "None",
        "START_DATE": "01/01/2006",
        "GOOGLE_MAP_LINK": "https://maps.app.goo.gl/jbxBYy6mfkYdxbw5A?g_st=atm",
        "STATUS": "Operational"
      }
    },
    {
      "type": "Feature",
      "geometry": {
        "type": "Point",
        "coordinates": [
          105.1193303,
          11.86382041
        ]
      },
      "properties": {
        "HF_ID": "",
        "HF_CODE": "030912",
        "NAME_KH": "HC រកាអារ",
        "NAME_EN": "HC Roka Ar ",
        "PRO_CODE": "03",
        "PRO_NAME_KH": "កំពង់ចាម",
        "PRO_NAME_EN": "Kampong Cham",
        "DIS_CODE": "0307",
        "DIS_NAME_KH": "កងមាស",
        "DIS_NAME_EN": "Kang Meas",
        "OD_CODE": "0314",
        "OD_NAME_KH": "កងមាស",
        "OD_NAME_EN": "Kang Meas",
        "COM_CODE": "030708",
        "COM_NAME_KH": "រកាអារ",
        "COM__NAME_EN": "Roka Ar",
        "VIL_CODE": "03070807",
        "VIL_NAME_KH": "ស្វាយស្រណោះទី ១",
        "VIL__NAME_EN": "Svay Sranaoh Ti Muoy",
        "OWNERSHIP": "DPHI (GPS)",
        "ACRONYM": "HC",
        "HF_TYPE_EN": "Health Center",
        "HF_TYPE_KH": "មណ្ឌលសុខភាព",
        "HF_LEVEL": "",
        "HF_HEAD": "សាយ សោភា",
        "CONTACT_NO": "855 965980577",
        "CONTACT_EMAIL": "None",
        "START_DATE": "01/01/2006",
        "GOOGLE_MAP_LINK": "https://maps.app.goo.gl/jo9DtkadwuFkzqvF9?g_st=atm",
        "STATUS": "Operational"
      }
    },
    {
      "type": "Feature",
      "geometry": {
        "type": "Point",
        "coordinates": [
          105.0051954,
          11.85953487
        ]
      },
      "properties": {
        "HF_ID": "",
        "HF_CODE": "030913",
        "NAME_KH": "HC ស្ដៅ",
        "NAME_EN": "HC Sdau ",
        "PRO_CODE": "03",
        "PRO_NAME_KH": "កំពង់ចាម",
        "PRO_NAME_EN": "Kampong Cham",
        "DIS_CODE": "0307",
        "DIS_NAME_KH": "កងមាស",
        "DIS_NAME_EN": "Kang Meas",
        "OD_CODE": "0314",
        "OD_NAME_KH": "កងមាស",
        "OD_NAME_EN": "Kang Meas",
        "COM_CODE": "030710",
        "COM_NAME_KH": "ស្ដៅ",
        "COM__NAME_EN": "Sdau",
        "VIL_CODE": "03071005",
        "VIL_NAME_KH": "ល្វាក្រោម",
        "VIL__NAME_EN": "Lvea Kraom",
        "OWNERSHIP": "DPHI (GPS)",
        "ACRONYM": "HC",
        "HF_TYPE_EN": "Health Center",
        "HF_TYPE_KH": "មណ្ឌលសុខភាព",
        "HF_LEVEL": "",
        "HF_HEAD": "ទ្រី ប៉ាវ",
        "CONTACT_NO": "855 12921232",
        "CONTACT_EMAIL": "None",
        "START_DATE": "01/01/2006",
        "GOOGLE_MAP_LINK": "https://maps.app.goo.gl/Wh4WRchji7AZprpd8?g_st=atm",
        "STATUS": "Operational"
      }
    },
    {
      "type": "Feature",
      "geometry": {
        "type": "Point",
        "coordinates": [
          105.0874234,
          11.93788352
        ]
      },
      "properties": {
        "HF_ID": "",
        "HF_CODE": "030914",
        "NAME_KH": "HC រាយប៉ាយ",
        "NAME_EN": "HC Reay Pay ",
        "PRO_CODE": "03",
        "PRO_NAME_KH": "កំពង់ចាម",
        "PRO_NAME_EN": "Kampong Cham",
        "DIS_CODE": "0307",
        "DIS_NAME_KH": "កងមាស",
        "DIS_NAME_EN": "Kang Meas",
        "OD_CODE": "0314",
        "OD_NAME_KH": "កងមាស",
        "OD_NAME_EN": "Kang Meas",
        "COM_CODE": "030707",
        "COM_NAME_KH": "រាយប៉ាយ",
        "COM__NAME_EN": "Reay Pay",
        "VIL_CODE": "03070705",
        "VIL_NAME_KH": "រាយប៉ាយលើ",
        "VIL__NAME_EN": "Reay Pay Leu",
        "OWNERSHIP": "DPHI (GPS)",
        "ACRONYM": "HC",
        "HF_TYPE_EN": "Health Center",
        "HF_TYPE_KH": "មណ្ឌលសុខភាព",
        "HF_LEVEL": "",
        "HF_HEAD": "ស៊្រាង ប៊ុណ្ណវុឌ្ឍ",
        "CONTACT_NO": "855 887494794",
        "CONTACT_EMAIL": "None",
        "START_DATE": "01/01/2006",
        "GOOGLE_MAP_LINK": "https://maps.app.goo.gl/rVeuraKMMDa9mRLVA?g_st=atm",
        "STATUS": "Operational"
      }
    },
    {
      "type": "Feature",
      "geometry": {
        "type": "Point",
        "coordinates": [
          105.2690063,
          11.94539631
        ]
      },
      "properties": {
        "HF_ID": "",
        "HF_CODE": "030915",
        "NAME_KH": "RH មន្ទីរពេទ្យបង្អែកកងមាស",
        "NAME_EN": "RH Kang Meas ",
        "PRO_CODE": "03",
        "PRO_NAME_KH": "កំពង់ចាម",
        "PRO_NAME_EN": "Kampong Cham",
        "DIS_CODE": "0307",
        "DIS_NAME_KH": "កងមាស",
        "DIS_NAME_EN": "Kang Meas",
        "OD_CODE": "0314",
        "OD_NAME_KH": "កងមាស",
        "OD_NAME_EN": "Kang Meas",
        "COM_CODE": "030704",
        "COM_NAME_KH": "ពាមជីកង",
        "COM__NAME_EN": "Peam Chi Kang",
        "VIL_CODE": "03070403",
        "VIL_NAME_KH": "ពាមជីកង",
        "VIL__NAME_EN": "Peam Chi Kang",
        "OWNERSHIP": "DPHI (GPS)",
        "ACRONYM": "RH",
        "HF_TYPE_EN": "Referral Hospital",
        "HF_TYPE_KH": "មន្ទីរពេទ្យបង្អែកស្រុក",
        "HF_LEVEL": "",
        "HF_HEAD": " កែផុន សុខាណា",
        "CONTACT_NO": "855 92190085",
        "CONTACT_EMAIL": "None",
        "START_DATE": "01/01/2019",
        "GOOGLE_MAP_LINK": "https://maps.app.goo.gl/o3iuUhSgiuzd5GfR8?g_st=ac",
        "STATUS": "Operational"
      }
    },
    {
      "type": "Feature",
      "geometry": {
        "type": "Point",
        "coordinates": [
          105.060458,
          11.85821455
        ]
      },
      "properties": {
        "HF_ID": "",
        "HF_CODE": "030916",
        "NAME_KH": "HC កងតាណឹង",
        "NAME_EN": "HC Kang Taneung ",
        "PRO_CODE": "03",
        "PRO_NAME_KH": "កំពង់ចាម",
        "PRO_NAME_EN": "Kampong Cham",
        "DIS_CODE": "0307",
        "DIS_NAME_KH": "កងមាស",
        "DIS_NAME_EN": "Kang Meas",
        "OD_CODE": "0314",
        "OD_NAME_KH": "កងមាស",
        "OD_NAME_EN": "Kang Meas",
        "COM_CODE": "030708",
        "COM_NAME_KH": "រកាអារ",
        "COM__NAME_EN": "Roka Ar",
        "VIL_CODE": "03070807",
        "VIL_NAME_KH": "ស្វាយស្រណោះទី ១",
        "VIL__NAME_EN": "Svay Sranaoh Ti Muoy",
        "OWNERSHIP": "DPHI (GPS)",
        "ACRONYM": "HC",
        "HF_TYPE_EN": "Health Center",
        "HF_TYPE_KH": "មណ្ឌលសុខភាព",
        "HF_LEVEL": "",
        "HF_HEAD": "លោក សុខ សំណាង",
        "CONTACT_NO": "855 769666662",
        "CONTACT_EMAIL": "None",
        "START_DATE": "01/01/2006",
        "GOOGLE_MAP_LINK": "https://maps.app.goo.gl/jo9DtkadwuFkzqvF9?g_st=atm",
        "STATUS": "Operational"
      }
    },
    {
      "type": "Feature",
      "geometry": {
        "type": "Point",
        "coordinates": [
          104.9832093,
          11.88501547
        ]
      },
      "properties": {
        "HF_ID": "",
        "HF_CODE": "030917",
        "NAME_KH": "HC ព្រៃកុយ",
        "NAME_EN": "HC Prey Koy ",
        "PRO_CODE": "03",
        "PRO_NAME_KH": "កំពង់ចាម",
        "PRO_NAME_EN": "Kampong Cham",
        "DIS_CODE": "0307",
        "DIS_NAME_KH": "កងមាស",
        "DIS_NAME_EN": "Kang Meas",
        "OD_CODE": "0314",
        "OD_NAME_KH": "កងមាស",
        "OD_NAME_EN": "Kang Meas",
        "COM_CODE": "030708",
        "COM_NAME_KH": "រកាអារ",
        "COM__NAME_EN": "Roka Ar",
        "VIL_CODE": "03070807",
        "VIL_NAME_KH": "ស្វាយស្រណោះទី ១",
        "VIL__NAME_EN": "Svay Sranaoh Ti Muoy",
        "OWNERSHIP": "DPHI (GPS)",
        "ACRONYM": "HC",
        "HF_TYPE_EN": "Health Center",
        "HF_TYPE_KH": "មណ្ឌលសុខភាព",
        "HF_LEVEL": "",
        "HF_HEAD": "លោក ថោង បូរិទ្ធី",
        "CONTACT_NO": "855 12512859",
        "CONTACT_EMAIL": "None",
        "START_DATE": "01/01/2006",
        "GOOGLE_MAP_LINK": "https://maps.app.goo.gl/jo9DtkadwuFkzqvF9?g_st=atm",
        "STATUS": "Operational"
      }
    },
    {
      "type": "Feature",
      "geometry": {
        "type": "Point",
        "coordinates": [
          105.3384881,
          11.93835753
        ]
      },
      "properties": {
        "HF_ID": "",
        "HF_CODE": "030918",
        "NAME_KH": "HC រកាគយ",
        "NAME_EN": "HC Roka Koy ",
        "PRO_CODE": "03",
        "PRO_NAME_KH": "កំពង់ចាម",
        "PRO_NAME_EN": "Kampong Cham",
        "DIS_CODE": "0307",
        "DIS_NAME_KH": "កងមាស",
        "DIS_NAME_EN": "Kang Meas",
        "OD_CODE": "0314",
        "OD_NAME_KH": "កងមាស",
        "OD_NAME_EN": "Kang Meas",
        "COM_CODE": "030708",
        "COM_NAME_KH": "រកាអារ",
        "COM__NAME_EN": "Roka Ar",
        "VIL_CODE": "03070807",
        "VIL_NAME_KH": "ស្វាយស្រណោះទី ១",
        "VIL__NAME_EN": "Svay Sranaoh Ti Muoy",
        "OWNERSHIP": "DPHI (GPS)",
        "ACRONYM": "HC",
        "HF_TYPE_EN": "Health Center",
        "HF_TYPE_KH": "មណ្ឌលសុខភាព",
        "HF_LEVEL": "",
        "HF_HEAD": "ឃីម ស្រីម៉ី",
        "CONTACT_NO": "855 93901990",
        "CONTACT_EMAIL": "None",
        "START_DATE": "01/01/2006",
        "GOOGLE_MAP_LINK": "https://maps.app.goo.gl/MmKAn8Po3DzcZU4cA?g_st=atm",
        "STATUS": "Operational"
      }
    },
    {
      "type": "Feature",
      "geometry": {
        "type": "Point",
        "coordinates": [
          105.1131008,
          11.8275591
        ]
      },
      "properties": {
        "HF_ID": "",
        "HF_CODE": "030901",
        "NAME_KH": "RH មន្ទីរពេទ្យបង្អែកស្រីសន្ធរ",
        "NAME_EN": "RH Srey Santhor ",
        "PRO_CODE": "03",
        "PRO_NAME_KH": "កំពង់ចាម",
        "PRO_NAME_EN": "Kampong Cham",
        "DIS_CODE": "0314",
        "DIS_NAME_KH": "ស្រីសន្ធរ",
        "DIS_NAME_EN": "Srei Santhor",
        "OD_CODE": "0309",
        "OD_NAME_KH": "ស្រីសន្ធរ",
        "OD_NAME_EN": "Srey Santhor",
        "COM_CODE": "031409",
        "COM_NAME_KH": "ព្រែកពោធិ",
        "COM__NAME_EN": "Preaek Pou",
        "VIL_CODE": "03140901",
        "VIL_NAME_KH": "រកាទ្វារ",
        "VIL__NAME_EN": "Roka Tvear",
        "OWNERSHIP": "DPHI (GPS)",
        "ACRONYM": "RH",
        "HF_TYPE_EN": "Referral Hospital",
        "HF_TYPE_KH": "មន្ទីរពេទ្យបង្អែកស្រុក",
        "HF_LEVEL": "",
        "HF_HEAD": "ម៉ៅ ប៊ុនឡេង",
        "CONTACT_NO": "855 12685643",
        "CONTACT_EMAIL": "None",
        "START_DATE": "01/01/2006",
        "GOOGLE_MAP_LINK": "https://maps.app.goo.gl/E68bj5TGERxe31Hx9",
        "STATUS": "Operational"
      }
    },
    {
      "type": "Feature",
      "geometry": {
        "type": "Point",
        "coordinates": [
          105.254168,
          11.90252735
        ]
      },
      "properties": {
        "HF_ID": "",
        "HF_CODE": "030902",
        "NAME_KH": "HC ព្រែករំដេង",
        "NAME_EN": "HC Prek Romdeng ",
        "PRO_CODE": "03",
        "PRO_NAME_KH": "កំពង់ចាម",
        "PRO_NAME_EN": "Kampong Cham",
        "DIS_CODE": "0314",
        "DIS_NAME_KH": "ស្រីសន្ធរ",
        "DIS_NAME_EN": "Srei Santhor",
        "OD_CODE": "0309",
        "OD_NAME_KH": "ស្រីសន្ធរ",
        "OD_NAME_EN": "Srey Santhor",
        "COM_CODE": "031410",
        "COM_NAME_KH": "ព្រែករំដេង",
        "COM__NAME_EN": "Preaek Rumdeng",
        "VIL_CODE": "03141010",
        "VIL_NAME_KH": "ស្វាយតានាន់ \"ក\"",
        "VIL__NAME_EN": "Svay Ta Noan Ka",
        "OWNERSHIP": "DPHI (GPS)",
        "ACRONYM": "HC",
        "HF_TYPE_EN": "Health Center",
        "HF_TYPE_KH": "មណ្ឌលសុខភាព",
        "HF_LEVEL": "",
        "HF_HEAD": "ឌី ថារិន",
        "CONTACT_NO": "855 11995468",
        "CONTACT_EMAIL": "None",
        "START_DATE": "01/01/2006",
        "GOOGLE_MAP_LINK": "https://maps.app.goo.gl/n9AfsrpuXJNUjDbo7",
        "STATUS": "Operational"
      }
    },
    {
      "type": "Feature",
      "geometry": {
        "type": "Point",
        "coordinates": [
          105.1805252,
          11.92001349
        ]
      },
      "properties": {
        "HF_ID": "",
        "HF_CODE": "030903",
        "NAME_KH": "HC ស្វាយសាច់ភ្នំ",
        "NAME_EN": "HC Svay Sach Phnom ",
        "PRO_CODE": "03",
        "PRO_NAME_KH": "កំពង់ចាម",
        "PRO_NAME_EN": "Kampong Cham",
        "DIS_CODE": "0314",
        "DIS_NAME_KH": "ស្រីសន្ធរ",
        "DIS_NAME_EN": "Srei Santhor",
        "OD_CODE": "0309",
        "OD_NAME_KH": "ស្រីសន្ធរ",
        "OD_NAME_EN": "Srey Santhor",
        "COM_CODE": "031413",
        "COM_NAME_KH": "ស្វាយខ្សាច់ភ្នំ",
        "COM__NAME_EN": "Svay Khsach Phnum",
        "VIL_CODE": "03141302",
        "VIL_NAME_KH": "ស្វាយកណ្ដាល",
        "VIL__NAME_EN": "Svay Kandal",
        "OWNERSHIP": "DPHI (GPS)",
        "ACRONYM": "HC",
        "HF_TYPE_EN": "Health Center",
        "HF_TYPE_KH": "មណ្ឌលសុខភាព",
        "HF_LEVEL": "",
        "HF_HEAD": "ហេង សុខា",
        "CONTACT_NO": "855 12522354",
        "CONTACT_EMAIL": "None",
        "START_DATE": "01/01/2006",
        "GOOGLE_MAP_LINK": "https://maps.app.goo.gl/CQHfkBLhgriHP7XF7",
        "STATUS": "Operational"
      }
    },
    {
      "type": "Feature",
      "geometry": {
        "type": "Point",
        "coordinates": [
          105.1554496,
          11.88382298
        ]
      },
      "properties": {
        "HF_ID": "",
        "HF_CODE": "030904",
        "NAME_KH": "HC ព្រែកដំបូក",
        "NAME_EN": "HC Prek Dambok ",
        "PRO_CODE": "03",
        "PRO_NAME_KH": "កំពង់ចាម",
        "PRO_NAME_EN": "Kampong Cham",
        "DIS_CODE": "0314",
        "DIS_NAME_KH": "ស្រីសន្ធរ",
        "DIS_NAME_EN": "Srei Santhor",
        "OD_CODE": "0309",
        "OD_NAME_KH": "ស្រីសន្ធរ",
        "OD_NAME_EN": "Srey Santhor",
        "COM_CODE": "031408",
        "COM_NAME_KH": "ព្រែកដំបូក",
        "COM__NAME_EN": "Preaek Dambouk",
        "VIL_CODE": "03140805",
        "VIL_NAME_KH": "ព្រែកដំបូកក្រោម",
        "VIL__NAME_EN": "Preaek Dambouk Kraom",
        "OWNERSHIP": "DPHI (GPS)",
        "ACRONYM": "HC",
        "HF_TYPE_EN": "Health Center",
        "HF_TYPE_KH": "មណ្ឌលសុខភាព",
        "HF_LEVEL": "",
        "HF_HEAD": "វ៉េង វង្សសេរី",
        "CONTACT_NO": "855 85 414675",
        "CONTACT_EMAIL": "None",
        "START_DATE": "01/01/2006",
        "GOOGLE_MAP_LINK": "https://maps.app.goo.gl/wPPH9YQ2Juy5HWebA",
        "STATUS": "Operational"
      }
    },
    {
      "type": "Feature",
      "geometry": {
        "type": "Point",
        "coordinates": [
          105.1021065,
          11.7802775
        ]
      },
      "properties": {
        "HF_ID": "",
        "HF_CODE": "030905",
        "NAME_KH": "HC ទងត្រឡាច",
        "NAME_EN": "HC Tong Tralach ",
        "PRO_CODE": "03",
        "PRO_NAME_KH": "កំពង់ចាម",
        "PRO_NAME_EN": "Kampong Cham",
        "DIS_CODE": "0314",
        "DIS_NAME_KH": "ស្រីសន្ធរ",
        "DIS_NAME_EN": "Srei Santhor",
        "OD_CODE": "0309",
        "OD_NAME_KH": "ស្រីសន្ធរ",
        "OD_NAME_EN": "Srey Santhor",
        "COM_CODE": "031414",
        "COM_NAME_KH": "ទងត្រឡាច",
        "COM__NAME_EN": "Tong Tralach",
        "VIL_CODE": "03141401",
        "VIL_NAME_KH": "ទងត្រឡាច",
        "VIL__NAME_EN": "Tong Tralach",
        "OWNERSHIP": "DPHI (GPS)",
        "ACRONYM": "HC",
        "HF_TYPE_EN": "Health Center",
        "HF_TYPE_KH": "មណ្ឌលសុខភាព",
        "HF_LEVEL": "",
        "HF_HEAD": "យឹម ខេមរា",
        "CONTACT_NO": "855 92537461",
        "CONTACT_EMAIL": "None",
        "START_DATE": "01/01/2006",
        "GOOGLE_MAP_LINK": "https://maps.app.goo.gl/avHZ1s5tDv4i5PGp8",
        "STATUS": "Operational"
      }
    },
    {
      "type": "Feature",
      "geometry": {
        "type": "Point",
        "coordinates": [
          105.1137048,
          11.82835985
        ]
      },
      "properties": {
        "HF_ID": "",
        "HF_CODE": "030906",
        "NAME_KH": "HC ព្រែកពោធិ",
        "NAME_EN": "HC Prek Por ",
        "PRO_CODE": "03",
        "PRO_NAME_KH": "កំពង់ចាម",
        "PRO_NAME_EN": "Kampong Cham",
        "DIS_CODE": "0314",
        "DIS_NAME_KH": "ស្រីសន្ធរ",
        "DIS_NAME_EN": "Srei Santhor",
        "OD_CODE": "0309",
        "OD_NAME_KH": "ស្រីសន្ធរ",
        "OD_NAME_EN": "Srey Santhor",
        "COM_CODE": "031409",
        "COM_NAME_KH": "ព្រែកពោធិ",
        "COM__NAME_EN": "Preaek Pou",
        "VIL_CODE": "03140901",
        "VIL_NAME_KH": "រកាទ្វារ",
        "VIL__NAME_EN": "Roka Tvear",
        "OWNERSHIP": "DPHI (GPS)",
        "ACRONYM": "HC",
        "HF_TYPE_EN": "Health Center",
        "HF_TYPE_KH": "មណ្ឌលសុខភាព",
        "HF_LEVEL": "",
        "HF_HEAD": "ជាម ភិរិន",
        "CONTACT_NO": "855 12201703",
        "CONTACT_EMAIL": "None",
        "START_DATE": "01/01/2006",
        "GOOGLE_MAP_LINK": "https://maps.app.goo.gl/u4T5SZcA1zG58tyS8",
        "STATUS": "Operational"
      }
    },
    {
      "type": "Feature",
      "geometry": {
        "type": "Point",
        "coordinates": [
          105.1954063,
          11.85083859
        ]
      },
      "properties": {
        "HF_ID": "",
        "HF_CODE": "030907",
        "NAME_KH": "HC បារាយណ៍",
        "NAME_EN": "HC Baray ",
        "PRO_CODE": "03",
        "PRO_NAME_KH": "កំពង់ចាម",
        "PRO_NAME_EN": "Kampong Cham",
        "DIS_CODE": "0314",
        "DIS_NAME_KH": "ស្រីសន្ធរ",
        "DIS_NAME_EN": "Srei Santhor",
        "OD_CODE": "0309",
        "OD_NAME_KH": "ស្រីសន្ធរ",
        "OD_NAME_EN": "Srey Santhor",
        "COM_CODE": "031401",
        "COM_NAME_KH": "បារាយណ៍",
        "COM__NAME_EN": "Baray",
        "VIL_CODE": "03140103",
        "VIL_NAME_KH": "បន្ទាយ",
        "VIL__NAME_EN": "Banteay",
        "OWNERSHIP": "DPHI (GPS)",
        "ACRONYM": "HC",
        "HF_TYPE_EN": "Health Center",
        "HF_TYPE_KH": "មណ្ឌលសុខភាព",
        "HF_LEVEL": "",
        "HF_HEAD": "អ៊ន់ ស៊ីម",
        "CONTACT_NO": "855 12292189",
        "CONTACT_EMAIL": "None",
        "START_DATE": "01/01/2006",
        "GOOGLE_MAP_LINK": "https://maps.app.goo.gl/EYZDtPjd3h5VtZ1GA",
        "STATUS": "Operational"
      }
    },
    {
      "type": "Feature",
      "geometry": {
        "type": "Point",
        "coordinates": [
          105.0605685,
          11.83604917
        ]
      },
      "properties": {
        "HF_ID": "",
        "HF_CODE": "030908",
        "NAME_KH": "HC មានជ័យ",
        "NAME_EN": "HC Mean Chey ",
        "PRO_CODE": "03",
        "PRO_NAME_KH": "កំពង់ចាម",
        "PRO_NAME_EN": "Kampong Cham",
        "DIS_CODE": "0314",
        "DIS_NAME_KH": "ស្រីសន្ធរ",
        "DIS_NAME_EN": "Srei Santhor",
        "OD_CODE": "0309",
        "OD_NAME_KH": "ស្រីសន្ធរ",
        "OD_NAME_EN": "Srey Santhor",
        "COM_CODE": "031405",
        "COM_NAME_KH": "មានជ័យ",
        "COM__NAME_EN": "Mean Chey",
        "VIL_CODE": "03140501",
        "VIL_NAME_KH": "វាល",
        "VIL__NAME_EN": "Veal",
        "OWNERSHIP": "DPHI (GPS)",
        "ACRONYM": "HC",
        "HF_TYPE_EN": "Health Center",
        "HF_TYPE_KH": "មណ្ឌលសុខភាព",
        "HF_LEVEL": "",
        "HF_HEAD": "អ៊ូ គីមហ័ង",
        "CONTACT_NO": "855 12637593",
        "CONTACT_EMAIL": "None",
        "START_DATE": "01/01/2006",
        "GOOGLE_MAP_LINK": "https://maps.app.goo.gl/78E9HjZs3Gpe9Eo89",
        "STATUS": "Operational"
      }
    },
    {
      "type": "Feature",
      "geometry": {
        "type": "Point",
        "coordinates": [
          105.0841445,
          11.79462166
        ]
      },
      "properties": {
        "HF_ID": "",
        "HF_CODE": "030909",
        "NAME_KH": "HC ស្វាយពោធិ",
        "NAME_EN": "HC Svay Pou ",
        "PRO_CODE": "03",
        "PRO_NAME_KH": "កំពង់ចាម",
        "PRO_NAME_EN": "Kampong Cham",
        "DIS_CODE": "0314",
        "DIS_NAME_KH": "ស្រីសន្ធរ",
        "DIS_NAME_EN": "Srei Santhor",
        "OD_CODE": "0309",
        "OD_NAME_KH": "ស្រីសន្ធរ",
        "OD_NAME_EN": "Srey Santhor",
        "COM_CODE": "031412",
        "COM_NAME_KH": "ស្វាយពោធិ",
        "COM__NAME_EN": "Svay Pou",
        "VIL_CODE": "03141201",
        "VIL_NAME_KH": "ពោធិ៍",
        "VIL__NAME_EN": "Pou",
        "OWNERSHIP": "DPHI (GPS)",
        "ACRONYM": "HC",
        "HF_TYPE_EN": "Health Center",
        "HF_TYPE_KH": "មណ្ឌលសុខភាព",
        "HF_LEVEL": "",
        "HF_HEAD": "ស្រុង ដាវី",
        "CONTACT_NO": "855 12385548",
        "CONTACT_EMAIL": "None",
        "START_DATE": "01/01/2006",
        "GOOGLE_MAP_LINK": "https://maps.app.goo.gl/d7RoC5yC24jEZ2hr6",
        "STATUS": "Operational"
      }
    },
    {
      "type": "Feature",
      "geometry": {
        "type": "Point",
        "coordinates": [
          105.1550641,
          11.79379688
        ]
      },
      "properties": {
        "HF_ID": "",
        "HF_CODE": "030910",
        "NAME_KH": "HC ប្រាំយ៉ាម",
        "NAME_EN": "HC Pram Yam ",
        "PRO_CODE": "03",
        "PRO_NAME_KH": "កំពង់ចាម",
        "PRO_NAME_EN": "Kampong Cham",
        "DIS_CODE": "0314",
        "DIS_NAME_KH": "ស្រីសន្ធរ",
        "DIS_NAME_EN": "Srei Santhor",
        "OD_CODE": "0309",
        "OD_NAME_KH": "ស្រីសន្ធរ",
        "OD_NAME_EN": "Srey Santhor",
        "COM_CODE": "031407",
        "COM_NAME_KH": "ប្រាំយ៉ាម",
        "COM__NAME_EN": "Pram Yam",
        "VIL_CODE": "03140701",
        "VIL_NAME_KH": "ប្រាំយ៉ាម",
        "VIL__NAME_EN": "Pram Yam",
        "OWNERSHIP": "DPHI (GPS)",
        "ACRONYM": "HC",
        "HF_TYPE_EN": "Health Center",
        "HF_TYPE_KH": "មណ្ឌលសុខភាព",
        "HF_LEVEL": "",
        "HF_HEAD": "កង ណារ៉េត",
        "CONTACT_NO": "855 89559058",
        "CONTACT_EMAIL": "None",
        "START_DATE": "01/01/2006",
        "GOOGLE_MAP_LINK": "https://maps.app.goo.gl/o9QkShVtSKZN8zYQ7",
        "STATUS": "Operational"
      }
    }
  ]
}
